CASE_ID,ACCIDENT_YEAR,PROC_DATE,JURIS,COLLISION_DATE,COLLISION_TIME,OFFICER_ID,REPORTING_DISTRICT,DAY_OF_WEEK,CHP_SHIFT,POPULATION,CNTY_CITY_LOC,SPECIAL_COND,BEAT_TYPE,CHP_BEAT_TYPE,CITY_DIVISION_LAPD,CHP_BEAT_CLASS,BEAT_NUMBER,PRIMARY_RD,SECONDARY_RD,DISTANCE,DIRECTION,INTERSECTION,WEATHER_1,WEATHER_2,STATE_HWY_IND,CALTRANS_COUNTY,CALTRANS_DISTRICT,STATE_ROUTE,ROUTE_SUFFIX,POSTMILE_PREFIX,POSTMILE,LOCATION_TYPE,RAMP_INTERSECTION,SIDE_OF_HWY,TOW_AWAY,COLLISION_SEVERITY,NUMBER_KILLED,NUMBER_INJURED,PARTY_COUNT,PRIMARY_COLL_FACTOR,PCF_CODE_OF_VIOL,PCF_VIOL_CATEGORY,PCF_VIOLATION,PCF_VIOL_SUBSECTION,HIT_AND_RUN,TYPE_OF_COLLISION,MVIW,PED_ACTION,ROAD_SURFACE,ROAD_COND_1,ROAD_COND_2,LIGHTING,CONTROL_DEVICE,CHP_ROAD_TYPE,PEDESTRIAN_ACCIDENT,BICYCLE_ACCIDENT,MOTORCYCLE_ACCIDENT,TRUCK_ACCIDENT,NOT_PRIVATE_PROPERTY,ALCOHOL_INVOLVED,STWD_VEHTYPE_AT_FAULT,CHP_VEHTYPE_AT_FAULT,COUNT_SEVERE_INJ,COUNT_VISIBLE_INJ,COUNT_COMPLAINT_PAIN,COUNT_PED_KILLED,COUNT_PED_INJURED,COUNT_BICYCLIST_KILLED,COUNT_BICYCLIST_INJURED,COUNT_MC_KILLED,COUNT_MC_INJURED,PRIMARY_RAMP,SECONDARY_RAMP,LATITUDE,LONGITUDE,COUNTY,CITY,POINT_X,POINT_Y
6290182,2014,2014-07-21,9625,2014-01-20,2500,18978,,1,4,9,1300,0,1,3,,1,021,"RT 111","BAUGHMAN RD",300.00,S,N,A,-,Y,IMP,11,111,-,-,26.430,H,-,N,Y,1,1,0,1,A,-,08,22107,,N,E,I,A,A,H,-,D,D,0,,,,,Y,,A,01,0,0,0,0,0,0,0,0,0,"- ","- ",33.029600000000002,-115.52686,IMPERIAL,UNINCORPORATED,-115.52691233,33.040991470000002
9256425,2021,2023-06-21,1301,2021-06-10,1828,708,BRAWL,4,5,3,1301,0,0,0,,0,0B1,"N 1ST ST","C ST",0.00,,Y,A,-,N,,,,,,,,,,Y,1,1,2,3,A,-,03,22350,,N,D,C,A,A,B,-,A,A,0,,,,,Y,Y,A,07,0,0,2,0,0,0,0,0,0,"- ","- ",,,IMPERIAL,BRAWLEY,-115.54164886474609,32.981967926025391
91226815,2020,2020-04-17,9625,2020-04-11,0925,016248,,6,1,9,1300,0,2,4,,2,047,"FORRESTER ROAD","WIENERT ROAD",3402.00,S,N,A,-,N,,,,,,,,,,Y,2,0,1,1,A,-,08,22107,,N,E,I,A,A,H,-,A,D,0,,,,,Y,,D,22,1,0,0,0,0,0,0,0,0,"- ","- ",32.859798431396484,-115.62084197998047,IMPERIAL,UNINCORPORATED,-115.62080383300781,32.859901428222656
91932600,2022,2022-12-02,9625,2022-11-21,1216,018468,,1,1,9,1300,0,2,4,,2,046,"DOGWOOD ROAD","HUSTON ROAD",561.00,N,N,A,-,N,,,,,,,,,,Y,2,0,2,1,A,-,08,22107,,N,E,I,A,A,H,-,A,D,0,,,,,Y,,A,07,1,0,1,0,0,0,0,0,0,"- ","- ",32.841621398925781,-115.53568267822266,IMPERIAL,UNINCORPORATED,-115.53572082519531,32.841583251953125
6652140,2014,2016-05-20,9625,2014-09-26,1510,013781,,5,2,9,1300,0,1,1,,2,002,"RT 8","MOUNTAIN SPRINGS RD",2636.00,E,N,A,G,Y,IMP,11,8,-,R,3.570,H,-,W,Y,2,0,1,1,C,-,18,,,N,E,I,A,A,H,-,A,D,1,,,Y,,Y,,-,"- ",1,0,0,0,0,0,0,0,1,"- ","- ",32.683149999999998,-116.09124,IMPERIAL,UNINCORPORATED,-116.09168117999999,32.682117099999999
6854152,2015,2015-04-06,9625,2015-01-21,0605,15990,,3,1,9,1300,0,3,5,,2,020,"RT 78","HOVLEY RD",0.00,,Y,A,-,Y,IMP,11,78,-,R,11.832,I,5,W,Y,1,1,1,2,A,-,09,21803,A,N,D,C,A,A,H,-,B,A,0,,,,Y,Y,,D,22,0,1,0,0,0,0,0,0,0,"- ","- ",33.002099999999999,-115.54405,IMPERIAL,UNINCORPORATED,-115.54412924,33.002052980000002
90704947,2017,2018-04-13,9625,2017-12-27,2110,018279,,3,2,9,1300,0,1,3,,1,012,"STATE ROUTE 86 (N/B)","AIR PARK DRIVE",22704.00,S,N,A,-,Y,,,86,,,,,,,Y,1,1,1,2,A,-,11,21956,A,N,G,B,E,A,H,-,D,D,0,Y,,,,Y,,N,60,0,0,1,1,0,0,0,0,0,"- ","- ",33.196890000000003,-115.9091,IMPERIAL,UNINCORPORATED,-115.90918077000001,33.196854960000003
8974459,2019,2020-05-20,1304,2019-09-26,0946,357,,4,5,4,1304,0,0,0,,0,EAST,"4TH ST","AURORA DR",160.00,N,N,A,-,Y,IMP,11,86,-,-,6.360,H,-,N,Y,2,0,2,2,A,-,09,21801,A,N,D,C,A,A,H,-,A,D,0,,,Y,,Y,,A,01,1,0,1,0,0,0,0,0,1,"- ","- ",,,IMPERIAL,"EL CENTRO",-115.55237579345703,32.778961181640625
92007095,2023,2023-03-01,9625,2023-02-18,1149,018617,,6,1,9,1300,0,1,1,,2,002,"INTERSTATE 8 (W/B)","MYER CREEK BRIDGE 58-297L",81.00,W,N,A,-,Y,IMP,,8," ",R,9.167,H,,L,Y,2,0,1,1,A,-,08,22107,,N,E,J,A,A,H,-,A,D,0,,,,,Y,,A,01,1,0,0,0,0,0,0,0,0,"- ","- ",32.724861145019531,-116.03987884521484,IMPERIAL,UNINCORPORATED,-116.03987121582031,32.724952697753906
9656802,2023,2024-01-26,1301,2023-11-13,1752,913,BRAWL,1,5,3,1301,0,0,0,,0,0B1,"NORTH IMPERIAL AV","D ST",0.00,,Y,A,-,N,,,,,,,,,,N,2,0,1,2,A,-,10,21950,A,N,G,B,B,A,H,-,C,A,0,Y,,,,Y,,-,"- ",1,0,0,0,1,0,0,0,0,"- ","- ",,,IMPERIAL,BRAWLEY,-115.53498077392578,32.980869293212891
90247338,2016,2016-08-18,9625,2016-08-07,0245,019225,,7,3,9,1300,0,1,1,,2,001,"INTERSTATE 8 (EASTBOUND)",SR-98,10032.00,W,N,A,-,Y,,,8,,,,,,,Y,2,0,1,2,A,-,03,22350,,F,C,C,A,A,H,-,D,D,0,,,,,Y,Y,D,22,1,0,0,0,0,0,0,0,0,"- ","- ",32.718200000000003,-116.04964,IMPERIAL,UNINCORPORATED,-116.04960388000001,32.718160439999998
91682619,2022,2022-01-21,9625,2022-01-14,0418,020738,,5,3,9,1300,0,1,1,,2,002,"I-8 W/B","WEST SR-98",23760.00,W,N,B,-,Y,IMP,,8,,R,5.768,H,,L,Y,2,0,1,2,A,-,21,22106,,N,F,A,A,A,H,-,D,D,0,,,,Y,Y,,F,26,1,0,0,0,0,0,0,0,0,"- ","- ",32.704280853271484,-116.06965637207031,IMPERIAL,UNINCORPORATED,-116.06964874267578,32.704265594482422
8910963,2019,2021-06-02,1301,2019-11-08,1724,903,BRAWL,5,5,3,1301,0,0,0,,0,002,"RT 86","S WESTERN",601.00,N,N,A,-,Y,IMP,11,86,-,-,20.180,H,-,N,N,1,1,0,2,A,-,11,21950,B,N,G,B,D,A,H,-,C,D,0,Y,,,,Y,,N,60,0,0,0,1,0,0,0,0,0,"- ","- ",,,IMPERIAL,BRAWLEY,-115.54241943359375,32.972366333007812
90285447,2016,2016-10-06,9625,2016-09-24,0815,015990,,6,1,9,1300,0,3,5,,2,020,"DIETRICH ROAD","SHANK ROAD",2191.00,S,N,A,-,N,,,,,,,,,,Y,2,0,2,1,A,-,08,22107,,N,E,I,A,A,H,-,A,D,0,,,,,Y,,D,22,1,0,1,0,0,0,0,0,0,"- ","- ",32.994799999999998,-115.47472,IMPERIAL,UNINCORPORATED,-115.48334,33.001040000000003
90399022,2017,2017-02-23,9620,2017-02-13,1845,013020,,1,2,9,1300,0,1,3,,1,062,"SR-186 (N/B)",ENTRY,1056.00,N,N,A,-,Y,,,186,,,,,,,Y,1,1,0,2,A,-,11,21954,A,N,G,B,D,A,H,-,D,D,0,Y,,,,Y,Y,N,60,0,0,0,1,0,0,0,0,0,"- ","- ",32.724879999999999,-114.72268,IMPERIAL,UNINCORPORATED,-114.72270150999999,32.724897050000003
90594853,2017,2017-11-15,9625,2017-11-11,2250,018773,,6,3,9,1300,0,3,5,,2,040,"ALLEY BETWEEN RIO VISTA ST. & ALAMO RD.","SAN DIEGO AVENUE",34.00,W,N,A,-,N,,,,,,,,,,Y,2,0,1,1,A,-,01,23152,A,N,F,A,A,A,A,-,D,D,0,,,Y,,Y,Y,C,06,1,0,0,0,0,0,0,0,1,"- ","- ",32.794969999999999,-115.69287,IMPERIAL,UNINCORPORATED,,
91454596,2021,2021-04-20,9625,2021-02-12,2028,018930,,5,2,9,1300,0,3,5,,2,040,"CLARK ROAD",SR-98,225.00,N,N,A,-,N,,,,,,,,,,N,2,0,1,2,A,-,11,21954,A,F,G,B,E,A,H,-,D,D,0,Y,,,,Y,,N,60,1,0,0,0,1,0,0,0,0,"- ","- ",32.680698394775391,-115.55979919433594,IMPERIAL,UNINCORPORATED,-115.55973052978516,32.679943084716797
90023935,2015,2015-10-19,9620,2015-09-23,1118,014803,,3,1,9,1300,0,1,1,,2,081,"INTERSATE 8 E/B","GORDONS WELL",8448.00,E,N,A,-,Y,,,,,,,,,,Y,2,0,3,1,A,-,08,22107,,N,F,A,A,A,H,-,A,D,0,,,,,Y,,A,01,3,0,0,0,0,0,0,0,0,"- ","- ",33.711779999999997,-114.92619999999999,IMPERIAL,UNINCORPORATED,,
90510213,2017,2017-07-27,9625,2017-06-17,1140,013781,,6,1,9,1300,0,3,5,,2,040,"MCCABE ROAD","LA BRUCHERIE ROAD",660.00,W,N,A,-,N,,,,,,,,,,N,1,1,0,1,B,-,22,,,N,E,I,A,A,H,-,A,D,0,,,,,Y,,M,46,0,0,0,0,0,0,0,0,0,"- ","- ",32.752389999999998,-115.57997,IMPERIAL,UNINCORPORATED,-115.57990372,32.752377109999998
91734859,2022,2022-03-28,9625,2022-02-06,0001,021107,,7,3,9,1300,0,1,3,,1,012,"SR-86 S/B","NORM NIVER ROAD",0.00,,Y,A,-,Y,IMP,,86,,,62.383,H,,L,Y,1,1,6,2,A,-,09,21803,A,N,D,C,A,A,H,-,C,A,0,,,,,Y,,A,07,5,1,0,0,0,0,0,0,0,"- ","- ",33.357448577880859,-116.01876831054688,IMPERIAL,UNINCORPORATED,-116.01884460449219,33.357433319091797
94527596,2024,2025-01-07,9620,2024-12-29,1859,018535,,7,2,9,1300,0,1,1,,2,081,"EVAN HEWES HWY","GORDONS WELL RD",4752.00,W,N,A,-,N,,,,,,,,,,N,2,0,1,1,A,-,16,24002,A,N,H,A,A,A,H,-,C,D,0,,,,,Y,,-,"- ",1,0,0,0,0,0,0,0,0,"- ","- ",32.708881378173828,-114.97110748291016,IMPERIAL,UNINCORPORATED,-114.97235870361328,32.708911895751953
8924032,2018,2019-09-17,1302,2018-10-31,1938,561,1302,3,5,4,1302,0,0,0,,0,CX4,"RT 98","BOWKER RD",0.00,,Y,A,-,Y,IMP,11,98,-,-,3.446,I,5,W,Y,2,0,4,2,A,-,08,22107,,N,A,C,A,A,H,-,D,D,0,,,,,Y,,A,01,1,0,3,0,0,0,0,0,0,"- ","- ",,,IMPERIAL,CALEXICO,-115.96308898925781,32.721553802490234
91251863,2020,2020-06-15,9625,2020-06-04,2235,019667,,4,3,9,1300,0,1,1,,2,002,"INTERSTATE 8 W/B","MOUNTAIN SPRINGS ROAD",1382.00,W,N,G,-,Y,,,8,,,,,,W,Y,2,0,1,1,A,-,08,22107,,N,F,A,A,A,H,-,D,D,0,,,,,Y,,A,01,1,0,0,0,0,0,0,0,0,"- ","- ",32.678718566894531,-116.10031127929688,IMPERIAL,UNINCORPORATED,-116.10031127929688,32.678508758544922
91644992,2021,2021-12-07,9625,2021-11-27,1635,018792,,6,2,9,1300,0,1,3,,2,013,SR-78,"COUNTY LINE ROAD",4097.00,E,N,A,-,Y,,,78,,,,,,,Y,2,0,3,1,A,-,08,22107,,N,F,A,A,A,H,-,B,D,0,,,,,Y,Y,A,07,1,2,0,0,0,0,0,0,0,"- ","- ",33.128688812255859,-116.06826019287109,IMPERIAL,UNINCORPORATED,-116.06824493408203,33.128749847412109
6558616,2014,2016-04-09,9625,2014-06-30,1030,018207,,1,1,9,1300,0,1,1,,2,002,"RT 8","RT 98",528.00,W,N,A,-,Y,IMP,11,8,-,R,10.240,H,-,W,Y,2,0,2,1,A,-,08,22107,,N,F,A,A,A,H,-,A,D,1,,,Y,,Y,,C,02,1,1,0,0,0,0,0,0,2,"- ","- ",32.727359999999997,-116.02204,IMPERIAL,UNINCORPORATED,-116.02098893,32.727397850000003
90122260,2016,2016-02-23,9625,2016-02-06,1157,013627,,6,1,9,1300,0,2,4,,2,046,"DOGWOOD ROAD","WILLOUGHBY ROAD",622.00,S,N,A,-,N,,,,,,,,,,Y,1,1,1,1,A,-,08,22107,,N,E,I,A,A,H,-,A,D,0,,,,,Y,,A,01,1,0,0,0,0,0,0,0,0,"- ","- ",32.706740000000003,-115.53404999999999,IMPERIAL,UNINCORPORATED,-115.53407484,32.70675009
90186418,2016,2016-05-24,9625,2016-05-17,0800,018930,,2,1,9,1300,0,1,3,,1,044,"SR-86 N/B","KEYSTONE ROAD",4224.00,S,N,A,-,Y,,,86,,,,,,N,Y,2,0,4,1,A,-,08,22107,,N,F,I,A,A,H,-,A,D,0,,,,,Y,,A,01,1,1,2,0,0,0,0,0,0,"- ","- ",32.904049999999998,-115.56986999999999,IMPERIAL,UNINCORPORATED,-115.57007193,32.904049999999998
91214904,2020,2020-03-24,9620,2020-03-19,1020,017837,,4,1,9,1300,0,2,4,,2,076,"SENATOR WASH RD","IID CANAL ACCESS RD",0.00,,Y,A,-,N,,,,,,,,,,Y,2,0,2,2,A,-,09,21804,A,N,D,C,A,A,H,-,A,D,0,,,,,Y,,D,22,1,1,0,0,0,0,0,0,0,"- ","- ",32.872501373291016,-114.47480010986328,IMPERIAL,UNINCORPORATED,,
91519339,2021,2021-07-13,9625,2021-07-03,0325,020738,,6,3,9,1300,0,1,1,,2,006,"I-8 EASTBOUND","HOLDRIDGE ROAD",5491.00,E,N,A,-,Y,,,8,,,,,,E,N,2,0,1,2,A,-,11,21956,A,N,G,B,E,A,H,-,D,D,0,Y,,,,Y,,N,60,1,0,0,0,1,0,0,0,0,"- ","- ",32.76190185546875,-115.25376892089844,IMPERIAL,UNINCORPORATED,-115.25382995605469,32.761619567871094
94542965,2025,2025-01-20,9625,2025-01-06,1553,020516,,1,2,9,1300,0,2,4,,2,046,"DOGWOOD ROAD","CORRELL ROAD",0.00,,Y,A,-,N,,,,,,,,,,Y,2,0,6,4,A,-,12,21453,A,N,D,C,A,A,H,-,A,A,0,,,,,Y,,D,22,1,5,0,0,0,0,0,0,0,"- ","- ",32.737918853759766,-115.53468322753906,IMPERIAL,UNINCORPORATED,-115.53459167480469,32.737922668457031
94631524,2025,2025-03-31,9625,2025-03-27,1800,018933,,4,2,9,1300,0,3,5,,2,020,"IMPERIAL SAND DUNES RECREATIONAL AREA","TED KIPF ROAD",4752.00,W,N,A,-,N,,,,,,,,,,Y,2,0,2,1,A,-,03,38305,,N,F,A,A,A,H,-,A,D,0,,,Y,,Y,,C,06,1,1,0,0,0,0,0,0,2,"- ","- ",32.984500885009766,-115.07682800292969,IMPERIAL,UNINCORPORATED,,
8506510,2017,2018-06-08,1304,2017-11-17,1848,337,EEAST,5,5,4,1304,0,0,0,,0,EAST,"EVAN HEWES",EARLS,0.00,,Y,A,-,N,,,,,,,,,,Y,2,0,1,2,A,-,03,22350,,N,D,C,A,A,H,-,C,-,0,,,,,Y,,-,,1,0,0,0,0,0,0,0,0,"- ","- ",,,IMPERIAL,"EL CENTRO",-115.52697007,32.792950009999998
90770697,2018,2018-07-17,9625,2018-07-04,1455,017432,,3,2,9,1300,0,1,3,,1,051,"STATE ROUTE 7","STATE ROUTE 7 EXPRESSWAY",0.00,,Y,A,-,Y,,,7,,,,,,,Y,2,0,1,2,A,-,09,21802,A,N,D,C,A,A,H,-,A,A,0,,,Y,,Y,,A,01,1,0,0,0,0,0,0,0,1,"- ","- ",32.683128356933594,-115.38622283935547,IMPERIAL,UNINCORPORATED,-115.38622283935547,32.683124542236328
91098791,2019,2019-10-16,9625,2019-10-05,1527,018464,,6,2,9,1300,0,1,3,,2,052,SR-98,"HOLDRIDGE ROAD",4224.00,W,N,A,-,Y,,,98,,,,,,,Y,2,0,5,1,A,-,08,22107,,N,F,A,A,A,H,-,A,D,0,,,,,Y,,D,22,2,1,2,0,0,0,0,0,0,"- ","- ",32.694931030273438,-115.28890991210938,IMPERIAL,UNINCORPORATED,-115.28887176513672,32.694866180419922
9384641,2021,2021-12-28,1301,2021-10-28,0726,904,BRAWL,4,5,3,1301,0,0,0,,0,001,"NORTH WESTERN AV","A ST",0.00,,Y,A,-,N,,,,,,,,,,N,2,0,1,2,A,-,10,21950,A,N,G,B,B,A,H,-,A,A,0,Y,,,,Y,,A,07,1,0,0,0,1,0,0,0,0,"- ","- ",,,IMPERIAL,BRAWLEY,-115.54364013671875,32.984153747558594
90311911,2016,2016-11-04,9625,2016-09-30,1500,018368,,5,2,9,1300,0,3,5,,2,040,"KEYSTONE ROAD","AUSTIN ROAD",0.00,,Y,A,-,N,,,,,,,,,,Y,1,1,3,2,A,-,12,22450,A,N,D,C,A,A,H,-,A,A,0,,,,,Y,,A,08,0,0,3,0,0,0,0,0,0,"- ","- ",32.912660000000002,-115.59491,IMPERIAL,UNINCORPORATED,-115.59491011,32.912550080000003
6291269,2014,2016-01-14,9625,2014-08-06,1630,18978,,3,2,9,1300,0,1,1,,2,001,"RT 8","RT 98",8291.00,W,N,A,-,Y,IMP,11,8,-,R,10.820,H,-,E,Y,1,1,0,1,A,-,08,22107,,N,F,A,A,A,H,-,A,D,1,,,,,Y,,A,01,0,0,0,0,0,0,0,0,0,"- ","- ",32.719940000000001,-116.04756999999999,IMPERIAL,UNINCORPORATED,-116.01183935,32.73069125
9312380,2021,2021-09-16,1304,2021-07-28,1920,368,E1,3,5,4,1304,0,0,0,,0,WEST,"IMPERIAL AV","EUCLID AV",0.00,,Y,A,-,Y,IMP,11,86,-,-,7.430,I,5,N,Y,2,0,1,2,A,-,12,21453,A,N,D,C,A,A,H,-,A,A,0,,,,,Y,,-,,1,0,0,0,0,0,0,0,0,"- ","- ",32.798408508300781,-115.56984710693359,IMPERIAL,"EL CENTRO",-115.56996154785156,32.798397064208984
90939496,2019,2019-03-05,9620,2019-02-25,1657,017051,,1,2,9,1300,0,1,1,,2,081,"I-8 W/B","S-34 (OGILBY RD)",5280.00,W,N,A,-,Y,,,8,,,,,,W,Y,2,0,1,1,A,-,08,22107,,N,E,I,A,A,H,-,A,D,0,,,,,Y,,A,01,1,0,0,0,0,0,0,0,0,"- ","- ",32.757301330566406,-114.85472869873047,IMPERIAL,UNINCORPORATED,-114.85469818115234,32.757217407226562
91783532,2022,2022-05-27,9625,2022-05-01,1200,017075,,7,1,9,1300,0,1,3,,2,024,"STATE ROUTE 78","WHITLOCK ROAD",254.00,E,N,A,-,Y,IMP,,78,,,27.582,H,,R,Y,1,1,0,1,A,-,08,22107,,N,F,A,A,A,H,-,A,D,0,,,Y,,Y,,C,02,0,0,0,0,0,0,0,1,0,"- ","- ",32.974781036376953,-115.29532623291016,IMPERIAL,UNINCORPORATED,-115.29533386230469,32.974750518798828
90410118,2017,2017-04-11,9620,2017-03-07,1508,017466,,2,2,9,1300,0,1,1,,2,082,"I-8 E/B",SR-186,2112.00,W,N,A,-,Y,,,8,,,,,,E,Y,2,0,2,4,A,-,03,22350,,N,C,C,A,A,D,-,A,A,0,,,,Y,Y,,G,25,2,0,0,0,0,0,0,0,0,"- ","- ",32.744300000000003,-114.72817000000001,IMPERIAL,UNINCORPORATED,-114.72817200999999,32.744284159999999
90506914,2017,2017-08-08,9620,2017-07-07,2130,017837,,5,2,9,1300,0,1,1,,2,082,"I-8 E/B",SR-186,1811.00,E,N,A,-,Y,,,8,,,,,,E,N,1,1,0,2,A,-,00,21960,,N,G,B,E,A,D,-,D,A,0,Y,,,Y,Y,Y,N,60,0,0,0,1,0,0,0,0,0,"- ","- ",32.742800000000003,-114.71420000000001,IMPERIAL,UNINCORPORATED,-114.71420307,32.742850799999999
91719158,2022,2022-03-09,9625,2022-03-01,0010,021232,,2,3,9,1300,0,1,1,,2,003,"INTERSTATE 8 W/B","DUNAWAY ROAD",5280.00,E,N,A,-,Y,,,,,,,,,,Y,2,0,1,1,A,-,08,22107,,N,F,A,A,A,H,-,D,D,0,,,,,Y,,A,01,1,0,0,0,0,0,0,0,0,"- ","- ",32.772369384765625,-115.77992248535156,IMPERIAL,UNINCORPORATED,-115.78000640869141,32.773120880126953
91961253,2022,2023-01-05,9625,2022-12-02,0420,020516,,5,3,9,1300,0,1,3,,1,042,"STATE ROUTE 98","PULLIAM ROAD",715.00,W,N,B,-,Y,IMP,,98,,,22.950,H,,R,Y,1,1,3,1,A,-,08,22107,,N,E,I,A,A,H,-,D,D,0,,,,,Y,,A,07,3,0,0,0,0,0,0,0,0,"- ","- ",32.679470062255859,-115.65860748291016,IMPERIAL,UNINCORPORATED,-115.65860748291016,32.679454803466797
84757379,2025,2025-07-10,1301,2025-02-24,1759,912,,1,5,3,1301,0,0,0,,0,001,"MAIN ST","WESTERN AVE",76.00,W,-,A,-,N,,,,,,,,,,N,2,0,1,2,A,-,11,21954,A,N,G,B,D,A,H,-,C,A,0,Y,,,,Y,,N,60,1,0,0,0,1,0,0,0,0,"- ","- ",,,IMPERIAL,BRAWLEY,-115.54390716552734,32.978630065917969
90100531,2016,2016-01-22,9620,2016-01-15,1020,015941,,5,1,9,1300,0,2,4,,1,061,"OGILBY ROAD","WALKER WAY",11616.00,N,N,A,-,N,,,,,,,,,,Y,2,0,1,1,A,-,08,22107,,N,F,A,A,A,H,-,A,D,0,,,,,Y,,A,01,1,0,0,0,0,0,0,0,0,"- ","- ",32.976999999999997,-114.89558,IMPERIAL,UNINCORPORATED,-114.89559255,32.976406580000003
90221215,2016,2016-07-12,9625,2016-07-03,2025,020516,,7,2,9,1300,0,3,5,,2,040,"DREW ROAD","W. GRAHAM ROAD",528.00,S,N,A,-,N,,,,,,,,,,Y,2,0,1,1,A,-,01,23152,A,N,F,A,A,A,H,-,D,D,0,,,,,Y,Y,D,22,1,0,0,0,0,0,0,0,0,"- ","- ",32.734960000000001,-115.68941,IMPERIAL,UNINCORPORATED,-115.69018421,32.73656707
91788141,2022,2022-06-03,9625,2022-03-19,2136,018978,,6,2,9,1300,0,1,1,,2,003,"INTERSTATE 8 (E/B)","IMPERIAL HIGHWAY",26412.00,E,N,A,G,Y,IMP,,8,,R,16.935,H,,R,Y,1,1,0,2,A,-,03,22350,,N,C,C,A,A,H,-,D,D,0,,,,Y,Y,,A,01,0,0,0,0,0,0,0,0,0,"- ","- ",32.749900817871094,-115.91049957275391,IMPERIAL,UNINCORPORATED,-115.91050720214844,32.749923706054688
94428520,2024,2024-10-11,9625,2024-09-19,"819 ",018773,,4,1,9,1300,0,1,3,,1,051,"STATE ROUTE 7 (S/B)",SR-98,120.00,S,N,A,-,Y,IMP,,7," "," ",1.153,H,,R,Y,2,0,1,2,D,-,00,,,N,C,C,A,A,H,-,A,A,0,,,Y,,Y,,-,"- ",1,0,0,0,0,0,0,0,1,"- ","- ",32.693271636962891,-115.37914276123047,IMPERIAL,UNINCORPORATED,-115.37888336181641,32.693271636962891
94707777,2025,2025-06-02,9625,2025-05-23,1937,019582,,5,2,9,1300,0,1,3,,2,052,SR-98,"BARBARA WORTH ROAD",0.00,,Y,A,-,Y,IMP,,98," "," ",36.631,H,,R,Y,2,0,2,2,A,-,12,22450,A,N,D,C,A,A,H,-,C,A,0,,,,,Y,,A,01,1,1,0,0,0,0,0,0,0,"- ","- ",32.693820953369141,-115.43096923828125,IMPERIAL,UNINCORPORATED,-115.43096923828125,32.693866729736328
6606125,2014,2014-09-25,9625,2014-05-14,2150,18933,,3,2,9,1300,0,1,3,,1,054,"RT 111","WORTHINGTON RD",2957.00,S,N,A,-,Y,IMP,11,111,-,M,12.320,H,-,S,N,1,1,0,2,A,-,08,22107,,N,G,B,E,A,B,-,D,D,0,Y,,,,Y,,A,01,0,0,0,1,0,0,0,0,0,"- ","- ",32.838740000000001,-115.50288999999999,IMPERIAL,UNINCORPORATED,-115.50343352,32.840216939999998
90557592,2017,2017-09-28,9625,2017-09-17,0203,018930,,7,3,9,1300,0,1,1,,2,003,"I-8 E/B FROM IMPERIAL AVE. S/B","IMPERIAL AVENUE O/C",110.00,E,N,A,-,Y,,,,,,,,,,Y,2,0,1,1,A,-,08,22107,,N,E,I,A,A,H,-,D,D,0,,,,,Y,,A,01,1,0,0,0,0,0,0,0,0,"- ","- ",32.772860000000001,-115.56675,IMPERIAL,UNINCORPORATED,-115.56900414,32.773798999999997
91017769,2019,2019-07-26,9625,2019-06-18,0630,018279,,2,1,9,1300,0,1,1,,2,003,"I-8, E/B","DOGWOOD ROAD",2376.00,W,N,A,-,Y,,,,,,,,,,Y,1,1,0,1,A,-,08,22107,,N,F,A,A,A,H,-,A,D,0,,,,,Y,,A,01,0,0,0,0,0,0,0,0,0,"- ","- ",32.773609161376953,-115.54225921630859,IMPERIAL,UNINCORPORATED,-115.54290008544922,32.773689270019531
91392092,2020,2021-01-21,9625,2020-11-28,1345,018368,,6,1,9,1300,0,1,1,,2,001,"I-8 E/B","MOUNTAIN SPRINGS ROAD",3861.00,W,N,A,-,Y,,,8,,,,,,E,Y,1,1,1,1,A,-,08,22107,,N,E,I,A,A,H,-,A,D,0,,,,,Y,,A,01,1,0,0,0,0,0,0,0,0,"- ","- ",32.668930053710938,-116.10572052001953,IMPERIAL,UNINCORPORATED,-116.10559844970703,32.668907165527344
90141154,2016,2016-03-22,9620,2016-03-13,1415,018290,,7,2,9,1300,0,1,3,,1,063,"SR-78 E/B","MILPITAS WASH RD",1584.00,W,N,A,-,Y,,,78,,,,,,E,Y,2,0,5,1,A,-,08,22107,,N,F,A,A,A,H,-,A,D,0,,,,,Y,,A,07,1,3,1,0,0,0,0,0,0,"- ","- ",33.279780000000002,-114.78342000000001,IMPERIAL,UNINCORPORATED,-114.78349802,33.279882530000002
91682430,2021,2022-01-21,9625,2021-10-29,2154,021107,,5,2,9,1300,0,1,3,,2,024,"STATE ROUTE 78","WHITLOCK ROAD",3590.00,E,N,A,-,Y,,,78,,,,,,,Y,1,1,4,2,A,-,05,21650,,N,A,C,A,A,H,-,D,D,0,,,,,Y,,A,08,4,0,0,0,0,0,0,0,0,"- ","- ",32.971099853515625,-115.28571319580078,IMPERIAL,UNINCORPORATED,-115.28572082519531,32.9710693359375