CASE_ID,ACCIDENT_YEAR,PROC_DATE,JURIS,COLLISION_DATE,COLLISION_TIME,OFFICER_ID,REPORTING_DISTRICT,DAY_OF_WEEK,CHP_SHIFT,POPULATION,CNTY_CITY_LOC,SPECIAL_COND,BEAT_TYPE,CHP_BEAT_TYPE,CITY_DIVISION_LAPD,CHP_BEAT_CLASS,BEAT_NUMBER,PRIMARY_RD,SECONDARY_RD,DISTANCE,DIRECTION,INTERSECTION,WEATHER_1,WEATHER_2,STATE_HWY_IND,CALTRANS_COUNTY,CALTRANS_DISTRICT,STATE_ROUTE,ROUTE_SUFFIX,POSTMILE_PREFIX,POSTMILE,LOCATION_TYPE,RAMP_INTERSECTION,SIDE_OF_HWY,TOW_AWAY,COLLISION_SEVERITY,NUMBER_KILLED,NUMBER_INJURED,PARTY_COUNT,PRIMARY_COLL_FACTOR,PCF_CODE_OF_VIOL,PCF_VIOL_CATEGORY,PCF_VIOLATION,PCF_VIOL_SUBSECTION,HIT_AND_RUN,TYPE_OF_COLLISION,MVIW,PED_ACTION,ROAD_SURFACE,ROAD_COND_1,ROAD_COND_2,LIGHTING,CONTROL_DEVICE,CHP_ROAD_TYPE,PEDESTRIAN_ACCIDENT,BICYCLE_ACCIDENT,MOTORCYCLE_ACCIDENT,TRUCK_ACCIDENT,NOT_PRIVATE_PROPERTY,ALCOHOL_INVOLVED,STWD_VEHTYPE_AT_FAULT,CHP_VEHTYPE_AT_FAULT,COUNT_SEVERE_INJ,COUNT_VISIBLE_INJ,COUNT_COMPLAINT_PAIN,COUNT_PED_KILLED,COUNT_PED_INJURED,COUNT_BICYCLIST_KILLED,COUNT_BICYCLIST_INJURED,COUNT_MC_KILLED,COUNT_MC_INJURED,PRIMARY_RAMP,SECONDARY_RAMP,LATITUDE,LONGITUDE,COUNTY,CITY,POINT_X,POINT_Y
92083765,2023,2023-06-01,9625,2023-03-26,2500,019667,,7,4,9,1300,0,3,5,,2,040,"CLARK ROAD","JASPER ROAD",150.00,N,N,A,-,N,,,,,,,,,,Y,1,1,0,1,A,-,01,23152,A,N,E,I,A,A,H,-,A,A,0,,,,,Y,Y,A,01,0,0,0,0,0,0,0,0,0,"- ","- ",32.709430694580078,-115.56006622314453,IMPERIAL,UNINCORPORATED,-115.56002807617188,32.709419250488281
91701450,2021,2022-02-15,9620,2021-11-26,1955,018247,,5,2,9,1300,0,1,1,,2,082,"I-8 W/B","OGILBY RD",11616.00,E,N,A,-,Y,,,8,,,,,,W,N,1,1,0,2,A,-,11,21954,A,F,G,B,D,A,H,-,D,D,0,Y,,,,Y,,N,60,0,0,0,1,0,0,0,0,0,"- ","- ",32.754600524902344,-114.79987335205078,IMPERIAL,UNINCORPORATED,-114.79987335205078,32.754581451416016
91978736,2023,2023-01-26,9625,2023-01-16,1240,017727,,1,1,9,1300,0,1,3,,1,012,"SR-86 (N/B)","AIR PARK ROAD",11616.00,S,N,A,-,Y,IMP,,86," "," ",51.672,H,,R,Y,2,0,1,1,A,-,08,22107,,N,F,A,A,A,H,-,A,D,0,,,,Y,Y,,F,27,1,0,0,0,0,0,0,0,0,"- ","- ",33.225681304931641,-115.92153167724609,IMPERIAL,UNINCORPORATED,-115.92156982421875,33.225662231445312
94400969,2024,2024-09-19,9625,2024-08-21,2044,018773,,3,2,9,1300,0,1,1,,2,001,"INTERSTATE 8 (EASTBOUND)","IN-KO-PAH PARK ROAD",7075.00,E,N,A,-,Y,IMP,,8," ",R,1.259,H,,R,Y,1,1,0,1,A,-,08,22107,,N,H,0,A,A,H,-,D,A,0,,,,,Y,,A,01,0,0,0,0,0,0,0,0,0,"- ","- ",32.6602783203125,-116.09909820556641,IMPERIAL,UNINCORPORATED,-116.09912872314453,32.660236358642578
90121515,2016,2016-02-23,9625,2016-02-14,1205,017011,,7,1,9,1300,0,1,3,,2,024,SR-78,"BUTTERS ROAD",9504.00,E,N,A,-,Y,,,78,,,,,,,Y,1,1,0,1,A,-,08,22107,,N,E,I,A,A,H,-,A,D,0,,,,,Y,,A,01,0,0,0,0,0,0,0,0,0,"- ","- ",32.974800000000002,-115.33874,IMPERIAL,UNINCORPORATED,-115.33873997000001,32.9747688
90811350,2018,2018-09-12,9625,2018-03-20,0600,017432,,2,1,9,1300,0,3,5,,2,040,"KEYSTONE ROAD","AUSTIN ROAD",522.00,W,N,A,-,N,,,,,,,,,,Y,1,2,3,1,A,-,08,22107,,N,F,A,A,A,H,-,D,D,0,,,,,Y,,A,07,0,0,3,0,0,0,0,0,0,"- ","- ",32.912929534912109,-115.59700775146484,IMPERIAL,UNINCORPORATED,-115.59659576416016,32.912689208984375
6429733,2014,2016-03-15,9625,2014-03-24,0742,018617,,1,1,9,1300,0,1,3,,1,054,"RT 111","SCHARTZ RD",2640.00,N,N,A,-,Y,IMP,11,111,-,R,19.910,H,-,N,Y,2,0,1,1,A,-,08,22107,,N,F,A,A,A,H,-,A,D,0,,,,,Y,,D,22,1,0,0,0,0,0,0,0,0,"- ","- ",32.949339999999999,-115.50885,IMPERIAL,UNINCORPORATED,-115.5091049,32.949353080000002
90473106,2017,2017-06-07,9625,2017-04-16,1602,018617,,7,2,9,1300,0,1,3,,1,044,"STATE ROUTE 86 NORTHBOUND","KEYSTONE ROAD",0.00,,Y,A,-,Y,,,86,,,,,,N,Y,1,1,0,2,A,-,12,21453,A,N,D,C,A,A,H,-,A,A,0,,,,,Y,,A,01,0,0,0,0,0,0,0,0,0,"- ","- ",32.912590000000002,-115.56998,IMPERIAL,UNINCORPORATED,-115.57006165,32.912582739999998
90886125,2018,2019-01-07,9625,2018-12-12,0538,019668,,3,3,9,1300,0,3,5,,2,050,"ROSS ROAD","BASS COVE ROAD",3590.00,W,N,A,-,N,,,,,,,,,,Y,2,0,1,1,A,-,01,23152,A,N,E,I,A,A,H,-,D,D,0,,,,,Y,Y,A,01,1,0,0,0,0,0,0,0,0,"- ","- ",32.781501770019531,-115.52361297607422,IMPERIAL,UNINCORPORATED,-115.52658081054688,32.781501770019531
91103548,2019,2019-10-23,9625,2019-10-13,0418,020516,,7,3,9,1300,0,1,3,,1,011,"S/B SR-86","ALLEN RD.",134.00,N,N,A,-,Y,,,86,,,,,,,Y,2,0,3,1,A,-,08,22107,,N,E,J,A,A,H,-,D,D,0,,,,,Y,,A,07,1,1,1,0,0,0,0,0,0,"- ","- ",33.103511810302734,-115.80077362060547,IMPERIAL,UNINCORPORATED,-115.80078125,33.103473663330078
5912203,2014,2014-03-11,9625,2014-02-02,0200,18930,,7,3,9,1300,0,1,1,,2,006,"RT 8","ANDERHOLT RD",1056.00,E,N,A,-,Y,IMP,11,8,-,R,46.240,H,-,W,Y,1,1,0,1,A,-,08,22107,,N,E,I,A,A,H,-,D,D,1,,,,,Y,,D,22,0,0,0,0,0,0,0,0,0,"- ","- ",32.772709999999996,-115.41070000000001,IMPERIAL,UNINCORPORATED,-115.41021554,32.773527440000002
91718202,2021,2022-03-08,9625,2021-09-12,0233,020738,,7,3,9,1300,0,1,1,,2,006,"I-8 W/B","SR-111 N/B",1795.00,E,N,A,-,Y,,,8,,,,,,W,Y,1,1,1,2,A,-,01,23152,A,N,C,C,A,A,H,-,C,D,0,,,,,Y,Y,D,22,0,1,0,0,0,0,0,0,0,"- ","- ",32.773918151855469,-115.49514770507812,IMPERIAL,UNINCORPORATED,-115.49514770507812,32.773899078369141
91467033,2021,2021-05-06,9625,2021-02-27,1107,016248,,6,1,9,1300,0,1,1,,2,004,"I-8 W/B","DUNAWAY ROAD",10296.00,W,N,A,-,Y,,,8,,,,,,W,Y,1,1,0,2,A,-,03,22350,,N,C,C,A,A,H,-,A,D,0,,,Y,,Y,,C,02,0,0,0,0,0,0,0,1,0,"- ","- ",32.762340545654297,-115.83368682861328,IMPERIAL,UNINCORPORATED,-115.83369445800781,32.762367248535156
91506957,2021,2021-06-25,9625,2021-06-15,2104,018978,,2,2,9,1300,0,1,3,,1,012,"STATE ROUTE 86 (SOUTHBOUND","STATE ROUTE 78",1.23,N,N,A,-,Y,,,86,,,,,,,Y,2,0,1,1,A,-,08,22107,,N,F,I,A,A,H,-,D,D,0,,,,Y,Y,,G,27,1,0,0,0,0,0,0,0,0,"- ","- ",33.142829895019531,-115.86203765869141,IMPERIAL,UNINCORPORATED,-115.86241912841797,33.142673492431641
92052038,2023,2023-04-24,9620,2023-04-16,1546,019291,,7,2,9,1300,0,1,1,,2,081,"I-8 W/B","E OF SR-98",3168.00,E,N,A,-,Y,IMP,,8," ",R,66.230,H,,L,N,2,0,1,1,A,-,08,22107,,N,F,A,A,A,H,-,A,D,0,,,,,Y,,D,22,1,0,0,0,0,0,0,0,0,"- ","- ",32.708259582519531,-115.08154296875,IMPERIAL,UNINCORPORATED,-115.08148956298828,32.708438873291016
6291609,2014,2016-01-07,9625,2014-09-04,1625,19667,,4,2,9,1300,0,1,3,,1,054,"RT 111","ATEN RD",5785.00,S,N,A,-,Y,IMP,11,111,-,R,10.210,H,-,N,Y,1,1,0,1,A,-,08,22107,,N,F,A,A,A,H,-,A,D,0,,,,,Y,Y,A,07,0,0,0,0,0,0,0,0,0,"- ","- ",32.809849999999997,-115.50033000000001,IMPERIAL,UNINCORPORATED,-115.5004328,32.80970731
8438242,2017,2017-09-22,1301,2017-08-13,0819,704,BRAWL,7,5,3,1301,0,0,0,,0,004,"MALAN ST","OLD HWY 111",56.00,W,N,A,-,Y,,,,,,,,,,Y,2,0,3,1,A,-,01,23152,,N,E,J,A,A,H,-,A,D,0,,,,,Y,Y,D,22,2,1,0,0,0,0,0,0,0,"- ","- ",,,IMPERIAL,BRAWLEY,-115.50949155000001,32.970831060000002
8589383,2018,2018-04-06,1304,2018-02-13,0754,337,EWES,2,5,4,1304,0,0,0,,0,WEST,AURORA,8TH,0.00,,Y,A,-,N,,,,,,,,,,N,2,0,1,2,A,-,10,21950,A,N,G,B,B,A,H,-,A,D,0,Y,,,,Y,Y,A,01,1,0,0,0,1,0,0,0,0,"- ","- ",32.778400421142578,-115.56109619140625,IMPERIAL,"EL CENTRO",-115.56118011474609,32.778419494628906
90663360,2017,2018-02-16,9625,2017-10-04,2500,018933,,3,4,9,1300,0,1,1,,2,001,"INTERSTATE 8 EASTBOUND","MOUNTAIN SPRINGS ROAD",7155.00,W,N,A,-,Y,,,8,,,,,,E,Y,1,1,0,1,A,-,08,22107,,N,F,A,A,A,H,-,D,D,0,,,Y,,Y,,C,02,0,0,0,0,0,0,0,1,0,"- ","- ",32.664349999999999,-116.10576,IMPERIAL,UNINCORPORATED,-116.10565320000001,32.664378790000001
91841452,2022,2022-08-16,9625,2022-08-02,0930,018930,,2,1,9,1300,0,1,1,,2,004,"INTERSTATE 8 (W/B)","IMPERIAL HIGHWAY",3274.00,E,N,A,-,Y,IMP,,8,,R,12.469,H,,L,Y,2,0,1,1,A,-,08,22107,,N,E,I,A,A,H,-,A,D,0,,,,,Y,,A,07,1,0,0,0,0,0,0,0,0,"- ","- ",32.736541748046875,-115.98531341552734,IMPERIAL,UNINCORPORATED,-115.98529815673828,32.736492156982422
92149801,2023,2023-08-22,9620,2023-07-06,2500,019333,QUECH,4,4,9,1300,0,1,1,,2,082,"INTERSTATE 8 EASTBOUND","WINTERHAVEN DRIVE",8448.00,W,N,A,-,Y,IMP,,8," ",R,93.392,H,,R,Y,1,1,0,1,A,-,08,22107,,N,E,I,A,A,H,-,B,D,0,,,,,Y,,D,22,0,0,0,0,0,0,0,0,0,"- ","- ",32.740131378173828,-114.67749786376953,IMPERIAL,UNINCORPORATED,-114.67749786376953,32.740150451660156
90598850,2017,2018-05-21,9625,2017-11-13,1800,018464,,1,2,9,1300,0,1,1,,2,004,"I-8 W/B","IMPERIAL AVENUE",160.00,W,N,A,-,Y,,,,,,,,,,N,2,0,2,3,A,-,08,22107,,F,G,B,E,A,H,-,C,D,0,Y,,,,Y,,D,22,2,0,0,0,2,0,0,0,0,"- ","- ",32.774090000000001,-115.57088,IMPERIAL,UNINCORPORATED,-115.56997763,32.774000000000001
91243876,2020,2020-05-28,9620,2020-05-19,0608,019953,,2,1,9,1300,0,2,4,,1,075,"S24 (ROSS ROAD)","PEREZ ROAD",0.00,,Y,A,-,N,,,,,,,,,,Y,2,0,6,2,A,-,01,23152,A,N,C,C,A,A,H,-,B,D,0,,,,,Y,Y,A,07,2,1,3,0,0,0,0,0,0,"- ","- ",32.78173828125,-114.59049224853516,IMPERIAL,UNINCORPORATED,-114.59051599999999,32.781739000000002
91428999,2021,2021-03-17,9625,2021-03-05,2151,020738,,5,2,9,1300,0,1,3,,2,013,SR-78,"COUNTY LINE ROAD",2295.00,E,N,A,-,Y,,,78,,,,,,,Y,2,0,3,2,A,-,08,22107,,N,D,C,A,A,H,-,D,D,0,,,,,Y,Y,D,22,1,1,1,0,0,0,0,0,0,"- ","- ",33.130268096923828,-116.07376098632812,IMPERIAL,UNINCORPORATED,-116.07376861572266,33.130245208740234
91871004,2022,2022-09-22,9625,2022-09-14,0055,020125,,3,3,9,1300,0,1,3,,2,052,SR-98,SR-7,0.00,,Y,A,-,Y,IMP,,98,,,39.682,H,,R,Y,2,0,2,2,A,-,12,21453,A,F,D,C,A,A,H,-,C,A,0,,,,Y,Y,,A,01,2,0,0,0,0,0,0,0,0,"- ","- ",32.693759918212891,-115.37883758544922,IMPERIAL,UNINCORPORATED,-115.37883758544922,32.693782806396484
9642488,2023,2023-12-21,1304,2023-10-05,1909,331,EPTRL,4,5,4,1304,0,0,0,,0,WEST,"LA BRUCHERIE",ORANGE,0.00,,Y,A,-,N,,,,,,,,,,N,2,0,1,2,A,-,10,21954,B,N,G,B,B,A,H,-,C,-,0,Y,,,,Y,,-,,1,0,0,0,1,0,0,0,0,"- ","- ",,,IMPERIAL,"EL CENTRO",-115.57858276367188,32.788772583007812
90156139,2016,2017-04-26,9625,2016-04-03,1937,019582,,7,2,9,1300,0,1,1,,2,003,"I-8 E/B","IMPERIAL HIGHWAY",24288.00,E,N,A,-,Y,,,8,,,,,,E,Y,1,1,0,1,A,-,08,22107,,N,E,I,A,A,H,-,D,D,0,,,,,Y,,A,08,0,0,0,0,0,0,0,0,0,"- ","- ",32.74953,-115.91446000000001,IMPERIAL,UNINCORPORATED,-115.91444102,32.749390400000003
90173002,2016,2016-05-04,9625,2016-03-26,0004,019582,,6,3,9,1300,0,1,3,,1,042,SR-98,"FERRELL ROAD",247.00,W,N,A,-,Y,,,98,,,,,,,Y,1,4,0,2,A,-,08,22107,,N,D,C,A,A,H,-,D,D,0,,,Y,,Y,,A,07,0,0,0,0,0,0,0,1,0,"- ","- ",32.67924,-115.58673,IMPERIAL,UNINCORPORATED,-115.58673075999999,32.679221980000001
94613058,2025,2025-03-21,9625,2025-03-11,1838,019582,,2,2,9,1300,0,1,1,,2,001,"INTERSTATE 8 (E/B)","MOUNTAIN SPRINGS ROAD",4553.00,W,N,B,C,Y,IMP,,8," ",R,1.545,H,,R,Y,2,0,1,1,A,-,08,22107,,N,F,I,A,A,H,-,B,D,0,,,,,Y,,A,01,1,0,0,0,0,0,0,0,0,"- ","- ",32.66217041015625,-116.10379028320312,IMPERIAL,UNINCORPORATED,-116.10376739501953,32.662197113037109
91461492,2021,2021-05-05,9625,2021-04-28,1530,019225,,3,2,9,1300,0,3,5,,2,050,"WORTHINGTON ROAD","JAMES ROAD",1325.00,W,N,A,-,N,,,,,,,,,,Y,1,1,0,1,A,-,08,22107,,N,E,I,A,A,H,-,A,D,0,,,,,Y,,A,01,0,0,0,0,0,0,0,0,0,"- ","- ",32.8472900390625,-115.46949005126953,IMPERIAL,UNINCORPORATED,-115.47000885009766,32.847339630126953
94755748,2025,2025-07-09,9625,2025-05-10,"813 ",018930,,6,1,9,1300,0,1,1,,2,001,"INTERSTATE 8 (E/B)","MOUNTAIN SPRINGS ROAD",7392.00,E,N,A,-,Y,IMP,,8," ",R,4.518,H,,R,Y,1,3,0,1,A,-,08,22107,,N,E,8,A,A,H,-,A,D,0,,,,,Y,,A,01,0,0,0,0,0,0,0,0,0,"- ","- ",32.673679351806641,-116.07671356201172,IMPERIAL,UNINCORPORATED,-116.07669830322266,32.673656463623047
6290448,2014,2014-05-07,1304,2014-04-11,2115,360,,5,5,4,1304,0,0,0,,0,,IMPERIAL,VINE,5.00,N,N,A,-,N,,,,,,,,,,N,1,1,0,2,A,-,03,22350,,N,G,B,D,A,H,-,C,A,0,Y,,,,Y,,D,22,0,0,0,1,0,0,0,0,0,"- ","- ",,,IMPERIAL,"EL CENTRO",-115.56976036,32.784913660000001
90428401,2017,2017-04-05,9620,2017-03-15,0430,015941,,3,3,9,1300,0,1,3,,1,063,"SR-78 E/B","MIDWAY WELLS ROAD",118.00,W,N,A,-,Y,,,78,,,,,,E,Y,1,1,6,1,A,-,08,22107,,N,F,I,A,A,H,-,D,D,0,,,,,Y,,M,57,4,1,1,0,0,0,0,0,0,"- ","- ",33.218760000000003,-114.85347,IMPERIAL,UNINCORPORATED,-114.85355743,33.218792610000001
92304359,2024,2024-02-02,9625,2024-01-26,1410,020771,,5,2,9,1300,0,1,3,,2,052,SR-98,"BORNT ROAD",3228.00,W,N,A,-,Y,IMP,,98," "," ",44.822,H,,R,Y,2,0,2,2,A,-,05,21650,,N,B,C,A,A,H,-,A,D,0,,,,,Y,,A,01,1,1,0,0,0,0,0,0,0,"- ","- ",32.694419860839844,-115.29033660888672,IMPERIAL,UNINCORPORATED,-115.29033660888672,32.694446563720703
9106258,2020,2020-08-24,1304,2020-06-02,0359,368,E1,2,5,4,1304,0,0,0,,0,EAST,EUCLID,"6TH ST",17.00,W,N,A,-,N,,,,,,,,,,Y,2,0,1,1,A,-,03,22350,,F,E,I,A,A,H,-,C,D,0,,,,,Y,,A,01,1,0,0,0,0,0,0,0,0,"- ","- ",32.79840087890625,-115.55728912353516,IMPERIAL,"EL CENTRO",-115.55714416503906,32.798370361328125
91127616,2019,2019-11-22,9625,2019-11-16,2107,019035,,6,2,9,1300,0,2,4,,2,057,"EVAN HEWES HIGHWAY W/B","BELL ROAD",300.00,E,N,A,-,N,,,,,,,,,,N,2,0,1,2,A,-,11,21956,,N,G,B,E,A,H,-,D,D,0,Y,,,,Y,Y,N,60,1,0,0,0,1,0,0,0,0,"- ","- ",32.803298950195312,-115.43789672851562,IMPERIAL,UNINCORPORATED,-115.438232421875,32.803314208984375
6292279,2015,2015-06-23,9625,2015-03-18,0215,20704,,3,3,9,1300,0,1,1,,2,003,"RT 8","DUNAWAY RD",18955.00,W,N,A,-,Y,IMP,11,8,-,R,19.910,H,-,E,Y,1,1,1,1,A,-,08,22107,,N,E,I,A,A,H,-,D,A,1,,,,Y,Y,,G,25,0,0,1,0,0,0,0,0,0,"- ","- ",32.757510000000003,-115.86005,IMPERIAL,UNINCORPORATED,-115.86056126,32.757467030000001
9464412,2022,2022-09-20,1301,2022-08-07,2207,9A10,BRAWL,7,5,3,1301,0,0,0,,0,002,"MAIN ST","PALM AV",525.00,W,N,A,-,N,,,,,,,,,,N,1,1,0,2,A,-,00,21954,,N,G,B,D,A,H,-,C,A,0,Y,,,,Y,,N,60,0,0,0,1,0,0,0,0,0,"- ","- ",,,IMPERIAL,BRAWLEY,-115.52375030517578,32.978630065917969
90360132,2016,2017-04-28,9625,2016-11-06,2500,018617,,7,4,9,1300,0,2,4,,2,045,"EVAN HEWES HIGHWAY","BROWN ROAD",2337.00,W,N,A,-,N,,,,,,,,,,Y,1,1,0,1,A,-,08,22107,,N,F,A,A,A,H,-,A,D,0,,,Y,,Y,,C,02,0,0,0,0,0,0,0,1,0,"- ","- ",32.791110000000003,-115.78207999999999,IMPERIAL,UNINCORPORATED,-115.78207426,32.791139999999999
90952998,2019,2019-09-24,9625,2019-02-19,2500,013627,,2,4,9,1300,0,1,1,,2,002,"INTERSTATE 8 (W/B)","STATE ROUTE 98",10771.00,W,N,B,-,Y,,,8,,,,,,,Y,1,1,0,1,A,-,08,22107,,N,F,A,A,A,H,-,D,D,0,,,,,Y,,A,01,0,0,0,0,0,0,0,0,0,"- ","- ",32.728660583496094,-116.05612182617188,IMPERIAL,UNINCORPORATED,-116.05614471435547,32.728538513183594
91631917,2021,2021-11-22,9625,2021-11-12,1157,016248,,5,1,9,1300,0,1,3,,2,053,"SR-111 N/B","MCCABE ROAD",850.00,S,N,A,-,Y,,,111,,,,,,N,Y,2,0,2,5,A,-,03,22350,,N,C,C,A,A,H,-,A,A,0,,,,,Y,,D,22,1,0,1,0,0,0,0,0,0,"- ","- ",32.749900817871094,-115.50063323974609,IMPERIAL,UNINCORPORATED,-115.50072479248047,32.749897003173828
91647902,2021,2021-12-09,9625,2021-11-26,0923,018930,,5,1,9,1300,0,1,3,,1,054,"SR-111 S/B","EVAN HEWES HIGHWAY",535.00,N,N,A,-,Y,,,111,,,,,,S,Y,2,0,2,2,A,-,03,22350,,N,C,C,A,A,H,-,A,A,0,,,,,Y,,A,07,1,0,1,0,0,0,0,0,0,"- ","- ",32.801921844482422,-115.50071716308594,IMPERIAL,UNINCORPORATED,-115.50051879882812,32.801918029785156
91978799,2022,2023-01-26,9625,2022-12-27,1245,019225,,2,1,9,1300,0,2,4,,2,046,"DOGWOOD ROAD","MCCABE ROAD",2290.00,S,N,A,-,N,,,,,,,,,,Y,1,2,0,1,A,-,08,22107,,N,F,A,A,A,H,-,A,D,0,,,,,Y,,A,07,0,0,0,0,0,0,0,0,0,"- ","- ",32.746059417724609,-115.53475952148438,IMPERIAL,UNINCORPORATED,-115.53470611572266,32.746116638183594
8466750,2017,2017-10-12,1301,2017-04-01,2041,913,1301,6,5,3,1301,0,0,0,,0,003,"B ST",9TH,98.00,E,N,A,-,N,,,,,,,,,,N,2,0,1,2,A,-,21,22106,,N,G,B,E,A,H,-,D,D,0,Y,,,,Y,Y,A,01,1,0,0,0,1,0,0,0,0,"- ","- ",,,IMPERIAL,BRAWLEY,-115.52711222000001,32.983049999999999
9166058,2020,2020-11-12,1304,2020-09-30,0542,368,E1,3,5,4,1304,0,0,0,,0,WEST,"IMPERIAL AV",CRUICKSHANK,7.00,S,N,A,-,N,,,,,,,,,,N,2,0,1,2,A,-,11,21950,B,N,G,B,B,A,H,-,B,A,0,Y,,,,Y,,N,60,1,0,0,0,1,0,0,0,0,"- ","- ",,,IMPERIAL,"EL CENTRO",-115.569794,32.814689999999999
6290389,2014,2014-05-15,9625,2014-02-28,2500,18930,,5,4,9,1300,0,1,1,,2,004,"RT 8","FORRESTER RD",3400.00,W,N,B,-,Y,IMP,11,8,-,R,33.790,H,-,W,Y,1,1,0,1,A,-,08,22107,,N,F,A,A,A,H,-,D,D,1,,,,,Y,,A,07,0,0,0,0,0,0,0,0,0,"- ","- ",32.773600000000002,-115.6337,IMPERIAL,UNINCORPORATED,-115.6240803,32.774006190000001
6291154,2014,2015-03-03,9625,2014-01-18,0550,12219,,6,3,4,1304,0,1,1,,2,004,"RT 8","4TH ST",1056.00,E,N,A,-,Y,IMP,11,8,-,R,38.370,H,-,W,Y,1,2,3,1,A,-,08,22107,,N,F,A,A,A,H,-,D,D,1,,,,,Y,Y,A,01,1,2,0,0,0,0,0,0,0,"- ","- ",32.77393,-115.54518,IMPERIAL,"EL CENTRO",-115.54546542999999,32.773937869999997
6291198,2014,2014-09-15,9620,2014-07-15,0500,19333,,2,3,9,1300,0,1,3,,1,063,"RT 78","STALLARD RD",2640.00,W,N,A,-,Y,IMP,11,78,-,-,74.940,H,-,W,Y,1,2,1,2,A,-,08,22107,,N,A,D,A,A,H,-,B,D,2,,,,Y,Y,,A,01,1,0,0,0,0,0,0,0,0,"- ","- ",33.352089999999997,-114.72244000000001,IMPERIAL,UNINCORPORATED,-114.72244517999999,33.352647019999999
6291271,2014,2016-01-14,1301,2014-08-10,1554,924,BRAWL,7,5,3,1301,0,0,0,,0,002,"RT 86","WILDCAT DR",59.00,S,N,A,-,Y,IMP,11,86,-,-,19.490,H,-,N,Y,1,1,2,3,A,-,01,23153,A,N,C,C,A,A,H,-,A,A,0,,,,,Y,Y,A,07,0,1,1,0,0,0,0,0,0,"- ","- ",,,IMPERIAL,BRAWLEY,-115.54831864000001,32.963870040000003
6291522,2014,2015-12-22,9625,2014-07-06,1610,19582,,7,2,9,1300,0,1,1,,2,005,"RT 8","VAN DER LINDEN RD",26400.00,E,N,A,-,Y,IMP,11,8,-,R,58.500,H,-,E,Y,1,1,0,2,A,-,13,22515,A,N,G,B,E,A,H,-,A,D,1,Y,,,Y,Y,Y,N,60,0,0,0,1,0,0,0,0,0,"- ","- ",32.745820000000002,-115.20220999999999,IMPERIAL,UNINCORPORATED,-115.20622855000001,32.747118180000001
6291644,2014,2015-12-30,9625,2014-10-01,1950,020516,,3,2,9,1300,0,1,1,,2,006,"RT 8","BOWKER RD",3168.00,E,N,A,-,Y,IMP,11,8,-,R,43.230,H,-,W,Y,1,1,0,2,A,-,03,22350,,N,C,C,A,A,H,-,D,D,1,,,,,Y,Y,A,08,0,0,0,0,0,0,0,0,0,"- ","- ",32.773769999999999,-115.46356,IMPERIAL,UNINCORPORATED,-115.46195969,32.773705159999999
6292282,2015,2015-06-23,9625,2015-03-31,1250,15990,,2,1,9,1300,0,1,3,,1,011,"RT 86","ALLEN RD",6012.00,N,N,A,-,Y,IMP,11,86,-,R,40.020,H,-,N,Y,1,2,3,1,A,-,08,22107,,N,F,A,A,A,H,-,A,D,0,,,,,Y,,D,22,0,3,0,0,0,0,0,0,0,"- ","- ",33.106099999999998,-115.81950000000001,IMPERIAL,UNINCORPORATED,-115.80583480999999,33.104468539999999
6292433,2015,2015-08-05,9625,2015-05-30,1728,13781,,6,2,9,1300,0,1,3,,1,044,"RT 86","KEYSTONE RD",0.00,,Y,A,-,Y,IMP,11,86,-,-,15.320,I,5,N,Y,1,1,4,2,A,-,12,21453,A,N,D,C,A,A,H,-,A,A,0,,,,Y,Y,,A,01,2,1,1,0,0,0,0,0,0,"- ","- ",32.912579999999998,-115.56994,IMPERIAL,UNINCORPORATED,-115.57005820000001,32.91333315
6292491,2015,2015-08-21,9625,2015-05-09,0509,20830,,6,3,9,1300,0,3,5,,2,020,"RT 78","HOVLEY RD",0.00,,Y,A,-,Y,IMP,11,78,-,R,11.832,I,5,W,Y,1,1,1,2,A,-,09,21803,A,N,D,C,A,A,H,-,B,A,0,,,,,Y,,A,01,0,0,1,0,0,0,0,0,0,"- ","- ",33.002090000000003,-115.54406,IMPERIAL,UNINCORPORATED,-115.54412924,33.002052980000002
6293000,2016,2017-12-08,1307,2016-03-16,0007,853,WEST,3,5,1,1307,0,0,0,,0,004,"RT 85","H ST",0.00,,Y,A,-,Y,IMP,11,86,-,-,27.790,H,-,S,Y,1,1,0,2,A,-,11,21954,A,N,G,B,D,A,H,-,C,D,0,Y,,,,Y,,N,60,0,0,0,1,0,0,0,0,0,"- ","- ",,,IMPERIAL,WESTMORLAND,-115.62642871,33.037358879999999