CASE_ID,ACCIDENT_YEAR,PROC_DATE,JURIS,COLLISION_DATE,COLLISION_TIME,OFFICER_ID,REPORTING_DISTRICT,DAY_OF_WEEK,CHP_SHIFT,POPULATION,CNTY_CITY_LOC,SPECIAL_COND,BEAT_TYPE,CHP_BEAT_TYPE,CITY_DIVISION_LAPD,CHP_BEAT_CLASS,BEAT_NUMBER,PRIMARY_RD,SECONDARY_RD,DISTANCE,DIRECTION,INTERSECTION,WEATHER_1,WEATHER_2,STATE_HWY_IND,CALTRANS_COUNTY,CALTRANS_DISTRICT,STATE_ROUTE,ROUTE_SUFFIX,POSTMILE_PREFIX,POSTMILE,LOCATION_TYPE,RAMP_INTERSECTION,SIDE_OF_HWY,TOW_AWAY,COLLISION_SEVERITY,NUMBER_KILLED,NUMBER_INJURED,PARTY_COUNT,PRIMARY_COLL_FACTOR,PCF_CODE_OF_VIOL,PCF_VIOL_CATEGORY,PCF_VIOLATION,PCF_VIOL_SUBSECTION,HIT_AND_RUN,TYPE_OF_COLLISION,MVIW,PED_ACTION,ROAD_SURFACE,ROAD_COND_1,ROAD_COND_2,LIGHTING,CONTROL_DEVICE,CHP_ROAD_TYPE,PEDESTRIAN_ACCIDENT,BICYCLE_ACCIDENT,MOTORCYCLE_ACCIDENT,TRUCK_ACCIDENT,NOT_PRIVATE_PROPERTY,ALCOHOL_INVOLVED,STWD_VEHTYPE_AT_FAULT,CHP_VEHTYPE_AT_FAULT,COUNT_SEVERE_INJ,COUNT_VISIBLE_INJ,COUNT_COMPLAINT_PAIN,COUNT_PED_KILLED,COUNT_PED_INJURED,COUNT_BICYCLIST_KILLED,COUNT_BICYCLIST_INJURED,COUNT_MC_KILLED,COUNT_MC_INJURED,PRIMARY_RAMP,SECONDARY_RAMP,LATITUDE,LONGITUDE,COUNTY,CITY,POINT_X,POINT_Y
90875368,2018,2018-12-04,9625,2018-11-23,0415,020263,,5,3,9,1300,0,1,3,,2,056,"SR-115, S/B","ZENOS ROAD",200.00,N,N,A,-,Y,,,115,,,,,,S,Y,2,0,4,2,A,-,05,21650,,N,A,C,A,A,H,-,C,D,0,,,,,Y,,A,01,2,1,1,0,0,0,0,0,0,"- ","- ",32.813770294189453,-115.40617370605469,IMPERIAL,UNINCORPORATED,-115.4061279296875,32.813770294189453
90885139,2018,2018-12-18,9625,2018-07-22,0127,020263,,7,3,9,1300,0,3,5,,2,050,"BOWKER ROAD","MCCABE ROAD",2032.00,N,N,A,-,N,,,,,,,,,,Y,1,1,1,1,A,-,08,22107,,N,F,A,A,A,H,-,D,A,0,,,Y,,Y,,C,02,0,1,0,0,0,0,0,1,1,"- ","- ",32.757949829101562,-115.46504211425781,IMPERIAL,UNINCORPORATED,-115.46502685546875,32.757663726806641
90902075,2018,2019-01-10,9625,2018-10-24,2500,020111,,3,4,9,1300,0,1,1,,2,004,"I-8 W/B","DUNAWAY ROAD",1478.00,W,N,A,-,Y,,,8,,,,,,W,Y,1,1,0,1,A,-,08,22107,,N,F,A,A,A,H,-,A,D,0,,,Y,,Y,Y,C,02,0,0,0,0,0,0,0,1,0,"- ","- ",32.768089294433594,-115.8052978515625,IMPERIAL,UNINCORPORATED,-115.80531311035156,32.768138885498047
90908726,2018,2019-01-22,9625,2018-12-18,1451,017809,,2,2,9,1300,0,3,5,,2,010,"NORTH MARINA DRIVE","SEA WIND PLACE",10.00,W,N,A,-,N,,,,,,,,,,Y,1,1,0,2,A,-,03,22350,,N,C,G,A,A,H,-,A,D,0,,Y,,,Y,,A,01,0,0,0,0,0,1,0,0,0,"- ","- ",33.322799682617188,-115.95829772949219,IMPERIAL,UNINCORPORATED,-115.95821380615234,33.322799682617188
90944782,2019,2019-03-12,9625,2019-02-28,0625,017432,,4,1,9,1300,0,1,3,,1,054,"SR-111 (S/B)","KEYSTONE ROAD",1056.00,N,N,A,-,Y,,,111,,,,,,,Y,2,0,1,1,A,-,08,22107,,N,F,A,A,A,H,-,A,A,0,,,,,Y,,D,22,1,0,0,0,0,0,0,0,0,"- ","- ",32.915390014648438,-115.50920104980469,IMPERIAL,UNINCORPORATED,-115.50913238525391,32.915390014648438
90946072,2019,2019-03-14,9625,2019-03-04,0754,013627,,1,1,9,1300,0,3,5,,2,050,"OLD HIGHWAY 111","IVC NORTH PARKING LOT ENTRANCE",0.00,,Y,B,-,N,,,,,,,,,,Y,2,0,2,2,A,-,09,21802,A,N,D,C,A,A,H,-,A,A,0,,,,,Y,,A,01,1,1,0,0,0,0,0,0,0,"- ","- ",32.831409454345703,-115.50126647949219,IMPERIAL,UNINCORPORATED,,
90948023,2019,2019-03-18,9625,2019-01-26,1818,019225,,6,2,9,1300,0,3,5,,2,050,"HEBER AVENUE",SR-86,197.00,N,N,A,-,N,,,,,,,,,,N,1,1,0,2,A,-,03,22350,,N,G,B,D,A,H,-,C,D,0,Y,,,,Y,,A,01,0,0,0,1,0,0,0,0,0,"- ","- ",32.731281280517578,-115.53009796142578,IMPERIAL,UNINCORPORATED,-115.53008270263672,32.731227874755859
90950205,2019,2019-03-20,9625,2019-03-08,0644,013627,,5,1,9,1300,0,1,3,,2,056,SR-115,"NORRISH ROAD",6.00,N,N,B,-,Y,,,115,,,,,,,Y,2,0,1,2,A,-,05,21752,D,N,F,C,A,A,H,-,B,D,0,,,Y,Y,Y,,C,02,1,0,0,0,0,0,0,0,1,"- ","- ",32.832920074462891,-115.4061279296875,IMPERIAL,UNINCORPORATED,-115.40616607666016,32.832920074462891
90952326,2019,2019-03-25,9625,2019-03-15,0850,016248,,5,1,9,1300,0,3,5,,2,040,"DREW ROAD","GRAHAM ROAD",937.00,S,N,A,-,N,,,,,,,,,,Y,2,0,1,1,A,-,08,22107,,N,F,A,A,A,H,-,A,D,0,,,,,Y,,D,22,1,0,0,0,0,0,0,0,0,"- ","- ",32.735748291015625,-115.68953704833984,IMPERIAL,UNINCORPORATED,-115.68990325927734,32.735485076904297
90959005,2019,2019-04-11,9625,2019-03-22,1720,019667,,5,2,9,1300,0,1,3,,1,012,"SR-86 S/B","BLACK DIAMOND ROAD",0.00,,Y,A,-,Y,,,86,,,,,,S,Y,2,0,7,2,A,-,09,21802,A,N,D,C,A,A,H,-,A,A,0,,,,,Y,,A,07,3,4,0,0,0,0,0,0,0,"- ","- ",33.357929229736328,-116.01889038085938,IMPERIAL,UNINCORPORATED,-116.01898956298828,33.357898712158203
90966696,2019,2019-04-12,9625,2019-04-07,1945,017809,,7,2,9,1300,0,1,3,,2,025,"STATE ROUTE 78","HASTAIN ROAD",400.00,W,N,A,-,Y,,,78,,,,,,,Y,2,0,1,1,A,-,08,22107,,N,F,A,A,A,H,-,D,A,0,,,,,Y,,A,01,1,0,0,0,0,0,0,0,0,"- ","- ",32.97454833984375,-115.4078369140625,IMPERIAL,UNINCORPORATED,-115.40776824951172,32.974460601806641
90968739,2019,2019-04-16,9625,2019-04-03,0440,019667,,3,3,9,1300,0,1,3,,2,024,SR-78,"HASTAIN ROAD",354.00,W,N,A,-,Y,,,78,,,,,,,Y,2,0,1,1,A,-,08,22107,,N,F,A,A,A,H,-,D,D,0,,,,Y,Y,,G,25,1,0,0,0,0,0,0,0,0,"- ","- ",32.974369049072266,-115.40798950195312,IMPERIAL,UNINCORPORATED,-115.40791320800781,32.974308013916016
9097280,2020,2020-10-29,1304,2020-05-08,2218,339,ECSO,5,5,4,1304,0,0,0,,0,EAST,"4TH ST","BRIGHTON AV",29.00,S,N,A,-,N,,,,,,,,,,N,2,0,1,2,A,-,11,21954,A,N,G,B,D,A,H,-,C,D,0,Y,,,,Y,,N,60,1,0,0,0,1,0,0,0,0,"- ","- ",,,IMPERIAL,"EL CENTRO",-115.55251312255859,32.789691925048828
90979894,2019,2019-05-01,9625,2019-02-25,1250,018279,,1,1,9,1300,0,3,5,,2,040,"CLARK ROAD","PALMVIEW AVENUE",220.00,S,N,A,-,N,,,,,,,,,,Y,1,1,0,2,A,-,09,21804,A,N,D,C,A,A,H,-,A,D,0,,,Y,,Y,,A,01,0,0,0,0,0,0,0,1,0,"- ","- ",32.755779266357422,-115.56063842773438,IMPERIAL,UNINCORPORATED,-115.56067657470703,32.755939483642578
90995789,2019,2019-05-24,9625,2019-05-14,2022,019668,,2,2,9,1300,0,1,3,,1,011,"STATE ROUTE 86 NORTHBOUND","BRANDT ROAD",735.00,N,N,A,-,Y,,,86,,,,,,N,N,2,0,1,2,D,-,00,,,F,G,B,E,A,H,-,C,D,0,Y,,,,Y,,-,"- ",1,0,0,0,1,0,0,0,0,"- ","- ",32.979240417480469,-115.56398773193359,IMPERIAL,UNINCORPORATED,-115.56398773193359,32.979148864746094
90997480,2019,2019-10-03,9625,2019-01-31,0318,022010,,4,3,9,1300,0,3,5,,2,050,"BOYD ROAD","HIGHLINE ROAD",1179.00,E,N,A,-,N,,,,,,,,,,N,1,1,0,1,A,-,08,22107,,N,F,A,A,A,H,-,D,D,0,,,,,Y,,M,46,0,0,0,0,0,0,0,0,0,"- ","- ",32.902240753173828,-115.30284118652344,IMPERIAL,UNINCORPORATED,-115.30766296386719,32.902141571044922
91003782,2019,2019-06-05,9625,2019-05-26,0115,021107,,7,3,9,1300,0,3,5,,2,010,"AUSTIN ROAD","KEYSTONE ROAD",5174.00,N,N,A,-,N,,,,,,,,,,Y,2,0,1,1,A,-,08,22107,,N,E,J,A,A,H,-,C,D,0,,,,,Y,,A,01,1,0,0,0,0,0,0,0,0,"- ","- ",32.926471710205078,-115.59483337402344,IMPERIAL,UNINCORPORATED,-115.59468078613281,32.9266357421875
91014632,2019,2019-06-20,9625,2019-06-10,1425,019035,,1,2,9,1300,0,1,1,,2,003,"I-8 EASTBOUND","SILSBEE ROAD",4252.00,W,N,A,-,Y,,,8,,,,,,E,Y,2,0,2,1,A,-,08,22107,,N,E,I,A,A,H,-,A,D,0,,,,,Y,,A,01,2,0,0,0,0,0,0,0,0,"- ","- ",32.773700714111328,-115.6614990234375,IMPERIAL,UNINCORPORATED,-115.6614990234375,32.773799896240234
91015357,2019,2019-06-21,9625,2019-06-17,0200,020111,,1,3,9,1300,0,1,1,,2,001,"I-8 E/B","MOUNTAIN SPRINGS ROAD",4176.00,W,N,A,-,Y,,,8,,,,,,E,Y,2,0,1,1,A,-,08,22107,,N,E,I,A,A,H,-,D,D,0,,,,,Y,,A,07,1,0,0,0,0,0,0,0,0,"- ","- ",32.671848297119141,-116.10588836669922,IMPERIAL,UNINCORPORATED,-116.10588073730469,32.671855926513672
91017857,2019,2019-06-26,9625,2019-06-20,2210,021107,,4,3,9,1300,0,3,5,,2,050,"ROSS ROAD","BASS COVE ROAD",350.00,E,N,A,G,N,,,,,,,,,,Y,2,0,1,2,A,-,08,22107,,F,E,I,A,A,H,-,D,D,0,,,Y,,Y,,-,99,1,0,0,0,0,0,0,0,1,"- ","- ",32.781509399414062,-115.52018737792969,IMPERIAL,UNINCORPORATED,-115.52019500732422,32.781490325927734
91022191,2019,2019-08-26,9620,2019-06-18,1915,016222,,2,2,9,1300,0,1,1,,2,082,"INTERSTATE 8 E/B","WINTERHAVEN DR / 4TH AVE",2179.00,E,N,A,-,Y,,,,,,,,,,Y,2,0,4,4,A,-,08,22107,,M,B,C,A,A,H,-,A,D,0,,,Y,,Y,,C,02,3,1,0,0,0,0,0,0,4,"- ","- ",,,IMPERIAL,UNINCORPORATED,,
91026643,2019,2019-07-08,9625,2019-06-28,0242,021107,,5,3,9,1300,0,1,3,,1,044,SR-86,"LARSEN ROAD",0.00,,Y,A,-,Y,,,86,,,,,,,Y,2,0,3,2,A,-,01,23152,A,N,D,C,A,A,H,-,D,A,0,,,,,Y,Y,A,01,2,1,0,0,0,0,0,0,0,"- ","- ",32.876468658447266,-115.57015991210938,IMPERIAL,UNINCORPORATED,-115.57023620605469,32.876468658447266
91032193,2019,2019-07-17,9625,2019-07-14,0035,020111,,7,3,9,1300,0,3,5,,2,040,"LA BRUCHERIE ROAD","VAN DER POEL ROAD",280.00,S,N,A,-,N,,,,,,,,,,Y,2,0,2,2,A,-,08,22107,,N,B,C,A,A,H,-,D,D,0,,,,,Y,,A,01,1,0,1,0,0,0,0,0,0,"- ","- ",32.737319946289062,-115.57766723632812,IMPERIAL,UNINCORPORATED,-115.57764434814453,32.737224578857422
91033958,2019,2019-07-19,9625,2019-07-11,1455,017809,,4,2,9,1300,0,3,5,,2,010,"S-22 (BORREGO SALTON SEA WAY)","HOLLY ROAD",3484.00,W,N,A,-,N,,,,,,,,,,Y,2,0,4,1,A,-,08,22107,,N,F,A,A,A,H,-,A,D,0,,,,,Y,,A,07,4,0,0,0,0,0,0,0,0,"- ","- ",33.264949798583984,-116.01779174804688,IMPERIAL,UNINCORPORATED,-116.01759338378906,33.265041351318359
91036567,2019,2019-07-24,9625,2019-01-07,2157,018773,,1,2,9,1300,0,1,1,,2,003,"I-8 EASTBOUND","DOGWOOD ROAD",1595.00,W,N,A,-,Y,,,,,,,,,,Y,1,2,0,2,A,-,05,21651,B,N,A,C,A,A,H,-,D,D,0,,,,,Y,,A,08,0,0,0,0,0,0,0,0,0,"- ","- ",32.773681640625,-115.53984069824219,IMPERIAL,UNINCORPORATED,-115.54036712646484,32.773681640625
91057800,2019,2019-08-22,9625,2019-08-18,2246,020111,,7,3,9,1300,0,2,4,,2,057,"EVAN HEWES HIGHWAY E/B","MCCONNELL ROAD",243.00,W,N,A,-,N,,,,,,,,,,Y,2,0,1,1,A,-,01,23152,A,N,F,A,A,A,H,-,C,D,0,,,,,Y,Y,A,01,1,0,0,0,0,0,0,0,0,"- ","- ",32.803070068359375,-115.48458099365234,IMPERIAL,UNINCORPORATED,-115.48477935791016,32.803276062011719
91080362,2019,2019-09-23,9625,2019-09-14,1840,018792,,6,2,9,1300,0,3,5,,2,020,"WILKINS ROAD","BEAL ROAD",1539.00,N,N,A,-,N,,,,,,,,,,Y,2,0,1,1,A,-,01,23152,A,N,F,A,A,A,H,-,D,D,0,,,,,Y,Y,A,01,1,0,0,0,0,0,0,0,0,"- ","- ",33.243270874023438,-115.50537109375,IMPERIAL,UNINCORPORATED,-115.5069580078125,33.244491577148438
91103606,2019,2019-10-23,9625,2019-10-13,1900,017809,,7,2,9,1300,0,2,4,,2,057,"STATE ROUTE 115","EVAN HEWES HIGHWAY",0.00,,Y,A,-,Y,,,115,,,,,,,Y,2,0,9,3,A,-,09,21801,A,N,D,C,A,A,H,-,D,A,0,,,,,Y,,D,22,7,2,0,0,0,0,0,0,0,"- ","- ",32.805740356445312,-115.40622711181641,IMPERIAL,UNINCORPORATED,-115.40612030029297,32.805740356445312
91115936,2019,2019-11-07,9625,2019-11-01,1205,013627,,5,1,9,1300,0,1,1,,2,005,"INTERSTATE 8 E/B","VAN DER LINDEN ROAD",1348.00,W,N,A,-,Y,,,8,,,,,,E,Y,2,0,1,1,C,-,18,,,N,E,I,A,A,H,-,A,D,0,,,,,Y,,-,"- ",1,0,0,0,0,0,0,0,0,"- ","- ",32.771980285644531,-115.28173828125,IMPERIAL,UNINCORPORATED,-115.28185272216797,32.771720886230469
91125826,2019,2019-11-21,9625,2019-10-16,2146,013627,,3,2,9,1300,0,1,3,,1,044,"STATE ROUTE 86 (NORTHBOUND)","AUSTIN ROAD",1353.00,S,N,A,-,Y,,,86,,,,,,,Y,1,1,0,1,A,-,08,22107,,N,E,I,A,A,H,-,D,D,0,,,,,Y,,D,22,0,0,0,0,0,0,0,0,0,"- ","- ",32.947959899902344,-115.56984710693359,IMPERIAL,UNINCORPORATED,-115.56996154785156,32.947998046875
91133905,2019,2019-12-03,9625,2019-11-22,1645,017809,,5,2,9,1300,0,2,4,,2,047,"FORRESTER ROAD","KEYSTONE ROAD",3396.00,N,N,A,-,N,,,,,,,,,,Y,2,0,2,2,A,-,03,22350,,N,A,J,A,A,H,-,B,D,0,,,,,Y,,M,46,1,0,1,0,0,0,0,0,0,"- ","- ",32.923168182373047,-115.62146759033203,IMPERIAL,UNINCORPORATED,-115.62142944335938,32.922985076904297
91161285,2019,2020-01-14,9625,2019-12-29,0134,020263,,7,3,9,1300,0,1,3,,2,053,SR-111,SR-86,0.00,,Y,A,-,Y,,,111,,,,,,,Y,2,0,4,2,A,-,01,23153,A,N,D,C,A,A,H,-,C,A,0,,,,,Y,Y,D,22,3,1,0,0,0,0,0,0,0,"- ","- ",32.73065185546875,-115.50032043457031,IMPERIAL,UNINCORPORATED,-115.50040435791016,32.730648040771484
91179995,2020,2020-02-04,9625,2020-01-28,1715,018464,,2,2,9,1300,0,1,3,,2,024,SR-78,"HASTAIN ROAD",491.00,W,N,A,-,Y,,,78,,,,,,,Y,2,0,1,1,A,-,08,22107,,N,E,I,A,A,H,-,A,D,0,,,,,Y,,D,22,1,0,0,0,0,0,0,0,0,"- ","- ",32.974418640136719,-115.40782928466797,IMPERIAL,UNINCORPORATED,-115.40782165527344,32.974414825439453
91181715,2020,2020-02-06,9625,2020-01-27,1330,017432,,1,1,9,1300,0,1,1,,2,003,"INTERSTATE 8 (E/B)","SILSBEE ROAD",1814.00,E,N,A,-,Y,,,8,,,,,,,Y,2,0,4,2,A,-,03,22350,,N,C,C,A,A,H,-,A,D,0,,,,,Y,,A,07,1,3,0,0,0,0,0,0,0,"- ","- ",32.773769378662109,-115.63983917236328,IMPERIAL,UNINCORPORATED,-115.63983917236328,32.773715972900391
91184653,2019,2020-02-11,9625,2019-11-08,0315,020111,,5,3,9,1300,0,3,5,,2,010,"NORM NIVER ROAD","NURSERY ROAD",390.00,S,N,A,-,N,,,,,,,,,,Y,1,1,1,2,A,-,08,22107,,N,B,C,A,A,H,-,D,D,0,,,,,Y,Y,A,01,0,1,0,0,0,0,0,0,0,"- ","- ",33.356258392333984,-116.01936340332031,IMPERIAL,UNINCORPORATED,-116.0201416015625,33.356716156005859
91190072,2019,2020-02-20,9625,2019-12-05,1723,019035,,4,2,9,1300,0,1,3,,1,054,"STATE ROUTE 111 SOUTHBOUND","ATEN ROAD",1584.00,S,N,A,-,Y,,,111,,,,,,S,Y,1,1,1,2,A,-,05,21651,B,N,A,C,A,A,H,-,D,D,0,,,,,Y,,A,01,1,0,0,0,0,0,0,0,0,"- ","- ",32.823600769042969,-115.50039672851562,IMPERIAL,UNINCORPORATED,-115.50023651123047,32.823596954345703
91190077,2019,2020-02-20,9625,2019-12-31,1355,019668,,2,1,9,1300,0,1,3,,1,012,"STATE ROUTE 86 S/B","SUNRISE DRIVE",0.00,,Y,A,-,Y,,,86,,,,,,S,Y,1,1,3,2,A,-,09,21804,A,N,D,C,A,A,H,-,A,A,0,,,,,Y,,A,01,1,2,0,0,0,0,0,0,0,"- ","- ",33.289230346679688,-115.97190093994141,IMPERIAL,UNINCORPORATED,-115.97193145751953,33.289207458496094
91219533,2020,2020-05-22,9625,2020-01-18,1135,017727,,6,1,9,1300,0,3,5,,2,010,"MOUNTAIN VIEW DRIVE","DESERT SHORES DRIVE",11.00,N,N,A,-,N,,,,,,,,,,N,1,1,4,9,A,-,16,24002,A,N,G,B,E,A,H,-,A,D,0,Y,,Y,,Y,,C,06,2,2,0,1,4,0,0,0,0,"- ","- ",33.406200408935547,-116.04149627685547,IMPERIAL,UNINCORPORATED,-116.04151153564453,33.406108856201172
91219673,2020,2020-04-01,9625,2020-03-23,1335,017727,,1,1,9,1300,0,3,5,,2,010,"BLACK SEA AVE","CORAL SEA AVE",90.00,S,N,A,-,N,,,,,,,,,,N,2,0,1,1,A,-,08,22107,,N,F,A,A,A,H,-,A,D,0,,,Y,,Y,,C,06,1,0,0,0,0,0,0,0,1,"- ","- ",33.335700988769531,-115.96330261230469,IMPERIAL,UNINCORPORATED,-115.9630126953125,33.335628509521484
91220495,2020,2020-04-03,9625,2020-03-30,0755,019225,,1,1,9,1300,0,1,1,,2,003,"I-8 E/B","DREW ROAD",1835.00,W,N,A,-,Y,,,8,,,,,,E,Y,2,0,4,1,A,-,08,22107,,N,F,A,A,A,H,-,A,D,0,,,,,Y,,A,07,2,0,2,0,0,0,0,0,0,"- ","- ",32.773811340332031,-115.69902038574219,IMPERIAL,UNINCORPORATED,-115.69902038574219,32.773845672607422
91222555,2020,2020-04-07,9625,2020-01-24,1623,018773,,5,2,9,1300,0,3,5,,2,050,"BLODGETT ROAD","SHAW ROAD",85.00,E,N,A,-,N,,,,,,,,,,Y,1,1,1,1,A,-,08,22107,,N,E,I,A,A,H,-,A,D,0,,,,,Y,,A,01,1,0,0,0,0,0,0,0,0,"- ","- ",32.876331329345703,-115.39729309082031,IMPERIAL,UNINCORPORATED,-115.39729309082031,32.876361846923828
91239224,2020,2020-05-18,9625,2020-05-09,1855,019225,,6,2,9,1300,0,3,5,,2,010,"WEST BOWLES ROAD","BOYLE ROAD",412.00,E,N,A,-,N,,,,,,,,,,Y,2,0,2,1,A,-,01,23152,A,N,E,I,A,A,H,-,A,D,0,,,,,Y,Y,D,22,1,1,0,0,0,0,0,0,0,"- ","- ",33.118488311767578,-115.62171173095703,IMPERIAL,UNINCORPORATED,-115.62142181396484,33.118480682373047
91245164,2020,2020-05-29,9625,2020-04-17,2223,019035,,5,3,9,1300,0,1,3,,2,052,"STATE ROUTE 98","INTERSTATE 8 E/B",8436.00,W,N,A,-,Y,,,98,,,,,,,Y,1,1,1,2,A,-,05,21650,,N,A,C,A,A,H,-,D,D,0,,,,,Y,,A,01,0,0,1,0,0,0,0,0,0,"- ","- ",32.709300994873047,-115.11609649658203,IMPERIAL,UNINCORPORATED,-115.11609649658203,32.709465026855469
91259961,2020,2020-06-29,9625,2020-06-21,1155,017727,,7,1,9,1300,0,3,5,,2,020,"WILKINS ROAD","GILLESPIE ROAD",255.00,S,N,A,-,N,,,,,,,,,,Y,2,0,1,1,A,-,08,22107,,N,F,A,A,A,H,-,A,D,0,,,Y,,Y,,C,02,1,0,0,0,0,0,0,0,1,"- ","- ",33.284358978271484,-115.52742004394531,IMPERIAL,UNINCORPORATED,-115.52823638916016,33.284896850585938
91265779,2020,2020-07-09,9620,2020-07-03,2144,019953,,5,2,9,1300,0,1,1,,2,081,"I-8 W/B","SANDS HILL REST AREA",7920.00,W,N,A,-,Y,,,8,,,,,,W,Y,2,0,1,1,A,-,08,22107,,N,F,A,A,A,H,-,D,D,0,,,,,Y,,A,01,1,0,0,0,0,0,0,0,0,"- ","- ",32.716190338134766,-114.91954803466797,IMPERIAL,UNINCORPORATED,-114.91954040527344,32.716178894042969
91267865,2020,2020-07-13,9625,2020-07-03,0340,022010,,5,3,9,1300,0,1,1,,2,003,"INTERSTATE 8 E/B","SILSBEE ROAD",2693.00,W,N,A,-,Y,,,8,,,,,,E,Y,2,0,2,1,A,-,01,23152,A,N,E,I,A,A,H,-,D,D,0,,,,,Y,Y,A,01,1,1,0,0,0,0,0,0,0,"- ","- ",32.773578643798828,-115.65554046630859,IMPERIAL,UNINCORPORATED,-115.65554046630859,32.773796081542969
91273905,2020,2020-07-24,9625,2020-07-14,2005,020263,,2,2,9,1300,0,1,1,,2,003,"I-8 E/B","WESTSIDE MAIN CANAL",200.00,W,N,A,-,Y,,,8,,,,,,E,Y,2,0,4,1,A,-,08,22107,,N,E,J,A,A,H,-,D,D,0,,,,,Y,,D,22,3,0,1,0,0,0,0,0,0,"- ","- ",32.772991180419922,-115.77548217773438,IMPERIAL,UNINCORPORATED,-115.77548217773438,32.773067474365234
91284128,2020,2020-08-11,9625,2020-08-02,0137,020516,,7,3,9,1300,0,3,5,,2,040,"KRAMER ROAD","SILSBEE ROAD",16.00,E,N,A,-,N,,,,,,,,,,Y,2,0,1,1,A,-,01,23152,A,N,E,I,A,A,H,-,D,A,0,,,,,Y,Y,D,22,1,0,0,0,0,0,0,0,0,"- ","- ",32.76702880859375,-115.64640045166016,IMPERIAL,UNINCORPORATED,-115.64639282226562,32.766918182373047
91331577,2020,2020-10-26,9625,2020-09-06,1340,018368,,7,1,9,1300,0,1,1,,2,004,"I-8 W/B","FORRESTER ROAD",2537.00,E,N,A,-,Y,,,8,,,,,,W,Y,1,2,2,2,A,-,08,22107,,N,A,C,A,A,H,-,A,D,0,,,,,Y,,A,01,2,0,0,0,0,0,0,0,0,"- ","- ",32.773990631103516,-115.61228942871094,IMPERIAL,UNINCORPORATED,-115.61228942871094,32.774036407470703
91341746,2020,2021-01-19,9625,2020-11-01,1430,018930,,7,2,9,1300,0,1,3,,2,024,SR-78,"OSBORNE PARK ROAD",9504.00,E,N,A,-,Y,,,78,,,,,,,N,1,1,0,1,C,-,18,,,N,H,A,A,A,H,-,A,D,0,,,,,Y,,-,"- ",0,0,0,0,0,0,0,0,0,"- ","- ",32.993801116943359,-115.10565185546875,IMPERIAL,UNINCORPORATED,-115.10565185546875,32.993808746337891
91383576,2020,2021-01-07,9625,2020-11-08,2130,020738,,7,2,9,1300,0,1,1,,2,001,"I-8 E/B","OLD HIGHWAY 80",6336.00,E,N,B,G,Y,,,8,,,,,,E,Y,1,1,1,1,A,-,08,22107,,N,F,A,A,B,H,-,D,D,0,,,,,Y,,A,01,1,0,0,0,0,0,0,0,0,"- ","- ",32.657741546630859,-116.09689331054688,IMPERIAL,UNINCORPORATED,-116.09698486328125,32.657718658447266
91389595,2021,2021-01-18,9625,2021-01-15,1513,019582,,5,2,9,1300,0,1,3,,1,042,SR-98,"BROCKMAN ROAD",0.00,,Y,A,-,Y,,,98,,,,,,,Y,2,0,2,2,A,-,09,21802,A,N,D,C,A,A,H,-,A,A,0,,,,,Y,,A,01,1,1,0,0,0,0,0,0,0,"- ","- ",32.679130554199219,-115.6385498046875,IMPERIAL,UNINCORPORATED,-115.6385498046875,32.679237365722656
91390744,2020,2021-01-19,9625,2020-11-24,1905,019225,,2,2,9,1300,0,1,3,,2,052,SR-98,"ANDERHOLT ROAD",2321.00,W,N,A,-,Y,,,98,,,,,,,N,1,1,0,2,A,-,11,21956,A,N,G,B,E,A,H,-,D,D,0,Y,,,Y,Y,,N,60,0,0,0,1,0,0,0,0,0,"- ","- ",32.693889617919922,-115.42044830322266,IMPERIAL,UNINCORPORATED,-115.42044830322266,32.693824768066406
91390755,2020,2021-01-19,9625,2020-09-29,1808,019225,,2,2,9,1300,0,1,1,,2,005,"INTERSTATE 8 E/B","DOGWOOD ROAD",2528.00,E,N,A,-,Y,,,8,,,,,,E,Y,1,2,0,4,A,-,01,23152,F,N,B,E,E,A,H,-,A,D,0,Y,,,,Y,,A,01,0,0,0,2,0,0,0,0,0,"- ","- ",32.773811340332031,-115.52696990966797,IMPERIAL,UNINCORPORATED,-115.52696990966797,32.773719787597656