CASE_ID,ACCIDENT_YEAR,PROC_DATE,JURIS,COLLISION_DATE,COLLISION_TIME,OFFICER_ID,REPORTING_DISTRICT,DAY_OF_WEEK,CHP_SHIFT,POPULATION,CNTY_CITY_LOC,SPECIAL_COND,BEAT_TYPE,CHP_BEAT_TYPE,CITY_DIVISION_LAPD,CHP_BEAT_CLASS,BEAT_NUMBER,PRIMARY_RD,SECONDARY_RD,DISTANCE,DIRECTION,INTERSECTION,WEATHER_1,WEATHER_2,STATE_HWY_IND,CALTRANS_COUNTY,CALTRANS_DISTRICT,STATE_ROUTE,ROUTE_SUFFIX,POSTMILE_PREFIX,POSTMILE,LOCATION_TYPE,RAMP_INTERSECTION,SIDE_OF_HWY,TOW_AWAY,COLLISION_SEVERITY,NUMBER_KILLED,NUMBER_INJURED,PARTY_COUNT,PRIMARY_COLL_FACTOR,PCF_CODE_OF_VIOL,PCF_VIOL_CATEGORY,PCF_VIOLATION,PCF_VIOL_SUBSECTION,HIT_AND_RUN,TYPE_OF_COLLISION,MVIW,PED_ACTION,ROAD_SURFACE,ROAD_COND_1,ROAD_COND_2,LIGHTING,CONTROL_DEVICE,CHP_ROAD_TYPE,PEDESTRIAN_ACCIDENT,BICYCLE_ACCIDENT,MOTORCYCLE_ACCIDENT,TRUCK_ACCIDENT,NOT_PRIVATE_PROPERTY,ALCOHOL_INVOLVED,STWD_VEHTYPE_AT_FAULT,CHP_VEHTYPE_AT_FAULT,COUNT_SEVERE_INJ,COUNT_VISIBLE_INJ,COUNT_COMPLAINT_PAIN,COUNT_PED_KILLED,COUNT_PED_INJURED,COUNT_BICYCLIST_KILLED,COUNT_BICYCLIST_INJURED,COUNT_MC_KILLED,COUNT_MC_INJURED,PRIMARY_RAMP,SECONDARY_RAMP,LATITUDE,LONGITUDE,COUNTY,CITY,POINT_X,POINT_Y
91393381,2021,2021-01-25,9625,2021-01-18,1040,016248,,1,1,9,1300,0,1,1,,2,005,"E/B I-8 TO N/B SR-111",SR-111,41.00,E,N,A,-,Y,,,8,,,,R,,,Y,2,0,1,1,A,-,03,22350,,N,F,A,A,A,H,-,A,D,0,,,,Y,Y,,G,26,1,0,0,0,0,0,0,0,0,"- ","- ",32.772941589355469,-115.50096130371094,IMPERIAL,UNINCORPORATED,-115.50096130371094,32.772941589355469
91402503,2021,2021-02-04,9625,2021-01-28,1611,019582,,4,2,9,1300,0,1,3,,1,042,SR-98,"WEED ROAD",0.00,,Y,A,-,Y,,,98,,,,,,,Y,2,0,4,2,A,-,09,21801,A,N,A,C,A,A,H,-,A,D,0,,,,,Y,,A,01,1,2,1,0,0,0,0,0,0,"- ","- ",32.6793212890625,-115.568359375,IMPERIAL,UNINCORPORATED,-115.568359375,32.679359436035156
91404268,2021,2021-02-08,9620,2021-01-27,0445,018028,,3,3,9,1300,0,1,1,,2,081,"INTERSTATE 8 E/B","OGILBY RD.",1541.00,W,N,A,-,Y,,,8,,,,,,E,Y,1,1,0,1,A,-,08,22107,,N,F,A,A,A,H,-,D,D,0,,,,,Y,,A,07,0,0,0,0,0,0,0,0,0,"- ","- ",32.760280609130859,-114.84188079833984,IMPERIAL,UNINCORPORATED,-114.84188842773438,32.760334014892578
91409369,2020,2021-02-16,9625,2020-12-24,1745,019668,,4,2,9,1300,0,1,1,,2,002,"INTERSTATE 8 WESTBOUND","IN KO PAH PARK ROAD",3043.00,E,N,B,-,Y,,,8,,,,,,W,Y,1,2,1,1,A,-,08,22107,,N,E,I,A,B,H,-,D,D,0,,,,,Y,,A,07,1,0,0,0,0,0,0,0,0,"- ","- ",32.661819458007812,-116.10369110107422,IMPERIAL,UNINCORPORATED,-116.10369873046875,32.66180419921875
91409429,2021,2021-02-16,9625,2021-02-09,2151,021107,,2,2,9,1300,0,1,3,,2,023,"STATE ROUTE 115","YOCUM ROAD",400.00,N,N,A,-,Y,,,115,,,,,,,Y,2,0,2,1,A,-,01,23152,A,N,F,A,A,A,H,-,D,D,0,,,,,Y,Y,A,07,2,0,0,0,0,0,0,0,0,"- ","- ",33.112239837646484,-115.44976043701172,IMPERIAL,UNINCORPORATED,-115.44972991943359,33.112239837646484
91418007,2021,2021-03-01,9625,2021-02-21,2500,020738,,7,4,9,1300,0,1,1,,2,001,"I-8 EASTBOUND","MOUNTAIN SPRINGS ROAD",15840.00,E,N,A,-,Y,,,8,,,,,,E,N,2,0,1,1,A,-,21,22106,,F,H,A,A,A,H,-,D,D,0,,,,,Y,,D,23,1,0,0,0,0,0,0,0,0,"- ","- ",32.693138122558594,-116.06385040283203,IMPERIAL,UNINCORPORATED,-116.06391143798828,32.693141937255859
91425998,2021,2021-03-12,9625,2021-03-02,1840,021107,,2,2,9,1300,0,1,3,,1,054,"SR-111 S/B","WORTHINGTON ROAD",1818.00,S,N,A,-,Y,,,111,,,,,,S,N,2,0,1,2,A,-,11,21954,A,N,G,B,E,A,H,-,D,D,0,Y,,,,Y,Y,N,60,1,0,0,0,1,0,0,0,0,"- ","- ",32.842819213867188,-115.50515747070312,IMPERIAL,UNINCORPORATED,-115.50506591796875,32.842876434326172
91438451,2021,2021-03-29,9625,2021-03-19,0058,018368,,5,3,9,1300,0,1,1,,2,001,"I-8 E/B","MOUNTAIN SPRINGS ROAD",6326.00,W,N,A,-,Y,,,8,,,,,,E,Y,2,0,1,1,A,-,08,22107,,N,E,I,A,A,H,-,D,D,0,,,,,Y,,A,01,1,0,0,0,0,0,0,0,0,"- ","- ",32.665401458740234,-116.10594940185547,IMPERIAL,UNINCORPORATED,-116.10585021972656,32.665420532226562
91447494,2021,2021-04-09,9625,2021-04-02,1230,018468,,5,1,9,1300,0,1,3,,1,042,"STATE ROUTE 98","MOLITAR ROAD",13517.00,E,N,A,-,Y,,,98,,,,,,,Y,2,0,1,1,A,-,08,22107,,N,F,A,A,A,H,-,A,D,0,,,,,Y,,A,07,1,0,0,0,0,0,0,0,0,"- ","- ",32.706890106201172,-115.93569183349609,IMPERIAL,UNINCORPORATED,-115.93563842773438,32.706935882568359
91449325,2021,2021-04-13,9625,2021-04-04,2330,019582,,7,3,9,1300,0,1,3,,1,012,"OPEN DESERT AREA","DOLPHIN DR.",172.00,W,N,A,-,N,,,,,,,,,,Y,2,0,1,1,A,-,08,38314,,N,F,A,A,A,H,-,D,D,0,,,,,Y,,D,22,1,0,0,0,0,0,0,0,0,"- ","- ",33.3226318359375,-115.96676635742188,IMPERIAL,UNINCORPORATED,,
91452085,2021,2021-04-16,9625,2021-02-02,1900,018792,,2,2,9,1300,0,3,5,,2,010,"SHORE OASIS STREET","SOUTH MARINA DRIVE",198.00,E,N,A,-,N,,,,,,,,,,N,1,1,0,2,C,-,18,,,N,G,B,E,A,H,-,D,D,0,Y,,,,Y,,-,"- ",0,0,0,1,0,0,0,0,0,"- ","- ",33.288318634033203,-115.96269989013672,IMPERIAL,UNINCORPORATED,-115.96274566650391,33.288227081298828
91461506,2021,2021-04-29,9625,2021-03-07,1149,018368,,7,1,9,1300,0,1,1,,2,002,"I-8 W/B",SR-98,21226.00,W,N,A,-,Y,,,8,,,,,,W,Y,1,1,0,1,A,-,08,22107,,N,E,I,A,A,H,-,A,D,0,,,Y,,Y,,C,02,0,0,0,0,0,0,0,1,0,"- ","- ",32.709480285644531,-116.06555938720703,IMPERIAL,UNINCORPORATED,-116.06549835205078,32.709503173828125
91466511,2021,2021-05-05,9625,2021-03-25,0105,019225,,4,3,9,1300,0,1,3,,2,052,SR-98,"VENCILL ROAD",2175.00,E,N,A,-,Y,,,98,,,,,,,Y,1,1,0,2,A,-,03,22350,,N,C,C,A,A,H,-,D,D,0,,,,,Y,,A,01,0,0,0,0,0,0,0,0,0,"- ","- ",32.693740844726562,-115.34750366210938,IMPERIAL,UNINCORPORATED,-115.34749603271484,32.693805694580078
91482885,2021,2021-05-27,9625,2021-05-03,1153,018468,,1,1,9,1300,0,1,3,,2,052,"STATE ROUTE 98","HOLDRIDGE ROAD",8478.00,E,N,A,-,Y,,,98,,,,,,,Y,1,1,2,2,A,-,05,21650,,N,A,C,A,A,H,-,A,D,0,,,,,Y,,A,07,1,1,0,0,0,0,0,0,0,"- ","- ",32.711799621582031,-115.24935150146484,IMPERIAL,UNINCORPORATED,-115.24935150146484,32.711814880371094
91486989,2021,2021-06-21,9625,2021-05-23,0845,018368,,7,1,9,1300,0,2,4,,2,047,"FORRESTER ROAD","ATEN ROAD",0.00,,Y,A,-,N,,,,,,,,,,N,2,0,2,2,A,-,12,22450,A,N,D,C,A,A,H,-,A,A,0,,,,,Y,Y,A,01,2,0,0,0,0,0,0,0,0,"- ","- ",32.82550048828125,-115.62071990966797,IMPERIAL,UNINCORPORATED,-115.61183166503906,32.810840606689453
91506987,2021,2021-06-25,9625,2021-06-15,1340,018792,,2,1,9,1300,0,3,5,,2,020,"TAEKER ROAD","HASTAIN ROAD",0.00,,Y,A,-,N,,,,,,,,,,Y,2,0,2,2,A,-,09,21800,A,N,D,C,A,A,H,-,A,D,0,,,,Y,Y,,D,22,2,0,0,0,0,0,0,0,0,"- ","- ",32.986408233642578,-115.40614318847656,IMPERIAL,UNINCORPORATED,-115.40614318847656,32.9864501953125
91513902,2021,2021-08-11,9625,2021-06-26,1601,018468,,6,2,9,1300,0,1,3,,2,023,"STATE ROUTE 115","ALBRIGHT ROAD",0.00,,Y,A,-,Y,,,115,,,,,,,Y,1,1,1,2,A,-,01,23152,A,N,D,C,A,A,H,-,A,A,0,,,,,Y,Y,A,01,1,0,0,0,0,0,0,0,0,"- ","- ",33.103981018066406,-115.44967651367188,IMPERIAL,UNINCORPORATED,-115.44966125488281,33.103981018066406
91519379,2021,2021-07-13,9625,2021-06-05,1518,019667,,6,2,9,1300,0,1,3,,1,042,"STATE ROUTE 98","DREW ROAD",355.00,E,N,A,-,Y,,,98,,,,,,,Y,1,1,1,1,A,-,08,22107,,N,E,I,A,A,H,-,A,D,0,,,,,Y,,A,07,1,0,0,0,0,0,0,0,0,"- ","- ",32.679069519042969,-115.67095947265625,IMPERIAL,UNINCORPORATED,-115.67097473144531,32.679130554199219
91524345,2021,2021-07-20,9625,2021-07-10,1050,018930,,6,1,9,1300,0,3,5,,2,050,"HEBER ROAD","ANDERHOLT ROAD",2640.00,E,N,A,-,N,,,,,,,,,,Y,2,0,4,1,A,-,08,22107,,N,F,A,A,A,H,-,A,D,0,,,,,Y,,A,01,1,3,0,0,0,0,0,0,0,"- ","- ",32.730251312255859,-115.40509033203125,IMPERIAL,UNINCORPORATED,-115.40525054931641,32.730377197265625
91531097,2021,2021-07-28,9620,2021-07-21,0216,020054,,3,3,9,1300,0,1,1,,2,081,"W/B I-8","OGILBY ROAD",4752.00,W,N,A,-,Y,,,8,,,,,,,Y,2,0,2,1,A,-,08,22107,,N,E,I,A,A,H,-,D,D,0,,,,,Y,,A,01,1,1,0,0,0,0,0,0,0,"- ","- ",32.758071899414062,-114.85202789306641,IMPERIAL,UNINCORPORATED,-114.85201263427734,32.758014678955078
91535197,2021,2021-08-02,9625,2021-07-23,2205,021107,,5,3,9,1300,0,1,3,,1,022,"STATE ROUTE 111","HOWELL ROAD",3485.00,S,N,A,-,Y,,,111,,,,,,,Y,2,0,1,1,A,-,08,22107,,N,F,A,A,A,H,-,D,D,0,,,,,Y,,A,07,1,0,0,0,0,0,0,0,0,"- ","- ",33.299209594726562,-115.59020233154297,IMPERIAL,UNINCORPORATED,-115.59024810791016,33.299175262451172
91535533,2021,2021-08-03,9620,2021-06-10,1440,014306,,4,2,9,1300,0,1,3,,1,063,SR-78,"MITCHELLS CAMP RD.",1056.00,W,N,A,-,Y,,,,,,,,,,Y,1,2,1,3,A,-,05,21460,A,N,B,C,A,A,H,-,A,D,0,,,,Y,Y,,A,07,0,1,0,0,0,0,0,0,0,"- ","- ",33.319709777832031,-114.73361968994141,IMPERIAL,UNINCORPORATED,-114.73243713378906,33.321933746337891
91536164,2021,2021-08-03,9625,2021-07-28,1540,019225,,3,2,9,1300,0,1,3,,1,054,"SR-111 N/B","WORTHINGTON ROAD",0.00,,Y,A,-,Y,,,,,,,,,,Y,2,0,3,2,A,-,12,21453,A,N,D,C,A,A,H,-,A,A,0,,,,Y,Y,,A,08,1,0,2,0,0,0,0,0,0,"- ","- ",32.820220947265625,-115.57051849365234,IMPERIAL,UNINCORPORATED,-115.50747680664062,32.847362518310547
91541761,2021,2021-08-10,9625,2021-03-15,1620,021107,,1,2,9,1300,0,1,3,,1,012,"STATE ROUTE 86 NORTHBOUND","NORTH MARINA DRIVE",2014.00,N,N,F,G,Y,,,86,,,,,,N,Y,1,1,1,3,A,-,03,22350,,N,G,B,E,A,H,-,A,D,0,Y,,,,Y,,D,22,0,1,0,1,0,0,0,0,0,"- ","- ",33.3077392578125,-115.98535919189453,IMPERIAL,UNINCORPORATED,-115.98532867431641,33.307765960693359
91549607,2021,2021-08-19,9625,2021-08-13,1930,019668,,5,2,9,1300,0,3,5,,2,050,"KLOKE ROAD","COLE ROAD",0.00,,Y,A,-,N,,,,,,,,,,N,2,0,1,2,A,-,12,22450,A,N,D,C,A,A,H,-,C,A,0,,,Y,,Y,,C,02,1,0,0,0,0,0,0,0,1,"- ","- ",32.694061279296875,-115.51673889160156,IMPERIAL,UNINCORPORATED,-115.51679229736328,32.693992614746094
91562203,2021,2021-09-03,9625,2021-08-24,0352,020263,,2,3,9,1300,0,1,3,,2,014,"SR-78 W/B","BRANDT ROAD",0.00,,Y,A,-,Y,,,78,,,,,,W,Y,2,0,1,2,A,-,01,23152,A,N,D,D,A,A,H,-,C,A,0,,,,,Y,Y,A,07,1,0,0,0,0,0,0,0,0,"- ","- ",33.000408172607422,-115.56143951416016,IMPERIAL,UNINCORPORATED,-115.56143951416016,33.000335693359375
91573517,2021,2021-09-17,9625,2021-09-12,1833,018468,,7,2,9,1300,0,1,1,,2,001,"INTERSTATE 8 (E/B)","MOUNTAIN SPRINGS ROAD",1219.00,W,N,A,-,Y,,,8,,,,,,,Y,2,0,1,1,A,-,03,22350,,N,F,A,A,A,H,-,A,D,0,,,,Y,Y,,G,25,1,0,0,0,0,0,0,0,0,"- ","- ",32.676609039306641,-116.10603332519531,IMPERIAL,UNINCORPORATED,-116.10599517822266,32.676582336425781
91574329,2021,2021-09-20,9625,2021-09-11,1250,018978,,6,1,9,1300,0,1,3,,2,053,"SR-111 N/B","MCCABE ROAD",150.00,N,N,A,-,Y,,,111,,,,,,N,Y,2,0,1,1,A,-,08,22107,,N,F,A,A,A,H,-,A,D,0,,,,,Y,,A,07,1,0,0,0,0,0,0,0,0,"- ","- ",32.753921508789062,-115.50086975097656,IMPERIAL,UNINCORPORATED,-115.50077819824219,32.753921508789062
91587240,2021,2021-10-04,9625,2021-09-25,1305,021232,,6,1,9,1300,0,3,5,,2,050,"HEBER ROAD",ANDERHOLT,2112.00,E,N,A,-,N,,,,,,,,,,Y,2,0,2,1,A,-,08,22107,,N,F,A,A,A,H,-,A,D,0,,,,,Y,,D,22,1,1,0,0,0,0,0,0,0,"- ","- ",32.730079650878906,-115.40699768066406,IMPERIAL,UNINCORPORATED,-115.40692138671875,32.730129241943359
91594115,2021,2021-10-12,9625,2021-10-02,1815,018792,,6,2,9,1300,0,1,3,,1,022,SR-111,"RANGE ROAD",835.00,S,N,A,-,Y,,,111,,,,,,,Y,2,0,2,1,A,-,01,23152,A,N,E,I,A,A,H,-,B,D,0,,,,,Y,Y,A,01,2,0,0,0,0,0,0,0,0,"- ","- ",33.367168426513672,-115.76918029785156,IMPERIAL,UNINCORPORATED,-115.76925659179688,33.367069244384766
91594588,2021,2021-10-12,9620,2021-10-10,1345,018535,,7,1,9,1300,0,1,3,,1,063,SR-78,"MIDWAY WELL ROAD",7920.00,W,N,A,G,Y,,,78,,,,,,,Y,2,0,1,1,A,-,08,22107,,N,E,I,A,A,H,-,A,D,0,,,,,Y,,A,01,1,0,0,0,0,0,0,0,0,"- ","- ",33.196258544921875,-114.85907745361328,IMPERIAL,UNINCORPORATED,-114.85914611816406,33.196281433105469
91596204,2021,2021-10-14,9625,2021-10-03,1538,021232,,7,2,9,1300,0,3,5,,2,020,"WEIST ROAD","NOFFSINGER ROAD",210.00,N,N,A,-,N,,,,,,,,,,Y,2,0,1,2,A,-,02,22526,C,N,H,F,A,A,H,-,A,A,0,,,,,Y,,A,01,1,0,0,0,0,0,0,0,0,"- ","- ",33.216148376464844,-115.45249176025391,IMPERIAL,UNINCORPORATED,-115.45288848876953,33.216648101806641
91598961,2021,2021-10-18,9625,2021-07-30,2040,018792,,5,2,9,1300,0,1,3,,2,024,SR-78,"WHITLOCK ROAD",4541.00,E,N,A,-,Y,,,,,,,,,,Y,1,2,5,3,A,-,05,21650,,N,B,C,A,A,H,-,D,D,0,,,,Y,Y,,A,01,2,3,0,0,0,0,0,0,0,"- ","- ",32.970508575439453,-115.57021331787109,IMPERIAL,UNINCORPORATED,-115.28261566162109,32.970512390136719
91647469,2021,2021-12-09,9625,2021-11-29,1525,018933,,1,2,9,1300,0,2,4,,2,046,"DOGWOOD ROAD","COLE ROAD",200.00,N,N,A,-,N,,,,,,,,,,Y,2,0,1,2,A,-,09,21801,A,N,D,C,A,A,H,-,A,D,0,,,Y,,Y,,A,07,1,0,0,0,0,0,0,0,1,"- ","- ",32.695228576660156,-115.53399658203125,IMPERIAL,UNINCORPORATED,-115.53400421142578,32.694545745849609
91647498,2021,2021-12-09,9625,2021-11-26,1218,019582,,5,1,9,1300,0,3,5,,2,040,"WHEELER ROAD","HUFF ROAD",18480.00,W,N,A,-,N,,,,,,,,,,Y,2,0,4,2,A,-,01,23152,A,N,D,C,A,A,H,-,A,D,0,,,,,Y,Y,D,22,1,2,1,0,0,0,0,0,0,"- ","- ",32.893718719482422,-115.78131103515625,IMPERIAL,UNINCORPORATED,-115.74817657470703,32.870559692382812
91649192,2021,2021-12-10,9625,2021-11-30,1025,018930,,2,1,9,1300,0,3,5,,2,040,"AUSTIN ROAD","HARRIS ROAD",2653.00,N,N,A,-,N,,,,,,,,,,Y,2,0,2,2,A,-,08,22107,,N,C,C,A,A,H,-,A,D,0,,,,Y,Y,,G,26,1,0,1,0,0,0,0,0,0,"- ","- ",32.897991180419922,-115.5948486328125,IMPERIAL,UNINCORPORATED,-115.59493255615234,32.897880554199219
9165648,2020,2020-12-01,1301,2020-08-08,1842,9A2,BRAWL,6,5,3,1301,0,0,0,,0,003,"RT 111","RT 78",0.00,,Y,A,-,Y,IMP,11,78,-,-,15.499,I,5,E,Y,2,0,8,2,A,-,12,21453,A,N,D,C,A,A,H,-,A,A,0,,,,,Y,,A,01,1,6,1,0,0,0,0,0,0,"- ","- ",,,IMPERIAL,BRAWLEY,-115.5013427734375,32.978641510009766
91671332,2021,2022-01-05,9620,2021-12-28,1000,018247,,2,1,9,1300,0,2,4,,1,061,"OGILBY RD",SR-78,85.00,N,N,A,-,N,,,,,,,,,,Y,2,0,1,1,A,-,03,22350,,N,F,A,A,A,H,-,A,A,0,,,,,Y,,M,47,1,0,0,0,0,0,0,0,0,"- ","- ",33.085468292236328,-114.91159057617188,IMPERIAL,UNINCORPORATED,-114.91136169433594,33.085491180419922
91673729,2022,2022-01-07,9625,2022-01-01,1415,021232,,6,2,9,1300,0,1,1,,2,004,"I-8 W/B","DERRICK ROAD",2112.00,W,N,A,-,Y,IMP,,8,,R,28.524,H,,L,Y,2,0,3,1,A,-,08,22107,,N,F,A,A,A,H,-,A,D,0,,,,,Y,,A,01,1,2,0,0,0,0,0,0,0,"- ","- ",32.774200439453125,-115.71454620361328,IMPERIAL,UNINCORPORATED,-115.71455383300781,32.774139404296875
91675966,2022,2022-01-11,9625,2022-01-01,0200,020516,,6,3,9,1300,0,1,3,,2,053,"SR-111 N/B","MCCABE ROAD",1100.00,N,N,A,-,Y,IMP,,111,,R,6.478,H,,R,Y,2,0,1,2,A,-,03,22350,,F,C,C,A,A,H,-,D,D,0,,,,,Y,,-,99,1,0,0,0,0,0,0,0,0,"- ","- ",32.755851745605469,-115.50077819824219,IMPERIAL,UNINCORPORATED,-115.50070190429688,32.755851745605469
91696222,2022,2022-02-08,9625,2022-01-28,2318,022010,,5,3,9,1300,0,3,5,,2,050,"MCCABE ROAD","PITZER ROAD",2534.00,E,N,A,-,N,,,,,,,,,,Y,2,0,2,1,A,-,08,22107,,N,F,I,A,A,H,-,C,D,0,,,,,Y,,A,01,1,1,0,0,0,0,0,0,0,"- ","- ",32.752410888671875,-115.50937652587891,IMPERIAL,UNINCORPORATED,-115.50944519042969,32.752475738525391
91701519,2022,2022-02-15,9625,2022-02-04,0410,019582,,5,3,9,1300,0,3,5,,2,040,"MCCABE ROAD","NICHOLS RD.",700.00,E,N,A,-,N,,,,,,,,,,Y,2,0,1,1,A,-,01,23152,A,N,E,I,A,A,H,-,D,D,0,,,,,Y,Y,A,01,1,0,0,0,0,0,0,0,0,"- ","- ",32.752449035644531,-115.601806640625,IMPERIAL,UNINCORPORATED,-115.60126495361328,32.752487182617188
91701561,2022,2022-02-15,9625,2022-02-07,2008,018792,,1,2,9,1300,0,1,3,,1,012,"SR-86 S/B","COOLIDGE SPRINGS ROAD",1584.00,N,N,A,-,Y,IMP,,86,,,65.388,H,,L,Y,2,0,1,1,A,-,08,22107,,N,E,I,A,A,H,-,D,D,0,,,,,Y,,A,01,1,0,0,0,0,0,0,0,0,"- ","- ",33.394760131835938,-116.04367065429688,IMPERIAL,UNINCORPORATED,-116.04364776611328,33.394763946533203
91705714,2021,2022-02-22,9625,2021-12-09,0501,021107,,4,3,9,1300,0,1,1,,2,003,"INTERSTATE 8 E/B","4TH STREET",572.00,W,N,A,-,Y,,,,,,,,,,Y,1,1,0,1,A,-,08,22107,,N,E,8,A,A,H,-,D,D,0,,,,,Y,,D,22,0,0,0,0,0,0,0,0,0,"- ","- ",32.773651123046875,-115.55429077148438,IMPERIAL,UNINCORPORATED,-115.55397796630859,32.773712158203125
91711349,2021,2022-02-28,9625,2021-11-04,1410,019667,,4,2,9,1300,0,1,3,,1,042,"STATE ROUTE 98","SIGNAL ROAD",48576.00,W,N,A,-,Y,,,98,,,,,,,Y,1,1,1,2,A,-,06,21751,,N,A,C,A,A,H,-,A,D,0,,,,,Y,,D,22,1,0,0,0,0,0,0,0,0,"- ","- ",32.671428680419922,-115.84961700439453,IMPERIAL,UNINCORPORATED,-115.84962463378906,32.671440124511719
91741631,2022,2022-04-05,9625,2022-03-26,1015,020996,,6,1,9,1300,0,3,5,,2,040,"IMPERIAL HIGHWAY","IMPERIAL PLACE",12.00,S,N,A,-,N,,,,,,,,,,N,2,0,1,1,A,-,03,22350,,N,F,A,A,A,H,-,A,D,0,,,Y,,Y,,C,02,1,0,0,0,0,0,0,0,1,"- ","- ",32.747028350830078,-115.99463653564453,IMPERIAL,UNINCORPORATED,-115.99497985839844,32.747150421142578
91743085,2022,2022-04-07,9625,2022-03-25,0536,019582,,5,3,9,1300,0,1,3,,1,011,"SR-86 N/B","ANDRE ROAD",958.00,S,N,A,-,Y,IMP,,86,,R,25.163,H,,R,Y,2,0,2,2,A,-,03,22350,,N,C,C,A,A,H,-,C,D,0,,,,,Y,,A,01,1,0,1,0,0,0,0,0,0,"- ","- ",33.0130615234375,-115.59839630126953,IMPERIAL,UNINCORPORATED,-115.59842681884766,33.013050079345703
91753515,2022,2022-04-21,9625,2022-03-07,1018,017727,,1,1,9,1300,0,1,3,,1,022,SR-111,"SARGO DR.",5423.00,S,N,A,-,Y,IMP,,111,,,63.968,H,,R,Y,1,2,0,1,A,-,08,22107,,N,F,A,A,A,H,-,A,D,0,,,,,Y,,D,22,0,0,0,0,0,0,0,0,0,"- ","- ",33.410800933837891,-115.81620025634766,IMPERIAL,UNINCORPORATED,-115.81617736816406,33.410820007324219
91754347,2022,2022-04-22,9625,2022-04-12,0520,020996,,2,3,9,1300,0,3,5,,2,020,"BRANDT ROAD","ANDRE ROAD",0.00,,Y,A,-,N,,,,,,,,,,Y,2,0,2,2,A,-,12,22450,A,N,D,C,A,A,H,-,B,A,0,,,,,Y,,D,22,1,0,1,0,0,0,0,0,0,"- ","- ",33.015460968017578,-115.56140899658203,IMPERIAL,UNINCORPORATED,-115.56142425537109,33.015483856201172
91755576,2022,2022-04-25,9625,2022-02-08,1720,018792,,2,2,9,1300,0,3,5,,2,010,"BORREGO SALTON SEAWAY (S22)","VERONICA AVENUE",1848.00,W,N,A,-,N,,,,,,,,,,Y,1,1,0,1,A,-,08,22107,,N,F,A,A,A,H,-,A,D,0,,,,Y,Y,,G,25,0,0,0,0,0,0,0,0,0,"- ","- ",33.263908386230469,-116.00028228759766,IMPERIAL,UNINCORPORATED,-115.99907684326172,33.264228820800781
91757868,2022,2022-04-27,9625,2022-04-20,0115,020996,,3,3,9,1300,0,1,3,,1,044,"SR-86 N/B","GRIMES ROAD",1560.00,S,N,A,G,Y,IMP,,86,,,14.033,H,,R,Y,2,0,1,1,A,-,01,23152,A,N,E,I,A,A,H,-,D,D,0,,,,,Y,Y,D,22,1,0,0,0,0,0,0,0,0,"- ","- ",32.894088745117188,-115.56992340087891,IMPERIAL,UNINCORPORATED,-115.57006072998047,32.894092559814453
91759446,2022,2022-04-28,9625,2022-02-24,1829,018792,,4,2,9,1300,0,1,3,,1,012,"SR-86 N/B","HARVARD AVENUE",0.00,,Y,A,-,Y,IMP,,86,,,55.253,H,,R,Y,1,1,0,2,A,-,09,21802,A,N,D,C,A,A,H,-,D,A,0,,,Y,,Y,,E,22,0,0,0,0,0,0,0,1,0,"- ","- ",33.268600463867188,-115.95623016357422,IMPERIAL,UNINCORPORATED,-115.95623779296875,33.268592834472656
91760894,2022,2022-04-29,9625,2022-04-19,0955,016248,,2,1,9,1300,0,1,1,,2,004,"I-8 E/B","MILLER ROAD",3230.00,W,N,A,-,Y,IMP,,8,,R,51.889,H,,R,Y,2,0,2,1,A,-,08,22107,,N,F,A,A,A,H,-,A,D,0,,,Y,,Y,,C,02,2,0,0,0,0,0,0,0,2,"- ","- ",32.773399353027344,-115.31320190429688,IMPERIAL,UNINCORPORATED,-115.31320190429688,32.773193359375
91763570,2022,2022-05-03,9625,2022-03-24,2145,018933,,4,2,9,1300,0,3,5,,2,050,"BOWKER ROAD","COLE BOULEVARD",1099.00,N,N,A,-,N,,,,,,,,,,Y,1,1,0,1,A,-,08,22107,,N,E,I,A,A,H,-,D,D,0,,,,,Y,Y,A,01,0,0,0,0,0,0,0,0,0,"- ","- ",32.697010040283203,-115.46518707275391,IMPERIAL,UNINCORPORATED,-115.46514129638672,32.696910858154297