CASE_ID,ACCIDENT_YEAR,PROC_DATE,JURIS,COLLISION_DATE,COLLISION_TIME,OFFICER_ID,REPORTING_DISTRICT,DAY_OF_WEEK,CHP_SHIFT,POPULATION,CNTY_CITY_LOC,SPECIAL_COND,BEAT_TYPE,CHP_BEAT_TYPE,CITY_DIVISION_LAPD,CHP_BEAT_CLASS,BEAT_NUMBER,PRIMARY_RD,SECONDARY_RD,DISTANCE,DIRECTION,INTERSECTION,WEATHER_1,WEATHER_2,STATE_HWY_IND,CALTRANS_COUNTY,CALTRANS_DISTRICT,STATE_ROUTE,ROUTE_SUFFIX,POSTMILE_PREFIX,POSTMILE,LOCATION_TYPE,RAMP_INTERSECTION,SIDE_OF_HWY,TOW_AWAY,COLLISION_SEVERITY,NUMBER_KILLED,NUMBER_INJURED,PARTY_COUNT,PRIMARY_COLL_FACTOR,PCF_CODE_OF_VIOL,PCF_VIOL_CATEGORY,PCF_VIOLATION,PCF_VIOL_SUBSECTION,HIT_AND_RUN,TYPE_OF_COLLISION,MVIW,PED_ACTION,ROAD_SURFACE,ROAD_COND_1,ROAD_COND_2,LIGHTING,CONTROL_DEVICE,CHP_ROAD_TYPE,PEDESTRIAN_ACCIDENT,BICYCLE_ACCIDENT,MOTORCYCLE_ACCIDENT,TRUCK_ACCIDENT,NOT_PRIVATE_PROPERTY,ALCOHOL_INVOLVED,STWD_VEHTYPE_AT_FAULT,CHP_VEHTYPE_AT_FAULT,COUNT_SEVERE_INJ,COUNT_VISIBLE_INJ,COUNT_COMPLAINT_PAIN,COUNT_PED_KILLED,COUNT_PED_INJURED,COUNT_BICYCLIST_KILLED,COUNT_BICYCLIST_INJURED,COUNT_MC_KILLED,COUNT_MC_INJURED,PRIMARY_RAMP,SECONDARY_RAMP,LATITUDE,LONGITUDE,COUNTY,CITY,POINT_X,POINT_Y
91764098,2022,2022-05-04,9620,2022-04-26,1543,018535,,2,2,9,1300,0,2,4,,1,061,"(S-34) OGILBY ROAD","INDIAN PASS RD",8448.00,S,N,B,G,N,,,,,,,,,,Y,2,0,2,1,A,-,08,22107,,N,F,A,A,A,H,-,A,D,0,,,Y,,Y,,C,02,1,1,0,0,0,0,0,0,2,"- ","- ",32.929080963134766,-114.84397125244141,IMPERIAL,UNINCORPORATED,-114.87712097167969,32.915687561035156
91766364,2022,2022-05-06,9625,2022-04-30,2205,020996,,6,3,9,1300,0,1,3,,1,012,"SR-86 (S/B)","NORTH MARINA DRIVE",0.00,,Y,A,-,Y,,,,,,,,,,Y,2,0,8,2,A,-,12,22450,A,N,D,C,A,A,H,-,D,A,0,,,,,Y,,A,01,2,3,3,0,0,0,0,0,0,"- ","- ",33.302841186523438,-115.92803955078125,IMPERIAL,UNINCORPORATED,-115.98171997070312,33.302890777587891
91773229,2022,2022-05-16,9625,2022-05-08,1808,021107,,7,2,9,1300,0,3,5,,2,040,"DOS CABEZA ROAD","IMPERIAL HIGHWAY",1440.00,S,N,A,-,N,,,,,,,,,,Y,2,0,1,1,A,-,08,22107,,N,F,A,A,A,H,-,A,D,0,,,Y,,Y,,C,06,1,0,0,0,0,0,0,0,1,"- ","- ",32.749851226806641,-116.04929351806641,IMPERIAL,UNINCORPORATED,,
91773896,2022,2022-05-17,9625,2022-05-08,2000,019582,,7,2,9,1300,0,3,5,,2,010,"GENTRY ROAD","KUNS ROAD",2650.00,N,N,A,-,N,,,,,,,,,,Y,2,0,1,1,A,-,08,22107,,N,E,I,A,A,H,-,D,D,0,,,,,Y,,A,01,1,0,0,0,0,0,0,0,0,"- ","- ",33.162200927734375,-115.61422729492188,IMPERIAL,UNINCORPORATED,-115.61437225341797,33.162021636962891
91788065,2022,2022-06-03,9620,2022-06-01,0505,018028,,3,3,9,1300,0,1,3,,1,063,SR-78,"MITCHELLS CAMP RD.",2112.00,E,N,A,-,Y,IMP,,78,,,72.070,H,,R,N,2,0,1,1,A,-,08,22107,,N,F,A,A,A,H,-,B,D,0,,,,,Y,,A,01,1,0,0,0,0,0,0,0,0,"- ","- ",33.31365966796875,-114.73606109619141,IMPERIAL,UNINCORPORATED,-114.73607635498047,33.313671112060547
91789320,2022,2022-06-06,9625,2022-05-30,1850,019668,,1,2,9,1300,0,2,4,,2,045,"EVAN HEWES HIGHWAY","PAINTED GORGE ROAD",24.00,W,N,A,-,N,,,,,,,,,,N,2,0,1,1,A,-,03,22350,,N,E,J,A,A,D,-,B,B,0,,,Y,,Y,,C,02,1,0,0,0,0,0,0,0,1,"- ","- ",32.762660980224609,-115.93148803710938,IMPERIAL,UNINCORPORATED,-115.93155670166016,32.762592315673828
91795056,2022,2022-06-14,9625,2022-05-08,0520,022010,,7,3,9,1300,0,1,3,,2,053,"SR-111 (N/B)","HEBER ROAD",3168.00,S,N,A,-,Y,IMP,,111,,R,4.109,H,,R,Y,1,1,2,3,A,-,05,21651,B,N,A,C,A,A,H,-,D,D,0,,,,,Y,,A,01,2,0,0,0,0,0,0,0,0,"- ","- ",32.721500396728516,-115.50012969970703,IMPERIAL,UNINCORPORATED,-115.50015258789062,32.721500396728516
91800449,2022,2022-06-22,9625,2022-06-14,1340,016248,,2,1,9,1300,0,1,3,,2,052,SR-98,"ANDERHOLT ROAD",1756.00,W,N,A,-,Y,IMP,,98,,,37.289,H,,R,Y,2,0,1,1,C,-,18,,,N,H,J,A,A,A,-,A,D,0,,,,,Y,,-,"- ",1,0,0,0,0,0,0,0,0,"- ","- ",32.693950653076172,-115.41963195800781,IMPERIAL,UNINCORPORATED,-115.41963195800781,32.693828582763672
91826185,2022,2022-07-27,9625,2022-07-20,2024,018978,,3,2,9,1300,0,2,4,,2,047,"FORRESTER ROAD","LARSEN ROAD",1276.00,S,N,A,-,N,,,,,,,,,,Y,2,0,1,1,A,-,08,22107,,N,F,A,A,A,H,-,D,D,0,,,,,Y,,A,01,1,0,0,0,0,0,0,0,0,"- ","- ",32.872859954833984,-115.62090301513672,IMPERIAL,UNINCORPORATED,-115.62084197998047,32.872798919677734
91829870,2021,2022-08-02,9625,2021-03-02,0614,018136,,2,1,9,1300,0,1,3,,2,056,"STATE ROUTE 115","NORRISH ROAD",0.00,,Y,A,-,Y,,,115,,,,,,,Y,1,13,13,2,A,-,01,23152,F,N,D,C,A,A,H,-,A,A,0,,,,Y,Y,,A,07,10,3,0,0,0,0,0,0,0,"- ","- ",32.832759857177734,-115.40611267089844,IMPERIAL,UNINCORPORATED,-115.40616607666016,32.832759857177734
91855283,2022,2022-09-01,9625,2022-08-02,1257,018773,,2,1,9,1300,0,1,3,,1,054,"SR-111 (S/B)","ATEN ROAD",2101.00,N,N,A,-,Y,IMP,,111,,R,11.721,H,,R,Y,1,1,0,2,A,-,08,22107,,N,F,A,A,A,H,-,A,D,0,,,,,Y,,A,07,0,0,0,0,0,0,0,0,0,"- ","- ",32.831878662109375,-115.50048828125,IMPERIAL,UNINCORPORATED,-115.50033569335938,32.831893920898438
91863145,2022,2022-09-13,9625,2022-07-25,1915,018978,,1,2,9,1300,0,1,1,,2,001,"INTERSTATE 8 (E/B)","IN KO PAH PARK ROAD",5666.00,E,N,B,C,Y,IMP,,8,,R,0.949,H,,R,Y,1,1,1,1,A,-,03,22350,,N,E,8,A,B,H,-,D,D,0,,,,,Y,,A,01,1,0,0,0,0,0,0,0,0,"- ","- ",32.656299591064453,-116.09715270996094,IMPERIAL,UNINCORPORATED,-116.09716033935547,32.656303405761719
91876583,2022,2022-09-29,9620,2022-09-23,0612,018464,,5,1,9,1300,0,1,3,,1,063,SR-78,"BLYTHE OGILBY ROAD",8976.00,E,N,A,-,Y,IMP,,78,,,57.732,H,,R,N,2,0,1,1,A,-,08,22107,,N,F,A,A,A,H,-,A,D,0,,,,,Y,,-,"- ",1,0,0,0,0,0,0,0,0,"- ","- ",33.155559539794922,-114.86898803710938,IMPERIAL,UNINCORPORATED,-114.86901092529297,33.155563354492188
91882741,2022,2022-10-05,9625,2022-09-25,1804,021107,,7,2,9,1300,0,1,3,,1,022,"STATE ROUTE 111","RANGE ROAD",948.00,N,N,A,-,Y,IMP,,111,,,60.176,H,,R,Y,2,0,1,1,A,-,01,23152,A,N,E,I,A,A,H,-,A,D,0,,,,,Y,Y,A,01,1,0,0,0,0,0,0,0,0,"- ","- ",33.369800567626953,-115.77288818359375,IMPERIAL,UNINCORPORATED,-115.77291870117188,33.369770050048828
91890385,2022,2022-10-14,9625,2022-10-09,0825,017727,,7,1,9,1300,0,1,3,,1,012,"SR-86 (N/B)","TREADWELL BLVD",2100.00,N,N,A,-,Y,IMP,,86,,,60.449,H,,R,Y,2,0,1,1,A,-,08,22107,,N,E,I,A,A,H,-,A,D,0,,,,,Y,,A,01,1,0,0,0,0,0,0,0,0,"- ","- ",33.332500457763672,-116.00389862060547,IMPERIAL,UNINCORPORATED,-116.00379180908203,33.332557678222656
91901005,2022,2022-10-27,9625,2022-10-18,1712,018773,,2,2,9,1300,0,1,3,,1,054,"SR-111 (N/B)","KEYSTONE ROAD",2524.00,N,N,A,-,Y,IMP,,111,,R,17.867,H,,R,Y,2,0,1,1,A,-,01,23152,A,N,F,A,A,A,H,-,A,D,0,,,,,Y,Y,A,07,1,0,0,0,0,0,0,0,0,"- ","- ",32.919651031494141,-115.509033203125,IMPERIAL,UNINCORPORATED,-115.50898742675781,32.919651031494141
91911313,2022,2022-11-07,9625,2022-10-27,1450,018368,,4,2,9,1300,0,3,5,,2,040,"BROCKMAN ROAD","LYONS ROAD",38.00,N,N,A,-,N,,,,,,,,,,N,2,0,1,2,A,-,08,22107,,N,D,C,A,A,H,-,A,D,0,,,Y,Y,Y,,F,26,1,0,0,0,0,0,0,0,1,"- ","- ",32.716159820556641,-115.63773345947266,IMPERIAL,UNINCORPORATED,-115.63777923583984,32.716175079345703
91914723,2022,2022-12-09,9625,2022-11-01,0900,017727,,2,1,9,1300,0,3,5,,2,040,"AUSTIN ROAD","WORTHINGTON ROAD",0.00,,Y,A,-,N,,,,,,,,,,Y,2,0,3,2,A,-,12,22450,A,N,D,C,A,A,H,-,A,A,0,,,,,Y,,A,01,1,1,1,0,0,0,0,0,0,"- ","- ",32.84735107421875,-115.59494781494141,IMPERIAL,UNINCORPORATED,-115.59496307373047,32.847381591796875
91919518,2022,2022-11-16,9625,2022-11-05,2310,020996,,6,3,9,1300,0,1,3,,1,012,"SR-86 (N/B)","NORTH MARINA DRIVE",0.00,,Y,A,-,Y,IMP,,86,,,58.043,H,,R,Y,2,0,8,2,A,-,12,22450,A,N,D,C,A,A,H,-,D,A,0,,,,,Y,,A,01,4,3,1,0,0,0,0,0,0,"- ","- ",33.302928924560547,-115.98171234130859,IMPERIAL,UNINCORPORATED,-115.98170471191406,33.302932739257812
91923499,2022,2022-11-21,9620,2022-11-14,1425,018535,,1,2,9,1300,0,1,3,,1,063,SR-78,"OGILBY RD",3696.00,E,N,A,-,Y,IMP,,78,,,53.067,H,,R,Y,2,0,2,1,A,-,08,22107,,N,F,A,A,A,H,-,A,D,0,,,,,Y,,-,"- ",2,0,0,0,0,0,0,0,0,"- ","- ",33.092449188232422,-114.90277099609375,IMPERIAL,UNINCORPORATED,-114.90273284912109,33.092433929443359
91961736,2022,2023-01-13,9625,2022-12-28,0722,017075,,3,1,9,1300,0,1,3,,2,024,SR-78,"FIFIELD ROAD",105.00,W,N,A,-,Y,IMP,,78,,,17.973,H,,R,Y,2,0,1,3,A,-,03,22350,,N,B,C,A,B,H,-,A,D,0,,,,,Y,,M,44,1,0,0,0,0,0,0,0,0,"- ","- ",32.976020812988281,-115.45987701416016,IMPERIAL,UNINCORPORATED,-115.45987701416016,32.976020812988281
91965669,2022,2023-01-11,9625,2022-12-25,2005,021232,,7,2,9,1300,0,3,5,,2,010,"TREADWELL BLVD","DESERT SAND AVE",34.00,E,N,A,-,N,,,,,,,,,,Y,2,0,5,2,A,-,01,23152,A,N,A,C,A,A,H,-,D,D,0,,,,,Y,Y,A,01,1,3,1,0,0,0,0,0,0,"- ","- ",33.328628540039062,-115.99452209472656,IMPERIAL,UNINCORPORATED,-115.99459838867188,33.328639984130859
91966056,2022,2023-01-11,9625,2022-12-31,0100,020996,,6,3,9,1300,0,3,5,,2,040,"CROSS ROAD","VILLA AVENUE",2640.00,N,N,E,-,N,,,,,,,,,,Y,2,0,1,1,A,-,01,23152,A,N,E,I,A,B,H,-,C,D,0,,,,,Y,Y,A,01,1,0,0,0,0,0,0,0,0,"- ","- ",32.811229705810547,-115.55268096923828,IMPERIAL,UNINCORPORATED,-115.55275726318359,32.81103515625
91983251,2023,2023-01-31,9625,2023-01-20,"620 ",016248,,5,1,9,1300,0,1,3,,2,053,SR-111,"MCCABE ROAD",0.00,,Y,A,-,Y,IMP,,111," ",R,6.239,H,,R,Y,2,0,1,2,A,-,09,21453,C,N,D,C,A,A,H,-,B,A,0,,,Y,,Y,,A,01,1,0,0,0,0,0,0,0,1,"- ","- ",32.752368927001953,-115.50063323974609,IMPERIAL,UNINCORPORATED,-115.50064849853516,32.752368927001953
91997194,2023,2023-02-17,9625,2023-01-01,"615 ",016248,,7,1,9,1300,0,1,3,,1,054,"SR-111 (N/B)","SCHARTZ ROAD",4642.00,N,N,B,C,Y,IMP,,111," ",R,20.356,H,,R,Y,1,1,1,1,A,-,08,22107,,N,E,I,A,B,H,-,A,D,0,,,,,Y,,A,07,1,0,0,0,0,0,0,0,0,"- ","- ",32.955818176269531,-115.50897979736328,IMPERIAL,UNINCORPORATED,-115.5089111328125,32.955818176269531
92031069,2022,2023-03-28,9625,2022-09-23,1347,021107,,5,1,9,1300,0,1,3,,2,056,"STATE ROUTE 115","KEYSTONE ROAD",15.00,S,N,A,-,Y,IMP,,115,,,17.161,H,,R,Y,1,2,1,2,A,-,03,22350,,N,E,8,A,A,H,-,A,D,0,,,,,Y,,A,01,1,0,0,0,0,0,0,0,0,"- ","- ",32.916439056396484,-115.40634155273438,IMPERIAL,UNINCORPORATED,-115.40625,32.916439056396484
92054514,2023,2023-04-27,9625,2023-04-14,"548 ",018930,,5,3,9,1300,0,1,3,,1,054,"SR-111 (N/B)","KEYSTONE ROAD",183.00,S,N,A,-,Y,IMP,,111," ",R,17.349,H,,R,Y,2,0,1,2,A,-,03,22350,,N,F,A,A,A,H,-,B,A,0,,,Y,,Y,,C,02,1,0,0,0,0,0,0,0,1,"- ","- ",32.912120819091797,-115.50904846191406,IMPERIAL,UNINCORPORATED,-115.50901031494141,32.912120819091797
92059601,2023,2023-05-02,9625,2023-04-21,1504,019582,,5,2,9,1300,0,1,3,,2,052,"STATE ROUTE 98","MARY MORINO RD.",0.00,,Y,A,-,Y,IMP,,98," "," ",38.238,H,,R,Y,2,0,1,2,A,-,06,21755,A,N,D,C,A,A,H,-,A,D,0,,,Y,,Y,,C,02,1,0,0,0,0,0,0,0,1,"- ","- ",32.693660736083984,-115.4033203125,IMPERIAL,UNINCORPORATED,-115.4033203125,32.693771362304688
92071685,2023,2023-05-18,9625,2023-05-06,"415 ",020516,,6,3,9,1300,0,1,3,,2,052,SR-98,"BARBARA WORTH ROAD",0.00,,Y,A,-,Y,IMP,,98," "," ",36.625,H,,R,Y,2,0,5,2,A,-,12,22450,A,N,D,C,A,A,H,-,D,A,0,,,,,Y,,A,07,2,1,2,0,0,0,0,0,0,"- ","- ",32.693801879882812,-115.43106079101562,IMPERIAL,UNINCORPORATED,-115.43106079101562,32.693866729736328
92084692,2023,2023-06-02,9625,2023-05-24,2025,018792,,3,2,9,1300,0,3,5,,2,010,"ATLANTIC BLVD","BASS AVE",314.00,N,N,A,-,N,,,,,,,,,,N,2,0,1,2,A,-,05,21650,,F,A,G,A,A,H,-,D,D,0,,Y,,,Y,,-,99,1,0,0,0,0,0,1,0,0,"- ","- ",33.325908660888672,-115.96206665039062,IMPERIAL,UNINCORPORATED,-115.96209716796875,33.325885772705078
9211536,2020,2022-06-11,1304,2020-11-04,1921,339,EAST,3,5,4,1304,0,0,0,,0,EAST,"EAST MAIN",HOPE,194.00,E,N,A,-,N,,,,,,,,,,N,1,1,0,2,-,-,"- ",,A,N,G,B,D,A,H,-,C,D,0,Y,,,,Y,Y,N,60,0,0,0,1,0,0,0,0,0,"- ","- ",,,IMPERIAL,"EL CENTRO",-115.53910064697266,32.792831420898438
92126833,2023,2023-07-26,9620,2023-07-15,1345,021051,,6,1,9,1300,0,1,3,,1,063,SR-78,"78 IMP 58.00",528.00,W,N,A,-,Y,IMP,,78," "," ",57.758,H,,R,Y,2,0,2,1,A,-,08,22107,,N,F,0,A,A,H,-,A,A,0,,,,,Y,,A,01,1,1,0,0,0,0,0,0,0,"- ","- ",33.155910491943359,-114.868896484375,IMPERIAL,UNINCORPORATED,-114.86895751953125,33.155914306640625
92145720,2023,2023-08-16,9625,2023-08-06,"24  ",021107,,7,3,9,1300,0,1,3,,1,044,"STATE ROUTE 86 NORTHBOUND","AUSTIN ROAD",1000.00,S,N,A,-,Y,IMP,,86," "," ",17.788,H,,R,Y,2,0,1,1,A,-,08,22107,,N,E,I,A,A,H,-,D,D,0,,,,,Y,Y,A,01,1,0,0,0,0,0,0,0,0,"- ","- ",32.948528289794922,-115.56961822509766,IMPERIAL,UNINCORPORATED,-115.56957244873047,32.948509216308594
92146815,2023,2023-08-17,9625,2023-08-08,2050,020771,,2,2,9,1300,0,1,1,,2,001,"I-8 E/B","MOUNTAIN SPRINGS ROAD",19008.00,E,N,B,G,Y,IMP,,8," ",R,6.828,H,,R,Y,2,0,2,1,A,-,03,22350,,N,E,J,A,A,H,-,D,D,0,,,,,Y,,A,01,1,1,0,0,0,0,0,0,0,"- ","- ",32.700481414794922,-116.05651092529297,IMPERIAL,UNINCORPORATED,-116.05648040771484,32.700454711914062
92238358,2023,2023-11-16,9625,2023-11-06,"400 ",020996,,1,3,9,1300,0,1,3,,1,054,"SR-111 (S/B)","EVAN HEWES HIGHWAY",275.00,N,N,A,-,Y,IMP,,111," ",R,9.552,H,,R,Y,2,0,1,2,A,-,01,23152,A,N,C,C,A,A,H,-,C,D,0,,,,Y,Y,Y,A,01,1,0,0,0,0,0,0,0,0,"- ","- ",32.800498962402344,-115.50070953369141,IMPERIAL,UNINCORPORATED,-115.50041198730469,32.800495147705078
92249597,2023,2023-11-30,9625,2023-11-20,"110 ",021232,,1,3,9,1300,0,1,3,,1,054,"SR-111 (N/B)","SCHARTZ ROAD",2900.00,S,N,A,-,Y,IMP,,111," ",R,18.860,H,,R,N,2,0,1,1,A,-,01,23152,A,N,H,B,A,A,H,-,D,D,0,,,,,Y,,A,07,1,0,0,0,0,0,0,0,0,"- ","- ",32.934078216552734,-115.50890350341797,IMPERIAL,UNINCORPORATED,-115.50897979736328,32.934078216552734
92263953,2023,2023-12-18,9625,2023-11-30,1636,019582,,4,2,9,1300,0,1,3,,1,054,"STATE ROUTE 111","WORTHINGTON ROAD",0.00,,Y,A,-,Y,IMP,,111," ",R,12.873,H,,R,Y,2,0,3,2,A,-,09,21453,C,N,D,C,A,A,H,-,C,A,0,,,,,Y,,D,22,1,1,1,0,0,0,0,0,0,"- ","- ",32.847370147705078,-115.50746917724609,IMPERIAL,UNINCORPORATED,-115.50748443603516,32.847366333007812
92278490,2023,2024-01-03,9625,2023-12-25,"25  ",021591,,1,3,9,1300,0,1,3,,2,025,"STATE ROUTE 78","OGILBY ROAD",8976.00,W,N,A,-,Y,IMP,,78," "," ",50.620,H,,R,Y,2,0,1,1,A,-,08,22107,,N,F,A,A,A,H,-,D,D,0,,,,,Y,,A,01,1,0,0,0,0,0,0,0,0,"- ","- ",33.078948974609375,-114.94007110595703,IMPERIAL,UNINCORPORATED,-114.94009399414062,33.078994750976562
92321799,2023,2024-02-27,9625,2023-08-26,1710,020771,,6,2,9,1300,0,3,5,,2,040,"W. ROSS RD.","NICHOLS RD.",2471.00,W,N,A,-,N,,,,,,,,,,Y,2,0,3,2,A,-,09,21804,B,N,A,2,A,A,H,-,A,D,0,,,,,Y,,J,48,2,1,0,0,0,0,0,0,0,"- ","- ",32.781429290771484,-115.61144256591797,IMPERIAL,UNINCORPORATED,-115.61143493652344,32.781421661376953
92351190,2024,2024-04-01,9625,2024-03-16,1850,022010,,6,2,9,1300,0,1,1,,2,001,"INTERSTATE 8 E/B","MOUNTAIN SPRINGS ROAD",3696.00,W,N,A,-,Y,SD,,8," ",H,2.257,H,,R,Y,2,0,1,1,A,-,08,22107,,N,F,A,A,B,H,-,D,A,0,,,Y,,Y,,C,02,1,0,0,0,0,0,0,0,1,"- ","- ",32.671619415283203,-116.10581970214844,IMPERIAL,UNINCORPORATED,-116.10585784912109,32.671600341796875
92394349,2023,2024-05-20,9625,2023-09-05,2347,020516,,2,3,9,1300,0,1,1,,2,003,"INTERSTATE 8 E/B","FORRESTER ROAD",56.00,W,N,A,-,Y,IMP,,8," ",R,33.976,H,,R,Y,1,1,0,2,A,-,01,23152,A,N,C,C,A,A,H,-,D,D,0,,,Y,Y,Y,Y,C,02,0,0,0,0,0,0,0,1,0,"- ","- ",32.773750305175781,-115.62094116210938,IMPERIAL,UNINCORPORATED,-115.62094116210938,32.773754119873047
92404372,2024,2024-06-03,9620,2024-05-24,2050,020771,T602,5,2,9,1300,0,3,5,,2,070,"SAN PASQUAL SCHOOL RD.","AMERICAN FARM RD.",139.00,W,N,A,-,N,,,,,,,,,,Y,2,0,3,2,D,-,00,,,N,A,2,A,A,H,-,D,D,0,,,,,Y,,-,"- ",1,2,0,0,0,0,0,0,0,"- ","- ",32.745449066162109,-114.60781860351562,IMPERIAL,UNINCORPORATED,,
9256103,2021,2023-06-20,1304,2021-01-11,1817,355,ELCE,1,5,4,1304,0,0,0,,0,WEST,"LA BRUCHERIE",EUCLID,87.00,N,N,A,-,N,,,,,,,,,,Y,1,1,0,2,A,-,11,21954,A,N,G,B,D,A,H,-,E,D,0,Y,,,,Y,,N,60,0,0,0,1,0,0,0,0,0,"- ","- ",,,IMPERIAL,"EL CENTRO",-115.57868194580078,32.798618316650391
92602172,2024,2024-07-25,9625,2024-07-14,"252 ",021591,,7,3,9,1300,0,1,3,,1,044,"SR 86 N/B","W. KEYSTONE ROAD",4224.00,N,N,A,-,Y,IMP,,86," "," ",16.136,H,,R,Y,2,0,1,1,A,-,01,23152,A,N,F,A,A,A,H,-,D,D,0,,,,,Y,Y,A,01,1,0,0,0,0,0,0,0,0,"- ","- ",32.924449920654297,-115.56990051269531,IMPERIAL,UNINCORPORATED,-115.56996154785156,32.924449920654297
92800954,2024,2024-07-29,9625,2024-07-15,1350,022010,,1,1,9,1300,0,3,5,,2,050,"STATE ROUTE 115","TOWLAND ROAD",0.00,,Y,A,-,Y,IMP,,115," ",R,8.755,H,,R,Y,2,0,1,2,A,-,09,21801,A,N,D,C,A,A,H,-,A,D,0,,,Y,,Y,,A,01,1,0,0,0,0,0,0,0,1,"- ","- ",32.811138153076172,-115.36284637451172,IMPERIAL,UNINCORPORATED,-115.36284637451172,32.811130523681641
93686589,2024,2024-10-21,9620,2024-07-05,"212 ",019360,T602,5,3,9,1300,0,2,4,,1,072,"WINTERHAVEN DR","3RD AVE",2933.00,W,N,A,-,N,,,,,,,,,,N,1,3,0,2,B,-,22,,,N,A,C,A,A,H,-,D,A,0,,,,,Y,Y,A,01,0,0,0,0,0,0,0,0,0,"- ","- ",32.741081237792969,-114.64684295654297,IMPERIAL,UNINCORPORATED,-114.64670562744141,32.741062164306641
94269800,2024,2024-09-23,9625,2024-08-01,2215,022114,,4,3,9,1300,0,2,4,,2,057,"HEBER RD W/B","ANDERHOLT ROAD",2640.00,E,N,A,-,N,,,,,,,,,,Y,2,0,1,1,A,-,01,23152,A,N,E,J,A,A,H,-,D,D,0,,,Y,,Y,Y,C,02,1,0,0,0,0,0,0,0,1,"- ","- ",32.73052978515625,-115.40464782714844,IMPERIAL,UNINCORPORATED,-115.40525054931641,32.730377197265625
9429191,2021,2022-04-08,1304,2021-07-31,2039,332,,6,5,4,1304,0,0,0,,0,EAST,"MAIN ST",MCCULLOM,888.00,E,N,A,-,N,,,,,,,,,,N,2,0,1,2,A,-,05,21651,B,F,D,G,A,A,H,-,C,D,0,,Y,,,Y,Y,L,04,1,0,0,0,0,0,1,0,0,"- ","- ",,,IMPERIAL,"EL CENTRO",-115.53470611572266,32.792819976806641
94362579,2024,2024-08-20,9625,2024-08-10,"845 ",021994,,6,1,9,1300,0,1,3,,2,025,"STATE ROUTE 78","OGILBY RD",7920.00,W,N,A,-,N,,,,,,,,,,Y,2,0,5,1,A,-,08,22107,,N,E,I,A,A,H,-,A,D,0,,,,,Y,,A,01,1,2,2,0,0,0,0,0,0,"- ","- ",33.079368591308594,-114.93862915039062,IMPERIAL,UNINCORPORATED,-114.93611907958984,33.079837799072266
94381803,2024,2024-09-05,9625,2024-08-27,"539 ",016248,,2,3,9,1300,0,3,5,,2,050,"BARBARA WORTH ROAD","HEBER ROAD",0.00,,Y,A,-,N,,,,,,,,,,Y,2,0,1,2,A,-,09,21802,A,N,D,C,A,A,H,-,B,A,0,,,Y,,Y,,A,07,1,0,0,0,0,0,0,0,1,"- ","- ",32.730190277099609,-115.43090057373047,IMPERIAL,UNINCORPORATED,-115.43087768554688,32.730236053466797
94403032,2024,2024-10-24,9620,2024-09-20,"640 ",020054,,5,1,9,1300,0,1,1,,2,081,"I-8 W/B","GORDON'S WELL ROAD",13834.00,E,N,A,-,Y,IMP,,8," "," ",78.220,H,,L,Y,2,0,2,2,A,-,05,21651,B,N,A,C,A,A,H,-,A,D,0,,,,,Y,,A,07,1,1,0,0,0,0,0,0,0,"- ","- ",32.719661712646484,-114.91678619384766,IMPERIAL,UNINCORPORATED,-114.91680145263672,32.71966552734375
94403285,2024,2024-09-23,9625,2024-09-11,"1   ",022934,,3,3,2,1306,0,3,5,,2,040,"CROSS ROAD","KADIN DRIVE",528.00,S,N,A,-,Y,,,,,,,,,,Y,2,0,2,2,A,-,08,22107,,N,A,E,A,A,H,-,D,D,0,,,,Y,Y,Y,-,"- ",1,0,1,0,0,0,0,0,0,"- ","- ",32.817428588867188,-115.55284881591797,IMPERIAL,IMPERIAL,-115.55277252197266,32.817626953125
94421962,2024,2024-10-07,9620,2024-09-26,1524,018464,T602,4,2,9,1300,0,1,3,,1,062,SR-186,"ALL AMERICAN CANAL",205.00,S,N,A,-,Y,IMP,,186," "," ",1.553,H,,R,Y,2,0,4,2,A,-,08,22107,,N,A,C,A,A,H,-,A,D,0,,,,,Y,Y,D,22,1,1,2,0,0,0,0,0,0,"- ","- ",32.73712158203125,-114.7169189453125,IMPERIAL,UNINCORPORATED,-114.71688079833984,32.737140655517578