CASE_ID,ACCIDENT_YEAR,PROC_DATE,JURIS,COLLISION_DATE,COLLISION_TIME,OFFICER_ID,REPORTING_DISTRICT,DAY_OF_WEEK,CHP_SHIFT,POPULATION,CNTY_CITY_LOC,SPECIAL_COND,BEAT_TYPE,CHP_BEAT_TYPE,CITY_DIVISION_LAPD,CHP_BEAT_CLASS,BEAT_NUMBER,PRIMARY_RD,SECONDARY_RD,DISTANCE,DIRECTION,INTERSECTION,WEATHER_1,WEATHER_2,STATE_HWY_IND,CALTRANS_COUNTY,CALTRANS_DISTRICT,STATE_ROUTE,ROUTE_SUFFIX,POSTMILE_PREFIX,POSTMILE,LOCATION_TYPE,RAMP_INTERSECTION,SIDE_OF_HWY,TOW_AWAY,COLLISION_SEVERITY,NUMBER_KILLED,NUMBER_INJURED,PARTY_COUNT,PRIMARY_COLL_FACTOR,PCF_CODE_OF_VIOL,PCF_VIOL_CATEGORY,PCF_VIOLATION,PCF_VIOL_SUBSECTION,HIT_AND_RUN,TYPE_OF_COLLISION,MVIW,PED_ACTION,ROAD_SURFACE,ROAD_COND_1,ROAD_COND_2,LIGHTING,CONTROL_DEVICE,CHP_ROAD_TYPE,PEDESTRIAN_ACCIDENT,BICYCLE_ACCIDENT,MOTORCYCLE_ACCIDENT,TRUCK_ACCIDENT,NOT_PRIVATE_PROPERTY,ALCOHOL_INVOLVED,STWD_VEHTYPE_AT_FAULT,CHP_VEHTYPE_AT_FAULT,COUNT_SEVERE_INJ,COUNT_VISIBLE_INJ,COUNT_COMPLAINT_PAIN,COUNT_PED_KILLED,COUNT_PED_INJURED,COUNT_BICYCLIST_KILLED,COUNT_BICYCLIST_INJURED,COUNT_MC_KILLED,COUNT_MC_INJURED,PRIMARY_RAMP,SECONDARY_RAMP,LATITUDE,LONGITUDE,COUNTY,CITY,POINT_X,POINT_Y
9446854,2022,2022-06-16,1304,2022-05-29,1748,358/,,7,5,4,1304,0,0,0,,0,WEST,"FARMER DR",18TH,228.00,E,N,A,-,N,,,,,,,,,,Y,2,0,2,2,A,-,08,22107,,N,C,E,A,A,H,-,A,D,0,,,Y,,Y,,C,06,1,1,0,0,0,0,0,0,1,"- ","- ",,,IMPERIAL,"EL CENTRO",-115.57292938232422,32.771480560302734
94471836,2024,2024-11-15,9625,2024-11-05,2054,021107,,2,2,9,1300,0,1,1,,2,001,"INTERSTATE 8 E/B","STATE ROUTE 98 (WEST)",8659.00,W,N,A,-,Y,IMP,,8," ",R,8.366,H,,R,Y,2,0,1,1,A,-,08,22107,,N,E,I,A,A,H,-,D,D,0,,,,,Y,,A,07,1,0,0,0,0,0,0,0,0,"- ","- ",32.719951629638672,-116.04717254638672,IMPERIAL,UNINCORPORATED,-116.04721832275391,32.720027923583984
9448538,2022,2022-06-13,1301,2022-03-14,0859,9A10,BRAWL,1,5,3,1301,0,0,0,,0,007,"K ST","13TH ST",0.00,,Y,A,-,N,,,,,,,,,,N,2,0,1,2,A,-,12,22450,A,N,H,G,A,A,H,-,A,A,0,,Y,,,Y,,L,04,1,0,0,0,0,0,1,0,0,"- ","- ",,,IMPERIAL,BRAWLEY,-115.51984405517578,32.973102569580078
94493797,2024,2024-12-05,9625,2024-11-04,1809,018933,,1,2,9,1300,0,1,3,,1,022,SR-111,"FRINK ROAD",8448.00,S,N,A,-,Y,IMP,,111," "," ",49.909,H,,R,Y,1,1,0,2,A,-,05,21650,,N,A,C,A,A,H,-,D,D,0,,,,Y,Y,,A,08,0,0,0,0,0,0,0,0,0,"- ","- ",33.340591430664062,-115.62370300292969,IMPERIAL,UNINCORPORATED,-115.62371826171875,33.340579986572266
94544875,2024,2025-01-21,9625,2024-12-21,2100,021994,,6,2,9,1300,0,1,3,,2,053,"STATE ROUTE 111","MCCABE ROAD",1584.00,N,N,A,-,N,,,,,,,,,,Y,1,1,3,4,A,-,08,22107,,N,A,C,A,A,H,-,D,D,0,,,,,Y,Y,A,01,1,1,1,0,0,0,0,0,0,"- ","- ",32.757061004638672,-115.50077056884766,IMPERIAL,UNINCORPORATED,-115.50070190429688,32.756759643554688
94596088,2025,2025-03-04,9620,2025-02-21,2315,019360,,5,3,9,1300,0,1,1,,2,082,"INTERSTATE 8 WESTBOUND","SEMINOLE RD.",1160.00,W,N,A,-,Y,IMP,,8," ",R,91.522,H,,L,Y,2,0,2,1,A,-,01,23152,A,N,E,I,A,A,H,-,D,D,0,,,,,Y,Y,A,01,1,1,0,0,0,0,0,0,0,"- ","- ",32.745079040527344,-114.70726776123047,IMPERIAL,UNINCORPORATED,-114.70724487304688,32.745033264160156
94635800,2025,2025-04-03,9625,2025-02-12,2500,018978,,3,4,9,1300,0,1,3,,2,013,"STATE ROUTE 78","MPM 1.50 78 IMP",5.00,E,N,A,-,Y,IMP,,78," "," ",1.489,H,,R,Y,1,1,0,1,A,-,08,22107,,N,F,A,A,A,H,-,D,D,0,,,,,Y,,A,01,0,0,0,0,0,0,0,0,0,"- ","- ",33.125789642333984,-116.05661773681641,IMPERIAL,UNINCORPORATED,-116.05662536621094,33.125759124755859
94636026,2025,2025-04-03,9625,2025-02-12,"600 ",018279,,3,1,9,1300,0,3,5,,2,050,"ANDERHOLT ROAD","HEBER ROAD",0.00,,Y,B,-,N,,,,,,,,,,Y,1,1,1,2,A,-,12,22450,A,N,D,C,A,A,H,-,B,A,0,,,,,Y,,D,22,0,1,0,0,0,0,0,0,0,"- ","- ",32.730110168457031,-115.41374206542969,IMPERIAL,UNINCORPORATED,-115.41374969482422,32.730148315429688
9464384,2022,2022-09-06,1304,2022-07-03,0709,368,E1,7,5,4,1304,0,0,0,,0,WEST,ADAMS,LOTUS,86.00,E,N,A,-,N,,,,,,,,,,Y,1,1,0,1,A,-,01,23152,G,N,F,I,A,A,H,-,A,D,0,,,,,Y,Y,-,,0,0,0,0,0,0,0,0,0,"- ","- ",,,IMPERIAL,"EL CENTRO",-115.58446502685547,32.796550750732422
9464409,2022,2022-09-20,1301,2022-07-07,0547,9A2,BRAWL,4,5,3,1301,0,0,0,,0,002,"DOGWOOD RD","MEAD RD",0.00,W,N,A,-,N,,,,,,,,,,Y,1,1,0,1,A,-,03,22350,,N,H,-,A,A,H,-,A,D,0,,,,,Y,,D,22,0,0,0,0,0,0,0,0,0,"- ","- ",,,IMPERIAL,BRAWLEY,-115.53523254394531,32.956325531005859
94666306,2025,2025-04-28,9620,2025-04-15,1205,018247,T602,2,1,9,1300,0,2,4,,1,072,"WINTERHAVEN DR (4TH AVE)","I-8 WESTBOUND FROM WINTERHAVEN DR",0.00,,Y,A,-,N,,,,,,,,,,Y,2,0,2,2,A,-,09,21801,A,N,A,C,A,A,H,-,A,D,0,,,,,Y,,A,07,2,0,0,0,0,0,0,0,0,"- ","- ",32.732410430908203,-114.62467193603516,IMPERIAL,UNINCORPORATED,-114.62458038330078,32.732433319091797
94696155,2025,2025-05-21,9625,2025-05-16,1421,020111,,5,2,9,1300,0,3,5,,2,010,"BORREGO SALTON SEAWAY (S-22)","TRUCKHAVEN TRAIL",7445.00,W,N,G,-,Y,,,,,,,,,,Y,2,0,1,1,A,-,08,22107,,N,F,A,A,A,H,-,A,D,0,,,Y,,Y,,C,03,1,0,0,0,0,0,0,0,1,"- ","- ",33.276538848876953,-116.05030822753906,IMPERIAL,UNINCORPORATED,,
94712753,2025,2025-06-04,9625,2025-05-15,1840,022988,,4,2,9,1300,0,1,3,,1,012,"SR-86 N/B","UNNAMED COUNTY ROAD",350.00,N,N,A,-,Y,IMP,,86," "," ",61.082,H,,R,Y,2,0,3,2,A,-,01,23152,A,N,D,C,A,A,H,-,A,D,0,,,,,Y,Y,A,07,2,1,0,0,0,0,0,0,0,"- ","- ",33.340381622314453,-116.00959777832031,IMPERIAL,UNINCORPORATED,-116.00962066650391,33.340366363525391
94732671,2025,2025-06-19,9625,2025-06-08,2215,020996,,7,3,9,1300,0,1,3,,1,011,"SR-86 (N/B)","ANDRE ROAD",1320.00,N,N,A,-,Y,IMP,,86," ",R,25.616,H,,R,Y,2,0,2,1,A,-,01,23152,F,N,F,A,A,A,H,-,D,D,0,,,,,Y,,D,22,1,1,0,0,0,0,0,0,0,"- ","- ",33.018901824951172,-115.60192108154297,IMPERIAL,UNINCORPORATED,-115.60186767578125,33.0189208984375
9474294,2022,2022-07-01,1301,2022-03-29,1455,914,BRAWL,2,5,3,1301,0,0,0,,0,001,"TRAIL ST","CERRITO DR",244.00,W,N,A,-,N,,,,,,,,,,N,2,0,1,2,A,-,21,22106,,N,G,B,F,A,H,-,A,D,0,Y,,,,Y,,A,07,1,0,0,0,1,0,0,0,0,"- ","- ",,,IMPERIAL,BRAWLEY,-115.54692077636719,32.987411499023438
94758342,2025,2025-07-11,9625,2025-06-27,"640 ",018930,,5,1,9,1300,0,3,5,,2,040,"EVAN HEWES HIGHWAY","DUNAWAY ROAD",5650.00,W,N,A,-,N,,,,,,,,,,Y,2,0,1,1,A,-,08,22107,,N,F,A,A,D,H,-,A,D,0,,,,,Y,,A,01,1,0,0,0,0,0,0,0,0,"- ","- ",32.791118621826172,-115.81873321533203,IMPERIAL,UNINCORPORATED,-115.81871795654297,32.79107666015625
9498686,2022,2022-10-24,1304,2022-08-12,2315,357,EEAST,5,5,4,1304,0,0,0,,0,,4TH,ROSS,0.00,,Y,A,-,N,,,,,,,,,,N,2,0,1,2,A,-,10,21950,A,N,G,B,D,A,H,-,C,A,0,Y,,,,Y,Y,-,,1,0,0,0,1,0,0,0,0,"- ","- ",,,IMPERIAL,"EL CENTRO",-115.55242919921875,32.781448364257812
9520646,2022,2023-07-12,1301,2022-12-22,0247,914,BRAWL,4,5,3,1301,0,0,0,,0,004,"OLD RT-111","MALAN ST",706.00,S,N,A,-,N,,,,,,,,,,Y,1,1,1,2,A,-,01,23152,A,N,A,C,A,A,H,-,D,D,0,,,,,Y,Y,A,01,0,0,1,0,0,0,0,0,0,"- ","- ",32.968818664550781,-115.50933837890625,IMPERIAL,BRAWLEY,-115.50933837890625,32.968902587890625
9559123,2023,2023-03-17,1304,2023-02-05,1056,366,E1,7,5,4,1304,0,0,0,,0,WEST,"19TH ST","VILLA AV",0.00,,N,A,-,N,,,,,,,,,,Y,2,0,1,2,A,-,08,22107,,N,C,E,A,A,H,-,A,D,0,,,,,Y,Y,A,01,1,0,0,0,0,0,0,0,0,"- ","- ",32.802150726318359,-115.57779693603516,IMPERIAL,"EL CENTRO",-115.57778167724609,32.80364990234375
9595307,2023,2023-07-18,1304,2023-06-22,1904,E0187,EAST,4,5,4,1304,0,0,0,,0,EAST,AURORA,4TH,400.00,W,N,A,-,N,,,,,,,,,,N,2,0,1,2,A,-,09,21803,A,N,G,B,D,A,H,-,A,D,0,Y,,,,Y,,A,01,1,0,0,0,1,0,0,0,0,"- ","- ",32.778480529785156,-115.55403137207031,IMPERIAL,"EL CENTRO",-115.55235290527344,32.778480529785156
9613981,2023,2023-09-25,1304,2023-07-06,"309 ",366,E1,4,5,4,1304,0,0,0,,0,WEST,"IMPERIAL AV","AURORA DR",0.00,,Y,A,-,N,,,,,,,,,,Y,2,0,1,2,A,-,09,21801,A,N,D,C,A,A,H,-,C,D,0,,,Y,,Y,,A,01,1,0,0,0,0,0,0,0,0,"- ","- ",32.778350830078125,-115.5694580078125,IMPERIAL,"EL CENTRO",-115.56954956054688,32.778377532958984
9621893,2023,2023-10-18,1304,2023-09-01,1837,331,EPTRL,5,5,4,1304,0,0,0,,0,EAST,4TH,AURORA,0.00,,Y,A,-,N,,,,,,,,,,Y,2,0,2,2,A,-,03,22350,,N,A,-,A,A,H,-,A,A,0,,,,,Y,,-,,1,0,1,0,0,0,0,0,0,"- ","- ",32.778789520263672,-115.55235290527344,IMPERIAL,"EL CENTRO",-115.55235290527344,32.778476715087891
9652393,2024,2025-03-27,1301,2024-01-14,1224,4022,BRAWL,7,5,3,1301,0,0,0,,0,0B3,"COLEGROVE RD","TRAIL ST",0.00,,Y,A,-,N,,,,,,,,,,Y,2,0,2,2,A,-,09,21800,A,N,D,C,A,A,H,-,A,D,0,,,,,Y,,A,01,1,0,1,0,0,0,0,0,0,"- ","- ",,,IMPERIAL,BRAWLEY,-115.52001953125,32.98760986328125
9772042,2024,2025-01-09,1304,2024-12-02,1440,327,ECPD,1,5,4,1304,0,0,0,,0,,"IMPERIAL AV","PEPPER DR",0.00,,N,A,-,N,,,,,,,,,,N,2,0,2,2,A,-,08,22107,,N,D,C,A,A,H,-,A,D,0,,,,,Y,,A,01,1,1,0,0,0,0,0,0,0,"- ","- ",32.779468536376953,-115.56961822509766,IMPERIAL,"EL CENTRO",-115.56957244873047,32.779411315917969
9786102,2024,2025-04-23,1302,2024-03-09,"429 ",CX568,1302,6,5,4,1302,0,0,0,,0,901,"RT 111","COLE BL",0.00,,-,A,-,Y,IMP,11,111,-,R,2.410,H,-,N,N,1,1,0,2,A,-,00,21955,A,N,G,B,D,A,H,-,D,D,0,Y,,,,Y,,N,60,0,0,0,1,0,0,0,0,0,"- ","- ",,,IMPERIAL,CALEXICO,-115.49921417236328,32.6968994140625
9786215,2024,2025-07-16,1304,2024-06-14,1700,328,ECPD,5,5,4,1304,0,0,0,,0,EAST,DOGWOOD,STATE,0.00,,Y,A,-,N,,,,,,,,,,Y,1,1,1,3,A,-,01,23152,F,N,D,C,A,A,H,-,A,A,0,,,Y,,Y,,C,02,0,1,0,0,0,0,0,1,1,"- ","- ",,,IMPERIAL,"EL CENTRO",-115.53560638427734,32.791786193847656
9786321,2024,2025-06-03,1301,2024-09-04,"507 ",9A5,BRAWL,3,5,3,1301,0,0,0,,0,001,"MAIN ST","WESTERN AV",207.00,W,N,B,-,Y,IMP,11,86,-,-,20.790,H,-,N,N,1,1,0,2,A,-,11,21950,B,N,G,B,D,A,H,-,D,D,0,Y,,,,Y,,N,60,0,0,0,1,0,0,0,0,0,"- ","- ",,,IMPERIAL,BRAWLEY,-115.54435729980469,32.978683471679688
6290417,2014,2015-12-21,9625,2014-02-07,0025,20704,,5,3,9,1300,0,3,5,,2,040,"CLARK RD","WILLOUGHBY RD",767.00,S,N,A,-,N,,,,,,,,,,Y,1,2,0,1,A,-,03,22350,,N,E,I,A,A,H,-,D,D,0,,,,,Y,Y,A,01,0,0,0,0,0,0,0,0,0,"- ","- ",32.705089999999998,-115.55998,IMPERIAL,UNINCORPORATED,-115.55984923,32.706415100000001
6291104,2014,2015-12-29,9625,2014-04-05,2020,18792,,6,2,9,1300,0,1,1,,2,003,"RT 8","DUNAWAY RD",13358.00,W,N,A,-,Y,IMP,11,8,-,R,20.940,H,-,E,Y,1,1,0,2,A,-,11,21956,,N,G,B,E,A,H,-,D,D,1,Y,,,,Y,Y,N,60,0,0,0,1,0,0,0,0,0,"- ","- ",32.759889999999999,-115.84461,IMPERIAL,UNINCORPORATED,-115.84314352,32.760210499999999
6291156,2014,2014-08-22,9625,2014-01-27,1747,17075,,1,2,9,1300,0,1,3,,2,056,"RT 115","WORTHINGTON RD",0.00,,Y,A,-,Y,IMP,11,115,-,-,12.396,I,5,N,Y,1,3,1,2,A,-,09,21802,A,N,D,C,A,A,H,-,D,A,0,,,,Y,Y,,A,01,1,0,0,0,0,0,0,0,0,"- ","- ",32.847290000000001,-115.40609000000001,IMPERIAL,UNINCORPORATED,-115.40618024,32.847323869999997
6291278,2014,2014-10-21,9625,2014-08-30,0945,18933,,6,1,9,1300,0,2,4,,2,047,"FORRESTER RD","ATEN RD",1339.00,N,N,A,-,N,,,,,,,,,,Y,1,1,6,2,A,-,06,21751,,N,A,C,A,A,H,-,A,D,0,,,,,Y,,A,01,4,1,1,0,0,0,0,0,0,"- ","- ",32.829300000000003,-115.62051,IMPERIAL,UNINCORPORATED,-115.62068948,32.821879950000003
6291423,2014,2014-10-30,9625,2014-08-26,1817,020830,,2,2,9,1300,0,1,3,,1,044,"RT 86","S LYDICK LOOP",266.00,S,N,A,-,Y,IMP,11,86,-,-,13.540,H,-,N,Y,1,1,2,1,A,-,01,23152,A,N,F,A,A,A,H,-,A,D,0,,,,,Y,Y,D,22,2,0,0,0,0,0,0,0,0,"- ","- ",32.887070000000001,-115.57013000000001,IMPERIAL,UNINCORPORATED,-115.57022569,32.886852660000002
6291447,2014,2015-12-29,9625,2014-08-11,0535,18933,,1,3,9,1300,0,3,5,,2,040,"AUSTIN RD","NECKEL RD",256.00,N,N,A,-,N,,,,,,,,,,Y,1,1,0,2,A,-,03,22350,,N,C,C,A,A,H,-,D,D,0,,,,,Y,,D,22,0,0,0,0,0,0,0,0,0,"- ","- ",32.862499999999997,-115.59486,IMPERIAL,UNINCORPORATED,-115.59493953,32.862569710000002
6291625,2014,2014-11-18,9625,2014-09-28,2500,18207,,7,4,9,1300,0,1,3,,2,052,"RT 98","RT 8",16368.00,W,N,A,-,Y,IMP,11,98,-,-,53.830,H,-,E,Y,1,1,0,1,A,-,08,22107,,N,E,I,A,A,H,-,A,D,0,,,,,Y,,A,07,0,0,0,0,0,0,0,0,0,"- ","- ",32.710099999999997,-115.14055,IMPERIAL,UNINCORPORATED,-115.14093756,32.710127069999999
6291630,2014,2014-11-25,9625,2014-08-01,1930,19582,,5,2,9,1300,0,1,1,,2,005,"RT 8","TOWLAND RD",564.00,W,N,A,-,Y,IMP,11,8,-,R,48.660,H,-,E,Y,1,1,1,1,A,-,08,22107,,N,F,A,A,A,H,-,A,D,1,,,,,Y,,A,01,1,0,0,0,0,0,0,0,0,"- ","- ",32.772910000000003,-115.36869,IMPERIAL,UNINCORPORATED,-115.3686819,32.773180910000001
6291746,2014,2016-01-08,9625,2014-10-30,2135,19668,,4,2,9,1300,0,3,5,,2,050,"PITZER RD","MCCABE RD",2354.00,N,N,A,-,N,,,,,,,,,,Y,1,1,0,1,A,-,08,22107,,N,F,A,A,A,H,-,D,D,0,,,,,Y,,A,01,0,0,0,0,0,0,0,0,0,"- ","- ",32.758580000000002,-115.51765,IMPERIAL,UNINCORPORATED,-115.51772364,32.758892770000003
6291818,2014,2015-01-23,9625,2014-11-28,1905,13781,,5,2,9,1300,0,1,1,,2,003,"RT 8","IMPERIAL HWY",3168.00,E,N,A,-,Y,IMP,11,8,-,R,12.550,H,-,E,Y,1,1,1,1,A,-,08,22107,,N,E,I,A,A,H,-,D,D,1,,,,,Y,,D,22,0,1,0,0,0,0,0,0,0,"- ","- ",32.736269999999998,-115.98387,IMPERIAL,UNINCORPORATED,-115.98405003000001,32.736403529999997
6292053,2014,2015-04-10,1302,2014-04-07,2107,CX045,1302,1,5,4,1302,0,0,0,,0,002,"RT 98","ANDRADE AV",0.00,,-,A,-,Y,IMP,11,98,-,-,33.450,H,-,W,Y,1,1,0,2,A,-,11,21954,A,N,G,B,E,A,H,-,D,D,0,Y,,,,Y,Y,N,60,0,0,0,1,0,0,0,0,0,"- ","- ",,,IMPERIAL,CALEXICO,-115.47920931,32.67932648
6292694,2015,2015-10-01,9625,2015-07-21,1219,18792,,2,1,9,1300,0,1,1,,2,003,"RT 8","IMPERIAL HWY",13781.00,E,N,A,-,Y,IMP,11,8,-,R,14.000,H,-,E,Y,1,1,7,1,A,-,08,22107,,N,E,I,A,A,H,-,A,D,1,,,,,Y,,A,07,1,6,0,0,0,0,0,0,0,"- ","- ",32.742899999999999,-115.96107000000001,IMPERIAL,UNINCORPORATED,-115.96096218,32.742978809999997
6292867,2015,2016-03-14,1301,2015-03-20,1620,922,,5,5,3,1301,0,0,0,,0,,"RT 111","RT 78",81.00,N,N,A,-,Y,IMP,11,78,-,-,15.499,I,6,W,Y,1,1,4,3,A,-,03,22350,,N,C,C,A,A,H,-,A,A,0,,,,Y,Y,,G,25,1,0,3,0,0,0,0,0,0,"- ","- ",32.97889,-115.50153,IMPERIAL,BRAWLEY,-115.50134163,32.978639880000003
6414561,2014,2016-03-15,1301,2014-02-13,0729,921,BRAWL,4,5,3,1301,0,0,0,,0,003,"RT 111","BEST RD",0.00,,Y,A,-,Y,IMP,11,78,-,R,13.897,I,5,W,Y,2,0,3,2,A,-,09,21803,A,N,D,C,A,A,H,-,A,A,0,,,,,Y,,A,01,2,0,1,0,0,0,0,0,0,"- ","- ",,,IMPERIAL,BRAWLEY,-115.50995155,32.999601300000002
6429730,2014,2016-03-15,9625,2014-03-22,1110,017727,,6,1,9,1300,0,1,3,,2,024,"RT 78","WHITLOCK RD",5255.00,E,N,A,-,Y,IMP,11,78,-,-,28.560,H,-,W,Y,2,0,1,1,A,-,08,22107,,N,F,A,A,A,H,-,A,D,0,,,,,Y,,D,22,1,0,0,0,0,0,0,0,0,"- ","- ",32.97052,-115.28014,IMPERIAL,UNINCORPORATED,-115.27960091,32.9705279
6439378,2014,2016-03-15,9625,2014-03-08,2235,017958,,6,3,9,1300,0,1,3,,1,021,"RT 111","WILKENSON RD",290.00,N,N,A,-,Y,IMP,11,111,-,-,33.610,H,-,S,Y,2,0,1,1,A,-,08,22107,,N,E,I,A,A,H,-,D,A,0,,,Y,,Y,,C,02,1,0,0,0,0,0,0,0,1,"- ","- ",33.14038,-115.51869000000001,IMPERIAL,UNINCORPORATED,-115.51867218,33.140346639999997
6500109,2014,2015-09-23,9620,2014-05-06,2500,19333,,2,4,9,1300,0,2,4,,1,061,"RT 111","RT 78",21120.00,S,N,A,-,N,,,,,,,,,,Y,2,0,1,1,A,-,01,23152,E,N,F,A,A,A,H,-,D,D,0,,,,,Y,,A,01,1,0,0,0,0,0,0,0,0,"- ","- ",33.0304,-114.90389999999999,IMPERIAL,UNINCORPORATED,-115.52618,33.000369999999997
6508715,2014,2016-04-09,9625,2014-05-20,0525,013627,,2,3,9,1300,0,1,3,,1,054,"RT 111","ATEN RD",2544.00,N,N,A,G,Y,IMP,11,111,-,R,11.780,H,-,S,Y,2,0,1,1,A,-,08,22107,,N,F,A,A,A,H,-,B,D,0,,,,,Y,,A,07,1,0,0,0,0,0,0,0,0,"- ","- ",32.83287,-115.50044,IMPERIAL,UNINCORPORATED,-115.50058229,32.832588440000002
6528344,2014,2014-07-08,9625,2014-04-07,0515,018930,,1,3,9,1300,0,3,5,,2,020,"RT 111","WILDCAT RD",0.00,,Y,A,-,N,,,,,,,,,,Y,2,0,1,2,A,-,09,21801,A,N,D,C,A,A,H,-,D,D,0,,,Y,,Y,,D,22,1,0,0,0,0,0,0,0,1,"- ","- ",32.964329999999997,-115.5093,IMPERIAL,UNINCORPORATED,-115.50586013,32.9633501
6540687,2014,2014-07-25,1304,2014-04-17,1826,364,1304,4,5,4,1304,0,0,0,,0,EAST,MAIN,"1ST ST",62.00,E,N,A,-,N,,,,,,,,,,Y,2,0,1,2,A,-,09,21804,A,N,H,G,A,A,H,-,A,D,0,,Y,,,Y,,L,04,1,0,0,0,0,0,1,0,0,"- ","- ",,,IMPERIAL,"EL CENTRO",-115.54416000000001,32.792830000000002
6558612,2014,2014-08-13,9625,2014-06-25,0910,013627,,3,1,9,1300,0,3,5,,2,050,"HOLT RD","NORRISH RD",175.00,N,N,A,-,N,,,,,,,,,,Y,2,0,1,1,A,-,08,22107,,N,F,A,A,A,H,-,A,D,0,,,Y,,Y,,C,02,1,0,0,0,0,0,0,0,1,"- ","- ",,,IMPERIAL,UNINCORPORATED,-115.38028134,32.833228149999997
6585976,2014,2014-08-19,9625,2014-07-23,1622,019582,,3,2,9,1300,0,2,4,,2,057,"EVAN HEWES HWY","MELOLAND RD",4467.00,W,N,A,-,N,,,,,,,,,,Y,2,0,1,1,A,-,08,22107,,N,F,A,A,A,H,-,A,D,0,,,,,Y,,A,08,1,0,0,0,0,0,0,0,0,"- ","- ",32.80312,-115.46268999999999,IMPERIAL,UNINCORPORATED,-115.4624436,32.80335513
6606027,2014,2014-08-26,9625,2014-03-31,1805,19582,,1,2,9,1300,0,1,1,,2,003,"RT 8","WESTSIDE RD",4212.00,E,N,G,-,Y,IMP,11,8,-,R,28.260,H,-,E,Y,1,1,3,1,A,-,08,22107,,N,F,A,A,A,H,-,A,D,1,,,,,Y,,M,47,2,1,0,0,0,0,0,0,0,"- ","- ",32.773940000000003,-115.72074000000001,IMPERIAL,UNINCORPORATED,-115.71909410000001,32.773877650000003
6606123,2014,2014-10-06,9625,2014-05-24,1820,18792,,6,2,9,1300,0,3,5,,2,010,"BANNISTER RD","FORRESTER RD",0.00,,Y,A,-,N,,,,,,,,,,Y,1,2,1,2,A,-,09,21802,A,N,D,C,A,-,A,H,A,A,0,,,,,Y,,A,01,0,0,1,0,0,0,0,0,0,"- ","- ",33.0518,-115.62157999999999,IMPERIAL,UNINCORPORATED,-115.62159011,33.051900080000003
6606130,2014,2014-09-25,9625,2014-05-31,0815,19225,,6,1,9,1300,0,1,3,,1,044,"RT 86","KEYSTONE RD",1555.00,S,N,A,-,Y,IMP,11,86,-,-,15.020,H,-,N,Y,1,1,0,1,A,-,16,24002,A,N,H,A,A,A,H,-,A,D,0,,,,Y,Y,,G,25,0,0,0,0,0,0,0,0,0,"- ","- ",32.908790000000003,-115.57007,IMPERIAL,UNINCORPORATED,-115.57006586,32.90882319
6606132,2014,2014-09-23,9625,2014-05-23,0814,17432,,5,1,9,1300,0,3,5,,2,050,"CARR RD","NINA LEE RD",623.00,E,N,A,-,N,,,,,,,,,,Y,1,1,0,2,A,-,03,22350,,N,D,C,A,A,H,-,A,D,0,,,Y,Y,Y,,C,02,0,0,0,0,0,0,0,1,0,"- ","- ",32.679810000000003,-115.38066000000001,IMPERIAL,UNINCORPORATED,-115.38074727999999,32.679830789999997
6606133,2014,2014-09-23,9625,2014-05-17,0132,18978,,6,3,9,1300,0,3,5,,2,050,"BOWKER RD","JASPER RD",580.00,S,N,A,-,N,,,,,,,,,,Y,1,1,0,1,A,-,08,22107,,N,F,A,A,A,H,-,D,D,0,,,,,Y,,D,22,0,0,0,0,0,0,0,0,0,"- ","- ",32.706899999999997,-115.46516,IMPERIAL,UNINCORPORATED,-115.46512,32.706975219999997
6606226,2014,2014-10-06,9625,2014-03-24,1728,17432,,1,2,9,1300,0,1,1,,2,006,"RT 8","RT 98",3120.00,W,N,A,-,Y,IMP,11,8,-,R,65.140,H,-,W,Y,1,1,1,1,A,-,08,22107,,N,F,A,A,A,H,-,A,D,1,,,,,Y,,D,22,0,1,0,0,0,0,0,0,0,"- ","- ",32.714129999999997,-115.10002,IMPERIAL,UNINCORPORATED,-115.09904122,32.71394617
6606304,2014,2014-10-15,9625,2014-07-12,0245,18930,,6,3,9,1300,0,1,3,,1,054,"RT 111","ATEN RD",3168.00,S,N,A,-,Y,IMP,11,111,-,R,10.700,H,-,N,Y,1,1,2,2,A,-,03,22350,,N,C,C,A,A,H,-,D,D,0,,,Y,,Y,Y,C,02,0,1,1,0,0,0,0,1,0,"- ","- ",32.818890000000003,-115.50019,IMPERIAL,UNINCORPORATED,-115.50033639,32.816807429999997
6606305,2014,2014-10-15,9625,2014-07-19,0656,17075,,6,1,9,1300,0,3,5,,2,020,"RT 78","HOVLEY RD",0.00,,Y,B,-,Y,IMP,11,78,-,R,11.832,I,5,E,Y,1,1,5,2,A,-,09,21803,A,N,D,C,A,A,H,-,A,A,0,,,,,Y,,A,08,1,0,4,0,0,0,0,0,0,"- ","- ",33.001750000000001,-115.54418,IMPERIAL,UNINCORPORATED,-116.08095829,33.132195279999998