CASE_ID,ACCIDENT_YEAR,PROC_DATE,JURIS,COLLISION_DATE,COLLISION_TIME,OFFICER_ID,REPORTING_DISTRICT,DAY_OF_WEEK,CHP_SHIFT,POPULATION,CNTY_CITY_LOC,SPECIAL_COND,BEAT_TYPE,CHP_BEAT_TYPE,CITY_DIVISION_LAPD,CHP_BEAT_CLASS,BEAT_NUMBER,PRIMARY_RD,SECONDARY_RD,DISTANCE,DIRECTION,INTERSECTION,WEATHER_1,WEATHER_2,STATE_HWY_IND,CALTRANS_COUNTY,CALTRANS_DISTRICT,STATE_ROUTE,ROUTE_SUFFIX,POSTMILE_PREFIX,POSTMILE,LOCATION_TYPE,RAMP_INTERSECTION,SIDE_OF_HWY,TOW_AWAY,COLLISION_SEVERITY,NUMBER_KILLED,NUMBER_INJURED,PARTY_COUNT,PRIMARY_COLL_FACTOR,PCF_CODE_OF_VIOL,PCF_VIOL_CATEGORY,PCF_VIOLATION,PCF_VIOL_SUBSECTION,HIT_AND_RUN,TYPE_OF_COLLISION,MVIW,PED_ACTION,ROAD_SURFACE,ROAD_COND_1,ROAD_COND_2,LIGHTING,CONTROL_DEVICE,CHP_ROAD_TYPE,PEDESTRIAN_ACCIDENT,BICYCLE_ACCIDENT,MOTORCYCLE_ACCIDENT,TRUCK_ACCIDENT,NOT_PRIVATE_PROPERTY,ALCOHOL_INVOLVED,STWD_VEHTYPE_AT_FAULT,CHP_VEHTYPE_AT_FAULT,COUNT_SEVERE_INJ,COUNT_VISIBLE_INJ,COUNT_COMPLAINT_PAIN,COUNT_PED_KILLED,COUNT_PED_INJURED,COUNT_BICYCLIST_KILLED,COUNT_BICYCLIST_INJURED,COUNT_MC_KILLED,COUNT_MC_INJURED,PRIMARY_RAMP,SECONDARY_RAMP,LATITUDE,LONGITUDE,COUNTY,CITY,POINT_X,POINT_Y
6637185,2014,2016-05-20,9625,2014-09-12,1656,020830,,5,2,9,1300,0,1,1,,2,003,"RT 8","DREW RD",5676.00,E,N,A,-,Y,IMP,11,8,-,R,31.010,H,-,E,Y,2,0,1,2,A,-,07,21658,A,F,F,A,A,A,H,-,A,D,1,,,Y,Y,Y,,G,25,1,0,0,0,0,0,0,0,1,"- ","- ",32.773899999999998,-115.66768,IMPERIAL,UNINCORPORATED,-115.67327933,32.773822950000003
6668484,2014,2014-12-18,9625,2014-10-06,0603,13627,,1,1,9,1300,0,1,3,,2,056,"WORTHINGTON RD","RT 115",0.00,,Y,A,-,Y,,,,,,,,,,Y,2,0,1,2,A,-,12,22450,A,N,D,C,A,A,H,-,D,A,0,,,,Y,Y,,D,22,1,0,0,0,0,0,0,0,0,"- ","- ",32.847200000000001,-115.40613,IMPERIAL,UNINCORPORATED,-115.40617005,32.847250090000003
6668485,2014,2014-12-16,9625,2014-10-06,0604,013627,,1,1,9,1300,0,1,3,,2,056,"RT 115","WORTHINGTON RD",191.00,N,N,A,-,Y,,,115,,,,,,,Y,2,0,1,2,C,-,18,,,N,A,C,A,A,C,-,D,D,0,,,,,Y,,-,"- ",1,0,0,0,0,0,0,0,0,"- ","- ",32.847760000000001,-115.40612,IMPERIAL,UNINCORPORATED,-115.40617983999999,32.847760059999999
6678384,2017,2018-01-23,1304,2017-09-23,2112,344,EAST,6,5,4,1304,0,0,0,,0,,"6TH ST","VINE ST",43.00,S,N,A,-,N,,,,,,,,,,N,1,1,0,2,A,-,03,22350,,F,G,B,D,A,H,-,C,D,0,Y,,,,Y,,-,,0,0,0,1,0,0,0,0,0,"- ","- ",,,IMPERIAL,"EL CENTRO",-115.55688747000001,32.784842500000003
6694107,2014,2014-11-18,9625,2014-10-22,0830,017727,,3,1,9,1300,0,1,1,,2,005,"RT 8","RT 98",15312.00,W,N,A,-,Y,,,,,,,,,,Y,2,0,2,1,A,-,08,22107,,N,F,A,A,A,H,-,A,D,0,,,,,Y,,D,22,1,1,0,0,0,0,0,0,0,"- ","- ",,,IMPERIAL,UNINCORPORATED,-115.13571727,32.725230740000001
6702314,2014,2015-01-07,9625,2014-11-01,0258,020830,,6,3,9,1300,0,2,4,,2,046,"DOGWOOD RD","VILLA RD",173.00,N,N,A,-,N,,,,,,,,,,Y,2,0,1,1,A,-,08,22107,,N,E,I,A,A,H,-,D,D,0,,,,,Y,,A,07,1,0,0,0,0,0,0,0,0,"- ","- ",32.808909999999997,-115.53563,IMPERIAL,UNINCORPORATED,-115.53569019,32.804280839999997
6715091,2014,2016-02-23,9625,2014-11-05,1550,017809,,3,2,9,1300,0,2,4,,2,057,"EVAN HEWES HWY","RT 115",397.00,W,N,A,-,N,,,,,,,,,,Y,2,0,2,1,A,-,08,22107,,N,F,A,A,A,H,-,A,D,0,,,,,Y,,A,01,2,0,0,0,0,0,0,0,0,"- ","- ",32.80583,-115.40629,IMPERIAL,UNINCORPORATED,-115.40735835,32.805684149999998
6716943,2014,2015-01-09,1304,2014-11-20,2159,326,1304,4,5,4,1304,0,0,0,,0,EAST,EUCLID,"5TH ST",283.00,E,N,A,-,N,,,,,,,,,,Y,2,0,1,1,A,-,08,22107,,N,E,I,A,A,H,-,C,D,0,,,,,Y,,A,01,1,0,0,0,0,0,0,0,0,"- ","- ",,,IMPERIAL,"EL CENTRO",-115.55403422000001,32.798369999999998
6718637,2017,2018-03-06,1304,2017-06-09,0516,326,EEAS,5,5,4,1304,0,0,0,,0,EAST,MAIN,COOLEY,126.00,W,N,A,-,N,,,,,,,,,,Y,1,1,0,2,A,-,11,21954,A,F,G,B,E,A,H,-,D,D,0,Y,,,,Y,,D,22,0,0,0,1,0,0,0,0,0,"- ","- ",,,IMPERIAL,"EL CENTRO",-115.51890134999999,32.795328660000003
6718641,2017,2018-03-01,1304,2017-11-06,1823,365,,1,5,4,1304,0,0,0,,0,WEST,CRUICKSHANK,"CRUICKSHANK 1500 BLK",0.00,,N,A,-,N,,,,,,,,,,N,1,1,0,2,A,-,03,22350,,N,G,B,D,A,H,-,E,D,0,Y,,,,Y,,D,22,0,0,0,1,0,0,0,0,0,"- ","- ",,,IMPERIAL,"EL CENTRO",,
6738166,2014,2015-01-27,9625,2014-11-11,0239,020516,,2,3,9,1300,0,1,3,,1,054,"RT 111","WILDCAT RD",2933.00,S,N,A,-,Y,,,111,,,,,,,N,2,0,1,1,A,-,08,22107,,N,F,A,A,A,H,-,D,D,0,,,,Y,Y,,G,25,1,0,0,0,0,0,0,0,0,"- ","- ",32.960520000000002,-115.50805,IMPERIAL,UNINCORPORATED,-115.50825501,32.96057733
6738170,2014,2015-01-21,9625,2014-11-24,1530,18464,,1,2,9,1300,0,1,3,,2,024,"RT 78","RT 115",291.00,W,N,A,-,Y,,,78,,,,,,,Y,2,0,2,2,A,-,08,22107,,N,D,C,A,A,H,-,A,D,0,,,,Y,Y,,A,01,1,1,0,0,0,0,0,0,0,"- ","- ",32.974600000000002,-115.44904,IMPERIAL,UNINCORPORATED,-115.44904,32.974596990000002
6755657,2014,2015-02-03,9625,2014-12-20,1532,019582,,6,2,9,1300,0,1,1,,2,001,"RT 8","IN-KO-PAH PARK RD",5916.00,E,N,A,B,Y,,,8,,,,,,,Y,2,0,3,1,A,-,08,22107,,N,E,I,A,A,H,-,A,D,0,,,,,Y,,B,07,2,1,0,0,0,0,0,0,0,"- ","- ",32.657380000000003,-116.09695000000001,IMPERIAL,UNINCORPORATED,-116.09696502,32.657380320000001
6756209,2014,2015-02-05,9625,2014-12-10,0525,012219,,3,3,9,1300,0,1,3,,1,042,"RT 98","ROCKWOOD RD",1506.00,W,N,A,-,Y,,,98,,,,,,,N,2,0,3,2,A,-,03,22350,,N,C,C,A,A,H,-,D,D,0,,,,,Y,,A,01,1,0,2,0,0,0,0,0,0,"- ","- ",32.679139999999997,-115.62622,IMPERIAL,UNINCORPORATED,-115.62621906,32.679254749999998
6765316,2014,2015-02-03,9625,2014-12-14,1948,018792,,7,2,9,1300,0,3,5,,2,040,"CLARK RD","WILLOUGHBY RD",25.00,S,N,A,-,N,,,,,,,,,,Y,2,0,4,1,A,-,01,23153,A,N,F,A,A,A,H,-,D,D,0,,,,,Y,Y,A,01,1,3,0,0,0,0,0,0,0,"- ","- ",32.708500000000001,-115.5599,IMPERIAL,UNINCORPORATED,-115.55989350999999,32.708441890000003
6813003,2015,2016-09-21,9625,2015-01-29,2240,018930,,4,3,9,1300,0,2,4,,2,046,"DOGWOOD RD","RT 98",13.00,S,N,B,-,Y,IMP,11,98,-,-,30.270,I,5,W,Y,2,0,2,1,A,-,01,23152,A,N,D,E,A,A,H,-,C,A,0,,,,,Y,Y,A,01,1,1,0,0,0,0,0,0,0,"- ","- ",32.679119999999998,-115.53355999999999,IMPERIAL,UNINCORPORATED,-115.53344726,32.679240030000003
6828395,2015,2016-09-21,9625,2015-02-08,2010,018464,,7,2,9,1300,0,3,5,,2,010,"RT 78","RT 86",0.00,,Y,A,-,Y,IMP,11,78,-,R,9.203,I,5,W,Y,2,0,1,2,A,-,12,21453,A,N,D,C,A,A,H,-,C,A,0,,,,Y,Y,,G,25,1,0,0,0,0,0,0,0,0,"- ","- ",33.000970000000002,-115.59009,IMPERIAL,UNINCORPORATED,-115.58898322,32.999273459999998
6854012,2014,2015-03-20,9625,2014-11-29,1348,18792,,6,1,9,1300,0,1,3,,1,022,"RT 111","AVENUE A",16474.00,N,N,A,-,Y,IMP,11,111,-,-,60.830,H,-,S,Y,1,2,2,1,A,-,08,22107,,N,F,A,A,A,H,-,A,D,0,,,,,Y,,A,01,1,1,0,0,0,0,0,0,0,"- ","- ",33.374540000000003,-115.77924,IMPERIAL,UNINCORPORATED,-115.78003210999999,33.375063949999998
6854054,2015,2015-03-23,1304,2015-02-13,1802,331,,5,5,4,1304,0,0,0,,0,,BRADSHAW,WATERMAN,369.00,E,N,A,-,N,,,,,,,,,,N,1,1,0,2,A,-,11,21954,A,N,G,B,D,A,H,-,C,D,0,Y,,,,Y,,N,60,0,0,0,1,0,0,0,0,0,"- ","- ",,,IMPERIAL,"EL CENTRO",-115.56966615,32.811081510000001
6854219,2015,2015-04-15,9625,2015-01-24,1459,20830,,6,2,9,1300,0,1,3,,2,053,"RT 111","HEBER RD",2004.00,N,N,A,-,Y,IMP,11,111,-,R,5.200,H,-,S,Y,1,1,5,3,A,-,08,22107,,N,F,A,A,A,H,-,A,D,0,,,,,Y,,A,07,3,2,0,0,0,0,0,0,0,"- ","- ",32.735950000000003,-115.50049,IMPERIAL,UNINCORPORATED,-115.50054292999999,32.73734254
6854239,2015,2015-04-22,9625,2015-02-14,1123,18207,,6,1,9,1300,0,1,3,,1,054,"RT 111","EVAN HEWES HWY",0.00,,Y,A,-,Y,IMP,11,111,-,R,9.503,I,5,N,Y,1,2,0,2,A,-,03,22350,,N,D,C,A,A,H,-,A,A,0,,,,Y,Y,,D,22,0,0,0,0,0,0,0,0,0,"- ","- ",32.799430000000001,-115.50158,IMPERIAL,UNINCORPORATED,-115.50061187999999,32.799465310000002
6854332,2014,2015-09-14,9625,2014-11-15,1035,15990,,6,1,9,1300,0,1,3,,1,012,"RT 86","BRAWLEY AV",0.00,,Y,A,-,Y,IMP,11,86,-,-,63.630,I,5,N,Y,1,5,5,2,A,-,09,21802,A,N,D,C,A,A,H,-,A,D,0,,,,,Y,,A,08,2,1,2,0,0,0,0,0,0,"- ","- ",33.37426,-116.02569,IMPERIAL,UNINCORPORATED,-116.02578665,33.374683830000002
6854664,2015,2017-03-29,1304,2015-05-29,2053,363,1304,5,5,4,1304,0,0,0,,0,WEST,"8TH ST","HORNE RD",6.00,W,N,A,-,N,,,,,,,,,,N,1,1,0,2,A,-,11,21956,A,N,G,B,D,A,H,-,D,D,0,Y,,,,Y,Y,-,"- ",0,0,0,1,0,0,0,0,0,"- ","- ",,,IMPERIAL,"EL CENTRO",-115.56097984,32.765101610000002
6855930,2015,2015-05-28,1305,2015-02-13,1712,614,,5,5,2,1305,0,0,0,,0,,"5TH ST","GRAPE AV",0.00,,Y,A,-,N,,,,,,,,,,N,2,0,1,2,A,-,03,22350,,N,H,G,A,A,H,-,B,D,0,,Y,,,Y,,L,04,1,0,0,0,0,0,1,0,0,"- ","- ",32.811129999999999,-115.37194,IMPERIAL,HOLTVILLE,-115.37158013,32.811000030000002
6865780,2015,2015-04-09,9620,2015-03-05,0515,013496,,4,3,9,1300,0,2,4,,1,075,"ROSS RD","FISCHER RD",1056.00,E,N,A,-,N,,,,,,,,,,Y,2,0,1,2,A,-,08,22107,,N,B,C,A,A,B,-,D,D,0,,,,,Y,,M,46,1,0,0,0,0,0,0,0,0,"- ","- ",32.781840000000003,-114.5774,IMPERIAL,UNINCORPORATED,-114.57409935,32.781750000000002
6878876,2015,2015-04-22,1304,2015-03-24,0700,535,1304,2,5,4,1304,0,0,0,,0,WEST,STATE,10TH,59.00,W,N,A,-,N,,,,,,,,,,N,2,0,1,2,A,-,07,21658,A,F,B,B,E,A,H,-,A,D,0,Y,,,,Y,,A,01,1,0,0,0,1,0,0,0,0,"- ","- ",,,IMPERIAL,"EL CENTRO",-115.56373089,32.79175781
6887214,2015,2015-05-05,9625,2015-04-10,1655,17809,,5,2,9,1300,0,3,5,,2,010,"SEA VIEW DR","SALTON BAY DR",1055.00,W,N,A,-,N,,,,,,,,,,N,2,0,1,2,A,-,08,22107,,N,D,G,A,A,H,-,A,D,0,,Y,,,Y,,L,04,1,0,0,0,0,0,1,0,0,"- ","- ",33.30912,-115.93368,IMPERIAL,UNINCORPORATED,-115.93295528,33.30914156
6896981,2015,2016-11-03,9620,2015-04-20,0306,018368,,1,3,9,1300,0,1,1,,2,081,"RT 8","GRAYS WELLS RD",1056.00,W,N,A,-,Y,IMP,11,8,-,R,57.990,H,-,E,Y,2,0,1,1,A,-,01,23152,A,N,E,I,A,A,H,-,C,D,0,,,,,Y,Y,A,01,1,0,0,0,0,0,0,0,0,"- ","- ",,,IMPERIAL,UNINCORPORATED,-115.21445497000001,32.749667709999997
6935259,2015,2015-07-16,1304,2015-06-10,0559,368,,3,5,4,1304,0,0,0,,0,EAST,"3RD ST",CEDAR,18.00,N,N,A,-,N,,,,,,,,,,N,2,0,1,2,A,-,06,21750,,N,B,G,A,A,H,-,B,D,0,,Y,,,Y,,A,01,1,0,0,0,0,0,1,0,0,"- ","- ",,,IMPERIAL,"EL CENTRO",-115.55034108,32.783349190000003
6946731,2015,2015-06-27,9625,2015-05-04,1805,18464,,1,2,9,1300,0,3,5,,2,010,"AUSTIN RD","WEAVER RD",3168.00,N,N,A,-,N,,,,,,,,,,Y,2,0,1,1,A,-,08,22107,,N,E,I,A,A,H,-,A,D,0,,,,,Y,,A,01,1,0,0,0,0,0,0,0,0,"- ","- ",32.940910000000002,-115.57941,IMPERIAL,UNINCORPORATED,-115.57969138,32.940781479999998
6955706,2015,2016-11-17,9625,2015-05-25,1420,018464,,1,2,9,1300,0,1,3,,1,012,"RT 86","MONTEREY AV",834.00,S,N,A,-,Y,IMP,11,86,-,-,6.750,H,-,S,Y,2,0,1,1,A,-,01,23152,A,N,E,I,A,A,H,-,A,D,0,,,,,Y,Y,A,01,1,0,0,0,0,0,0,0,0,"- ","- ",33.399659999999997,-116.04489,IMPERIAL,UNINCORPORATED,-115.55248774,32.784645679999997
6970092,2015,2016-11-03,9625,2015-06-03,0005,018930,,3,3,9,1300,0,1,1,,2,006,"RT 8","RT 98",6.47,W,N,A,-,Y,IMP,11,8,-,R,3.620,H,-,W,Y,2,0,1,1,A,-,08,22107,,N,F,A,A,A,H,-,D,D,1,,,,,Y,,A,01,1,0,0,0,0,0,0,0,0,"- ","- ",,,IMPERIAL,UNINCORPORATED,-116.09141270000001,32.682794219999998
6996562,2015,2015-08-22,9625,2015-07-05,0455,19667,,7,3,9,1300,0,3,5,,2,050,"KEYSTONE RD","MCCONNELL RD",0.00,,Y,A,-,N,,,,,,,,,,Y,2,0,3,1,A,-,01,23152,A,N,E,I,A,A,H,-,B,A,0,,,,,Y,Y,D,22,1,2,0,0,0,0,0,0,0,"- ","- ",32.912610000000001,-115.48371,IMPERIAL,UNINCORPORATED,-115.48377008999999,32.915710060000002
7002051,2015,2015-07-24,9625,2015-07-03,1550,013781,,5,2,9,1300,0,3,5,,2,040,"COOLEY RD","E HUSTON RD",0.00,,Y,A,-,N,,,,,,,,,,Y,2,0,3,2,A,-,00,22352,A,N,D,C,A,A,H,-,A,D,0,,,,,Y,,-,"- ",1,0,2,0,0,0,0,0,0,"- ","- ",32.840040000000002,-115.51846999999999,IMPERIAL,UNINCORPORATED,-115.51850007,32.840020099999997
7006164,2015,2015-09-24,1301,2015-07-08,0901,928,BRAWL,3,5,3,1301,0,0,0,,0,004,"K ST","PALM AV",0.00,,Y,A,-,N,,,,,,,,,,Y,1,1,2,2,A,-,12,22450,A,N,A,C,A,A,H,-,A,A,0,,,,,Y,,A,01,1,1,0,0,0,0,0,0,0,"- ","- ",,,IMPERIAL,BRAWLEY,-115.52204012999999,32.97311002
7006507,2015,2016-01-07,9625,2015-08-29,1533,18464,,6,2,9,1300,0,1,3,,1,012,"RT 86","DESERT SHORES DR",0.00,,Y,A,-,Y,IMP,11,86,-,-,66.143,I,5,N,Y,1,1,6,2,A,-,09,21802,A,N,D,C,A,A,H,-,A,A,0,,,,,Y,,A,01,0,2,4,0,0,0,0,0,0,"- ","- ",33.405470000000001,-119.04589,IMPERIAL,UNINCORPORATED,-116.04586037,33.405309729999999
7011096,2015,2017-01-28,9625,2015-08-04,1100,17727,,2,1,9,1300,0,1,3,,1,012,"RT 86","AIR PARK DR",11616.00,S,N,A,-,Y,IMP,11,86,-,-,51.700,H,-,N,Y,2,0,1,1,A,-,08,22107,,N,F,A,A,A,H,-,A,D,0,,,,Y,Y,,G,25,1,0,0,0,0,0,0,0,0,"- ","- ",33.226129999999998,-115.92201,IMPERIAL,UNINCORPORATED,-115.92176345999999,33.225978869999999
7016576,2015,2017-01-28,9625,2015-07-21,0805,015990,,2,1,9,1300,0,1,3,,1,012,"RT 86","MONTEREY AV",2215.00,S,N,A,-,Y,IMP,11,86,-,-,65.480,H,-,S,Y,2,0,2,2,A,-,08,22107,,N,C,C,A,A,H,-,A,D,0,,,,Y,Y,,A,01,2,0,0,0,0,0,0,0,0,"- ","- ",33.396259999999998,-116.04049999999999,IMPERIAL,UNINCORPORATED,-116.04381257,33.39549401
7035560,2015,2015-09-01,1301,2015-07-10,1640,905,BRAWL,5,5,3,1301,0,0,0,,0,003,RIVER,EASTERN,373.00,W,N,A,-,N,,,,,,,,,,N,2,0,1,2,D,-,00,,,F,C,G,A,A,H,-,A,D,0,,Y,,,Y,,-,"- ",1,0,0,0,0,0,1,0,0,"- ","- ",,,IMPERIAL,BRAWLEY,-115.51899948000001,32.986530000000002
7062506,2015,2015-10-08,9625,2015-09-19,0635,12219,,6,1,9,1300,0,2,4,,2,046,"DOGWOOD RD","WILLOUGHBY RD",0.00,,Y,A,-,N,,,,,,,,,,Y,2,0,1,2,A,-,09,21801,A,N,D,C,A,A,H,-,A,D,0,,,Y,,Y,,A,01,1,0,0,0,0,0,0,0,1,"- ","- ",32.708509999999997,-115.53407,IMPERIAL,UNINCORPORATED,-115.53408,32.708450030000002
7064923,2015,2017-01-28,9625,2015-08-27,1358,18464,,4,1,9,1300,0,1,3,,1,012,"RT 86","NORM NIVER RD",0.00,,Y,A,-,Y,IMP,11,86,-,-,62.380,I,5,S,Y,2,0,1,2,A,-,09,21802,A,N,D,C,A,A,H,-,A,A,0,,,,Y,Y,,A,01,1,0,0,0,0,0,0,0,0,"- ","- ",33.357340000000001,-116.01876,IMPERIAL,UNINCORPORATED,-116.01884063999999,33.357410289999997
7096409,2015,2015-10-17,1301,2015-09-27,0656,925,BRAWL,7,5,3,1301,0,0,0,,0,003,"MAIN ST","CESAR CHAVEZ ST",149.00,W,N,A,-,N,,,,,,,,,,N,2,0,1,2,A,-,11,21954,A,N,G,B,D,A,H,-,B,A,0,Y,,,,Y,,N,60,1,0,0,0,1,0,0,0,0,"- ","- ",,,IMPERIAL,BRAWLEY,-115.52688313,32.978630000000003
7123123,2015,2015-11-23,1306,2015-01-14,1256,403,IMPER,3,5,2,1306,0,0,0,,0,PATROL,"CEDAR AV","MARINA CT",84.00,N,N,A,-,N,,,,,,,,,,N,2,0,1,2,A,-,17,27400,,N,-,G,A,A,H,-,A,D,0,,Y,,,Y,,L,04,1,0,0,0,0,0,1,0,0,"- ","- ",,,IMPERIAL,IMPERIAL,-115.55102348,32.820789519999998
7133457,2015,2015-12-14,1304,2015-11-21,1434,331,,6,5,4,1304,0,0,0,,0,,"8TH ST","DANEN BERG",0.00,,Y,A,-,N,,,,,,,,,,N,2,0,2,1,A,-,08,22107,,N,H,A,A,A,B,-,A,D,0,,,,,Y,,A,01,1,1,0,0,0,0,0,0,0,"- ","- ",,,IMPERIAL,"EL CENTRO",-115.56099,32.767119000000001
7153504,2015,2016-01-19,1301,2015-05-23,0118,917,BRAWL,6,5,3,1301,0,0,0,,0,002,ALLEN,"EL CERRITO",0.00,,Y,A,-,N,,,,,,,,,,Y,2,0,1,2,A,-,09,21803,A,F,D,C,A,A,H,-,C,A,0,,,,,Y,,A,01,1,0,0,0,0,0,0,0,0,"- ","- ",,,IMPERIAL,BRAWLEY,-115.54578003,32.9720601
7155152,2015,2016-01-27,1304,2015-12-05,0036,347,ECPD,6,5,4,1304,0,0,0,,0,EAST,"S 3RD","S 3RD 1800",0.00,,-,A,-,N,,,,,,,,,,N,2,0,2,3,A,-,08,22102,,M,A,E,A,A,H,-,C,A,0,,,,,Y,Y,A,01,1,0,1,0,0,0,0,0,0,"- ","- ",32.7774,-115.5488,IMPERIAL,"EL CENTRO",-115.54890454,32.777925230000001
7199652,2016,2018-09-27,1302,2016-01-15,1957,547,1302,5,5,4,1302,0,0,0,,0,004,"COLE RD","ROCKWOOD AV",56.00,E,N,A,-,N,,,,,,,,,,Y,1,1,0,2,A,-,07,21658,A,N,D,G,A,A,H,-,E,A,0,,Y,,Y,Y,,L,04,0,0,0,0,0,1,0,0,0,"- ","- ",,,IMPERIAL,CALEXICO,-115.49609902,32.693959999999997
7202480,2015,2017-03-29,1302,2015-02-06,1953,CX118,1302,5,5,4,1302,0,0,0,,0,004,"BIRCH ST","ROCKWOOD AV",158.00,W,N,A,-,N,,,,,,,,,,N,1,1,0,2,A,-,11,21954,A,N,G,B,D,A,H,-,E,A,0,Y,,,,Y,Y,N,60,0,0,0,1,0,0,0,0,0,"- ","- ",,,IMPERIAL,CALEXICO,-115.49678053,32.679265979999997
7202750,2015,2016-03-22,1302,2015-03-22,0201,CX553,1302,7,5,4,1302,0,0,0,,0,004,"SCARONI RD","ROBINSON AV",1035.00,N,N,A,-,N,,,,,,,,,,Y,2,0,1,1,A,-,07,21658,A,N,F,-,A,A,H,-,C,A,0,,,,,Y,Y,A,01,1,0,0,0,0,0,0,0,0,"- ","- ",,,IMPERIAL,CALEXICO,-115.49968884,32.700648469999997
8009762,2015,2017-01-28,1302,2015-10-09,1722,CX029,,5,5,4,1302,0,0,0,,0,002,"RT 111","LINCOLN ST",0.00,,Y,A,-,Y,IMP,11,111,-,-,0.908,I,5,S,Y,2,0,1,2,A,-,06,21755,,F,B,C,A,A,H,-,A,A,0,,,Y,,Y,,C,02,1,0,0,0,0,0,0,0,1,"- ","- ",,,IMPERIAL,CALEXICO,-115.49867961,32.67506384
8031731,2015,2016-05-09,1301,2015-08-07,2105,903,BRAWL,5,5,3,1301,0,0,0,,0,001,DOGWOOD,MONTEREY,32.00,S,N,A,-,N,,,,,,,,,,Y,2,0,2,1,A,-,17,24409,A,N,E,I,A,A,H,-,C,A,0,,,,,Y,,-,"- ",1,0,1,0,0,0,0,0,0,"- ","- ",,,IMPERIAL,BRAWLEY,-115.53510273000001,32.962782580000002
8121700,2016,2016-10-20,1304,2016-08-21,2253,358,EEAST,7,5,4,1304,0,0,0,,0,EAST,DOGWOOD,AURORA,336.00,S,N,A,-,N,,,,,,,,,,N,2,0,1,2,A,-,06,21750,,F,C,G,A,A,H,-,A,D,0,,Y,,,Y,,A,01,1,0,0,0,0,0,1,0,0,"- ","- ",,,IMPERIAL,"EL CENTRO",-115.53530000000001,32.777830000000002
8138002,2016,2016-10-13,1304,2016-08-21,0400,341,4,7,5,4,1304,0,0,0,,0,WEST,"LA BRUCHERIE",VILLA,35.00,S,N,A,-,N,,,,,,,,,,Y,2,0,2,1,A,-,01,23152,A,N,E,I,A,A,H,-,C,A,0,,,,,Y,Y,A,01,1,1,0,0,0,0,0,0,0,"- ","- ",,,IMPERIAL,"EL CENTRO",-115.5786597,32.803554339999998
8169467,2016,2016-11-16,1301,2016-10-09,0036,910,BRAWL,7,5,3,1301,0,0,0,,0,0B3,"MAIN ST","CESAR CHAVEZ",630.00,E,N,A,-,N,,,,,,,,,,Y,2,0,1,2,A,-,00,21954,,N,G,B,D,A,H,-,C,A,0,Y,,,,Y,Y,N,60,1,0,0,0,1,0,0,0,0,"- ","- ",,,IMPERIAL,BRAWLEY,-115.52435724999999,32.978633019999997
8311674,2017,2018-02-15,1304,2017-01-18,1807,329,EAST,3,5,4,1304,0,0,0,,0,EAST,4TH,STATE,0.00,,Y,B,-,Y,IMP,11,86,-,-,7.240,I,5,N,Y,2,0,3,3,A,-,09,21802,A,N,D,C,A,B,H,-,C,A,0,,,,,Y,,A,01,1,0,2,0,0,0,0,0,0,"- ","- ",32.79186,-115.55282,IMPERIAL,"EL CENTRO",-115.55252754999999,32.791856979999999
8358172,2017,2018-02-15,1301,2017-03-10,1252,914,BRAWL,5,5,3,1301,0,0,0,,0,002,"RT 86","LEGION RD",1062.00,S,N,A,-,Y,IMP,11,86,-,-,18.990,H,-,S,Y,2,0,1,2,A,-,03,22350,,F,D,C,A,A,H,-,A,D,0,,,,,Y,,-,,1,0,0,0,0,0,0,0,0,"- ","- ",,,IMPERIAL,BRAWLEY,-115.55212191,32.957364230000003
8391265,2017,2017-06-23,1304,2017-04-13,1951,326,6,4,5,4,1304,0,0,0,,0,EAST,4TH,MAGNOLIA,58.00,S,N,A,-,N,,,,,,,,,,N,2,0,1,2,A,-,03,22350,,N,G,B,D,A,H,-,C,D,0,Y,,,,Y,,D,22,1,0,0,0,1,0,0,0,0,"- ","- ",,,IMPERIAL,"EL CENTRO",-115.55278258,32.801261500000003
8404617,2017,2018-05-31,1304,2017-07-13,1902,E0104,,4,5,4,1304,0,0,0,,0,EAST,"E MAIN ST","EARL'S RD",405.00,W,N,A,-,N,,,,,,,,,,Y,1,1,0,1,A,-,03,22350,,N,-,J,A,A,H,-,A,D,0,,,,,Y,,-,,0,0,0,0,0,0,0,0,0,"- ","- ",32.792699999999996,-115.5282,IMPERIAL,"EL CENTRO",-115.52826967,32.79282723
8404640,2017,2018-05-23,1302,2017-07-26,0747,565,1302,3,5,4,1302,0,0,0,,0,001,"CESAR CHAVEZ","W 5TH ST",220.00,N,N,A,-,N,,,,,,,,,,N,1,1,1,2,A,-,16,29004,A,N,G,B,E,A,H,-,A,D,0,Y,,,Y,Y,,G,21,0,1,0,1,0,0,0,0,0,"- ","- ",,,IMPERIAL,CALEXICO,-115.5022345,32.670446650000002
8404715,2017,2019-04-09,1304,2017-12-29,1818,361,E1,5,5,4,1304,0,0,0,,0,EAST,"FOURTH ST","HOLT AV",11.00,N,N,A,-,Y,IMP,11,86,-,-,6.970,H,-,N,Y,1,1,0,2,A,-,10,21950,A,N,G,B,D,A,H,-,C,A,0,Y,,,,Y,,A,01,0,0,0,1,0,0,0,0,0,"- ","- ",,,IMPERIAL,"EL CENTRO",-115.55252929,32.787921910000001
8404949,2018,2020-05-26,1301,2018-04-03,1812,9A12,BRAWL,2,5,3,1301,0,0,0,,0,004,"MAIN ST","WILDCAT RD",283.00,S,N,A,-,Y,IMP,11,86,-,-,19.430,H,-,N,Y,1,1,2,4,A,-,01,23152,A,N,A,C,A,A,H,-,B,A,0,,,,,Y,Y,A,01,0,0,2,0,0,0,0,0,0,"- ","- ",,,IMPERIAL,BRAWLEY,-115.54877471923828,32.963085174560547