CASE_ID,ACCIDENT_YEAR,PROC_DATE,JURIS,COLLISION_DATE,COLLISION_TIME,OFFICER_ID,REPORTING_DISTRICT,DAY_OF_WEEK,CHP_SHIFT,POPULATION,CNTY_CITY_LOC,SPECIAL_COND,BEAT_TYPE,CHP_BEAT_TYPE,CITY_DIVISION_LAPD,CHP_BEAT_CLASS,BEAT_NUMBER,PRIMARY_RD,SECONDARY_RD,DISTANCE,DIRECTION,INTERSECTION,WEATHER_1,WEATHER_2,STATE_HWY_IND,CALTRANS_COUNTY,CALTRANS_DISTRICT,STATE_ROUTE,ROUTE_SUFFIX,POSTMILE_PREFIX,POSTMILE,LOCATION_TYPE,RAMP_INTERSECTION,SIDE_OF_HWY,TOW_AWAY,COLLISION_SEVERITY,NUMBER_KILLED,NUMBER_INJURED,PARTY_COUNT,PRIMARY_COLL_FACTOR,PCF_CODE_OF_VIOL,PCF_VIOL_CATEGORY,PCF_VIOLATION,PCF_VIOL_SUBSECTION,HIT_AND_RUN,TYPE_OF_COLLISION,MVIW,PED_ACTION,ROAD_SURFACE,ROAD_COND_1,ROAD_COND_2,LIGHTING,CONTROL_DEVICE,CHP_ROAD_TYPE,PEDESTRIAN_ACCIDENT,BICYCLE_ACCIDENT,MOTORCYCLE_ACCIDENT,TRUCK_ACCIDENT,NOT_PRIVATE_PROPERTY,ALCOHOL_INVOLVED,STWD_VEHTYPE_AT_FAULT,CHP_VEHTYPE_AT_FAULT,COUNT_SEVERE_INJ,COUNT_VISIBLE_INJ,COUNT_COMPLAINT_PAIN,COUNT_PED_KILLED,COUNT_PED_INJURED,COUNT_BICYCLIST_KILLED,COUNT_BICYCLIST_INJURED,COUNT_MC_KILLED,COUNT_MC_INJURED,PRIMARY_RAMP,SECONDARY_RAMP,LATITUDE,LONGITUDE,COUNTY,CITY,POINT_X,POINT_Y
84757371,2024,2025-07-10,1301,2024-12-12,1907,9A16,,4,5,3,1301,0,0,0,,0,001,"A STREET","3RD STREET",22.00,E,-,A,-,N,,,,,,,,,,N,2,0,1,2,A,-,10,21950,A,F,G,B,D,A,H,-,D,A,0,Y,,,,Y,Y,A,01,1,0,0,0,1,0,0,0,0,"- ","- ",,,IMPERIAL,BRAWLEY,-115.56381988525391,32.959030151367188
84757376,2025,2025-07-10,1301,2025-02-06,"737 ",916,,4,5,3,1301,0,0,0,,0,,"PALM AVE","E ST",0.00,N,-,A,-,N,,,,,,,,,,N,2,0,1,2,A,-,09,21800,A,N,D,C,A,A,H,-,A,A,0,,,,,Y,,A,01,1,0,0,0,0,0,0,0,0,"- ","- ",,,IMPERIAL,BRAWLEY,-115.52204132080078,32.979770660400391
8486558,2017,2017-11-20,1302,2017-03-30,2028,CX155,1302,4,5,4,1302,0,0,0,,0,004,"ANDRADE AV","MEADOWS DR",29.00,S,N,A,-,N,,,,,,,,,,N,2,0,1,2,A,-,11,21950,B,N,G,B,D,A,H,-,C,A,0,Y,,,,Y,,N,60,1,0,0,0,1,0,0,0,0,"- ","- ",,,IMPERIAL,CALEXICO,-115.48255722,32.693850789999999
8648012,2018,2018-07-23,1301,2018-06-05,1608,901,BRAW,2,5,3,1301,0,0,0,,0,003,"RT 111","RT 78",0.00,,Y,A,-,Y,IMP,11,78,-,-,15.499,I,5,W,Y,1,2,0,2,A,-,12,21453,A,N,D,C,A,A,H,-,A,A,0,,,,Y,Y,,G,25,0,0,0,0,0,0,0,0,0,"- ","- ",,,IMPERIAL,BRAWLEY,-115.5013427734375,32.978641510009766
8776976,2018,2019-01-24,1304,2018-12-23,1322,337,EEAST,7,5,4,1304,0,0,0,,0,EAST,8TH,EUCLID,0.00,,Y,A,-,N,,,,,,,,,,Y,2,0,2,2,A,-,09,21802,A,N,D,C,A,A,H,-,A,A,0,,,,,Y,Y,-,,1,0,1,0,0,0,0,0,0,"- ","- ",32.798000335693359,-115.56099700927734,IMPERIAL,"EL CENTRO",-115.56146240234375,32.798381805419922
8808069,2019,2021-05-25,1304,2019-02-28,0028,351,EAST,4,5,4,1304,0,0,0,,0,EAST,4TH,"DESERT GARDENS",301.00,S,N,A,-,Y,IMP,11,86,-,-,6.440,H,-,N,N,1,1,0,2,A,-,11,21954,A,N,G,B,D,A,H,-,C,D,0,Y,,,,Y,Y,N,60,0,0,0,1,0,0,0,0,0,"- ","- ",,,IMPERIAL,"EL CENTRO",-115.55240631103516,32.780105590820312
8873440,2019,2019-06-06,1304,2019-05-01,1747,326,EEAS,3,5,4,1304,0,0,0,,0,901,2ND,BRIGHTON,135.00,S,N,A,-,N,,,,,,,,,,N,2,0,1,2,A,-,06,21760,C,N,B,G,A,A,H,-,A,D,0,,Y,,,Y,,A,01,1,0,0,0,0,0,1,0,0,"- ","- ",,,IMPERIAL,"EL CENTRO",-115.54647064208984,32.789402008056641
8911547,2019,2021-06-02,1302,2019-12-10,0528,CX186,1302,2,5,4,1302,0,0,0,,0,CX4,"RT 111","JASPER RD",0.00,S,N,A,-,Y,IMP,11,111,-,R,3.200,H,-,S,N,1,1,0,2,A,-,05,21650,,N,C,G,A,A,H,-,D,A,0,,Y,,,Y,,L,04,0,0,0,0,0,1,0,0,0,"- ","- ",,,IMPERIAL,CALEXICO,-115.49942016601562,32.708454132080078
8924060,2018,2019-09-13,1302,2018-12-20,0356,CX084,1302,4,5,4,1302,0,0,0,,0,002,"IMPERIAL AV","E 6TH ST",0.00,,Y,A,-,Y,IMP,11,111,-,-,0.621,I,5,N,Y,2,0,1,2,A,-,09,21801,A,N,D,C,A,A,H,-,C,D,0,,,,,Y,,-,,1,0,0,0,0,0,0,0,0,"- ","- ",,,IMPERIAL,CALEXICO,-115.49868011474609,32.670883178710938
8927119,2019,2019-11-08,1302,2019-05-03,1424,557,1302,5,5,4,1302,0,0,0,,0,004,"RT 111","COLE RD",800.00,N,N,A,-,Y,IMP,11,111,-,R,2.211,H,-,S,Y,2,0,1,2,A,-,07,21658,,N,A,C,A,A,H,-,A,D,0,,,,,Y,,D,22,1,0,0,0,0,0,0,0,0,"- ","- ",,,IMPERIAL,CALEXICO,-115.49927520751953,32.694023132324219
8927124,2019,2020-06-16,1302,2019-03-04,1113,CX187,1302,1,5,4,1302,0,0,0,,0,002,"RT 98","ANDRADE AV",0.00,,Y,A,-,Y,IMP,11,98,-,-,33.253,I,5,E,Y,2,0,2,2,A,-,08,22107,,N,A,C,A,A,H,-,A,A,0,,,,Y,Y,,A,01,1,0,1,0,0,0,0,0,0,"- ","- ",,,IMPERIAL,CALEXICO,-115.4825439453125,32.679336547851562
8959077,2019,2019-10-30,1301,2019-07-10,0447,916,BRAWL,3,5,3,1301,0,0,0,,0,001,WESTERN,"E ST",0.00,,Y,A,-,N,,,,,,,,,,Y,2,0,3,2,A,-,01,23152,A,N,D,C,A,A,H,-,B,A,0,,,,,Y,Y,A,01,3,0,0,0,0,0,0,0,0,"- ","- ",,,IMPERIAL,BRAWLEY,-115.54364776611328,32.979770660400391
8975304,2019,2020-05-20,1304,2019-09-12,1526,326,EWES,4,5,4,1304,0,0,0,,0,,4TH,LENREY,0.00,,Y,A,-,Y,IMP,11,86,-,-,6.626,I,5,S,Y,2,0,1,2,A,-,09,21801,A,N,-,C,A,A,H,-,A,D,0,,,Y,,Y,Y,A,01,1,0,0,0,0,0,0,0,1,"- ","- ",,,IMPERIAL,"EL CENTRO",-115.55245971679688,32.78289794921875
8988214,2019,2019-12-05,1304,2019-09-01,0355,346,EAST,7,5,4,1304,0,0,0,,0,EAST,WOODWARD,"WOODWARD 700",0.00,,Y,A,-,N,,,,,,,,,,N,2,0,1,4,A,-,"- ",,,N,C,E,A,A,H,-,D,A,0,,,,,Y,,-,,1,0,0,0,0,0,0,0,0,"- ","- ",32.799228668212891,-115.56076812744141,IMPERIAL,"EL CENTRO",-115.559242,32.799272000000002
90026986,2015,2015-10-19,9625,2015-09-27,1700,020516,,7,2,9,1300,0,3,5,,2,040,"IMPERIAL HIGHWAY","DOS CABEZA ROAD",11088.00,W,N,A,-,N,,,,,,,,,,Y,2,0,3,1,A,-,08,22107,,N,F,A,A,A,H,-,A,D,0,,,,,Y,Y,A,01,1,0,2,0,0,0,0,0,0,"- ","- ",32.770670000000003,-116.07916,IMPERIAL,UNINCORPORATED,-116.07913612999999,32.770691210000003
90030913,2015,2015-10-19,9625,2015-10-04,1138,018930,,7,1,9,1300,0,1,1,,2,001,"INTERSTATE 8 E/B",SR-98,12514.00,W,N,A,-,Y,,,8,,,,,,E,Y,2,0,2,3,A,-,03,22350,,N,C,C,E,A,H,-,A,D,0,Y,,,,Y,,A,01,2,0,0,0,1,0,0,0,0,"- ","- ",32.710769999999997,-116.05419999999999,IMPERIAL,UNINCORPORATED,-116.05433008,32.710755550000002
90034448,2015,2015-10-20,9625,2015-10-09,1820,013781,,5,2,9,1300,0,1,1,,2,001,"I-8 EASTBOUND","IN-KO-PAH PARK ROAD",11088.00,E,N,A,-,Y,,,8,,,,,,E,Y,2,0,1,1,A,-,08,22107,,N,E,I,A,A,H,-,B,D,0,,,,,Y,,A,01,1,0,0,0,0,0,0,0,0,"- ","- ",32.668419999999998,-116.10586000000001,IMPERIAL,UNINCORPORATED,-116.10570125,32.668379530000003
90034510,2015,2015-10-20,9620,2015-10-08,0613,016222,,4,1,9,1300,0,2,4,,1,075,"S-24 (ROSS ROAD)","FISHER RD",1056.00,E,N,A,-,N,,,,,,,,,,Y,1,1,2,2,A,-,03,22350,,N,C,C,A,A,H,-,B,D,0,,,,,Y,,A,01,0,1,1,0,0,0,0,0,0,"- ","- ",32.781700000000001,-114.57762,IMPERIAL,UNINCORPORATED,-114.57763642,32.78173031
90056506,2015,2015-11-20,9625,2015-11-11,1954,013781,,3,2,4,1304,0,1,1,,2,004,"I-8 WESTBOUND","DOGWOOD ROAD",1550.00,W,N,A,-,Y,,,8,,,,,,W,Y,2,0,1,1,A,-,01,23152,A,N,E,I,A,A,H,-,D,D,0,,,,,Y,Y,D,22,1,0,0,0,0,0,0,0,0,"- ","- ",32.773969999999998,-115.54031999999999,IMPERIAL,"EL CENTRO",-115.54031996000001,32.773940940000003
90062069,2015,2015-11-30,9625,2015-11-28,1145,019225,,6,1,9,1300,0,3,5,,2,020,"GECKO ROAD",SR-78,188.00,S,N,A,-,N,,,,,,,,,,N,2,0,1,2,A,-,09,21804,A,N,D,C,A,A,H,-,A,D,0,,,Y,,Y,,C,02,1,0,0,0,0,0,0,0,1,"- ","- ",32.975639999999999,-115.17402,IMPERIAL,UNINCORPORATED,-115.17403259,32.975741409999998
90072487,2015,2015-12-14,9625,2015-09-12,1224,017075,,6,1,9,1300,0,1,3,,1,054,"SR-111 N/B","WILDCAT ROAD",3058.00,S,N,B,-,Y,,,111,,,,,,N,Y,1,1,0,1,A,-,08,22107,,N,E,I,A,A,H,-,A,D,0,,,,,Y,,D,22,0,0,0,0,0,0,0,0,0,"- ","- ",32.956380000000003,-115.50894,IMPERIAL,UNINCORPORATED,-115.50903270000001,32.956389119999997
90085645,2015,2015-12-30,9625,2015-12-21,0736,018773,,1,1,9,1300,0,3,5,,2,050,"ORCHARD ROAD","HAVEN ROAD",3168.00,N,N,A,-,N,,,,,,,,,,N,2,0,1,2,A,-,00,21760,C,N,C,G,A,A,H,-,A,D,0,,Y,,,Y,,A,01,1,0,0,0,0,0,1,0,0,"- ","- ",32.796880000000002,-115.38377,IMPERIAL,UNINCORPORATED,-115.3838003,32.80472494
90106912,2016,2016-02-01,9625,2016-01-23,1155,018368,,6,1,9,1300,0,3,5,,2,040,"IMPERIAL HIGHWAY","THIRD ST.",87.00,W,N,A,-,N,,,,,,,,,,Y,2,0,1,1,C,-,18,,,N,H,H,A,A,H,-,A,D,0,,,Y,,Y,,-,"- ",1,0,0,0,0,0,0,0,1,"- ","- ",32.747199999999999,-115.9987,IMPERIAL,UNINCORPORATED,-115.99871156,32.747169999999997
90108415,2016,2016-02-03,9625,2016-01-22,1300,017055,,5,1,9,1300,0,1,3,,1,054,"SR-111 (S/B)","KEYSTONE ROAD",0.00,,Y,A,-,Y,,,111,,,,,,,Y,2,0,1,2,A,-,12,21453,A,N,D,C,A,A,H,-,A,A,0,,,,Y,Y,,G,25,1,0,0,0,0,0,0,0,0,"- ","- ",32.912640000000003,-115.5093,IMPERIAL,UNINCORPORATED,-115.50913918000001,32.912637189999998
90111475,2016,2016-02-08,9625,2016-01-31,2035,020516,,7,2,9,1300,0,1,1,,2,004,"W/B INTERSTATE 8","IMPERIAL HIGHWAY",3262.00,E,N,B,-,Y,,,8,,,,,,,Y,2,0,2,1,A,-,01,23152,A,N,F,I,A,B,H,-,D,D,0,,,,,Y,Y,D,22,1,0,1,0,0,0,0,0,0,"- ","- ",32.736379999999997,-115.98436,IMPERIAL,UNINCORPORATED,-115.98434983999999,32.736335320000002
90128029,2015,2016-03-02,9625,2015-12-21,1320,017958,,1,1,9,1300,0,1,1,,2,004,"INTERSTATE 8 (W/B)","IMPERIAL HIGHWAY",22176.00,E,N,A,-,Y,,,8,,,,,,,Y,1,1,1,1,A,-,08,22107,,N,F,A,A,A,H,-,A,D,0,,,,,Y,,A,07,0,1,0,0,0,0,0,0,0,"- ","- ",32.747509999999998,-115.93120999999999,IMPERIAL,UNINCORPORATED,-115.93120233,32.747453550000003
90130651,2015,2016-03-07,9625,2015-12-28,0758,018773,,1,1,9,1300,0,1,3,,2,056,SR-115,"WORTHINGTON ROAD",45.00,S,N,A,-,Y,,,115,,,,,,,Y,1,1,1,3,A,-,03,22350,,N,C,C,A,A,H,-,A,A,0,,,,Y,Y,,D,22,0,0,1,0,0,0,0,0,0,"- ","- ",32.847270000000002,-115.40617,IMPERIAL,UNINCORPORATED,-115.40618028999999,32.847270010000003
90130693,2016,2016-03-07,9625,2016-03-01,0719,013627,,2,1,9,1300,0,3,5,,2,050,"HARTSHORN ROAD","WATTON ROAD",1584.00,E,N,A,-,N,,,,,,,,,,Y,2,0,1,1,A,-,08,22107,,N,E,I,A,A,H,-,A,D,0,,,,,Y,,A,01,1,0,0,0,0,0,0,0,0,"- ","- ",32.861780000000003,-115.38558,IMPERIAL,UNINCORPORATED,-115.383792,32.86183724
90136364,2016,2016-09-26,9625,2016-03-03,1958,018617,,4,2,9,1300,0,1,3,,1,021,"STATE ROUTE 111","SINCLAIR ROAD",0.00,,Y,A,-,Y,,,111,,,,,,,Y,1,1,0,2,A,-,12,22450,A,N,D,C,A,A,H,-,D,A,0,,,,Y,Y,,A,08,0,0,0,0,0,0,0,0,0,"- ","- ",33.176589999999997,-115.51898,IMPERIAL,UNINCORPORATED,-115.51905969000001,33.176589999999997
90140031,2016,2016-03-21,9625,2016-03-08,2210,020111,,2,3,9,1300,0,3,5,,2,010,"WALKER ROAD","GENTRY ROAD",90.00,W,N,A,-,N,,,,,,,,,,Y,2,0,1,1,A,-,08,22107,,N,E,I,A,A,H,-,D,A,0,,,,,Y,,A,01,1,0,0,0,0,0,0,0,0,"- ","- ",33.075009999999999,-115.61442,IMPERIAL,UNINCORPORATED,-115.61451018,33.075309279999999
90191226,2016,2016-05-31,9625,2016-05-10,0605,018978,,2,1,9,1300,0,1,1,,2,001,"INTERSTATE 8 (EASTBOUND)","MOUNTAIN SPRINGS ROAD",4224.00,W,N,A,G,Y,,,8,,,,,,,Y,2,0,1,1,A,-,08,22107,,N,F,A,A,A,H,-,A,D,0,,,Y,,Y,,C,02,1,0,0,0,0,0,0,0,1,"- ","- ",32.671109999999999,-116.10554,IMPERIAL,UNINCORPORATED,-116.1055741,32.671101849999999
90217132,2016,2016-07-06,9625,2016-06-18,0710,015990,,6,1,9,1300,0,1,3,,2,056,SR-115,"NORRISH ROAD",27.00,N,N,A,-,Y,,,115,,,,,,,Y,1,1,0,2,A,-,03,22350,,N,C,C,A,A,H,-,A,D,0,,,Y,Y,Y,,C,02,0,0,0,0,0,0,0,1,0,"- ","- ",32.83296,-115.40622999999999,IMPERIAL,UNINCORPORATED,-115.40616897,32.832960120000003
90218777,2016,2016-07-08,9625,2016-06-23,1108,013627,,4,1,9,1300,0,1,3,,2,043,"STATE ROUTE 86","HEBER ROAD",0.00,,Y,A,-,Y,,,86,,,,,,,Y,1,1,3,2,A,-,09,21801,A,N,A,C,A,A,H,-,A,D,0,,,,,Y,,A,01,0,2,1,0,0,0,0,0,0,"- ","- ",32.730640000000001,-115.55052999999999,IMPERIAL,UNINCORPORATED,-115.55050899,32.73072097
90222719,2016,2016-07-14,9625,2016-05-29,0825,020516,,7,1,9,1300,0,1,1,,2,002,"W/B INTERSTATE 8",SR-98,7920.00,W,N,A,-,Y,,,8,,,,,,,Y,1,1,3,1,A,-,08,22107,,N,F,A,A,A,H,-,A,D,0,,,,,Y,,D,22,0,3,0,0,0,0,0,0,0,"- ","- ",32.727730000000001,-116.05251,IMPERIAL,UNINCORPORATED,-116.05251869999999,32.727692640000001
90229741,2016,2016-07-25,9625,2016-07-07,2245,019836,,4,3,9,1300,0,3,5,,2,040,"WORTHINGTON ROAD","ERSKINE ROAD",2.00,E,N,A,-,N,,,,,,,,,,Y,1,1,0,1,A,-,03,22350,,N,F,A,A,A,H,-,D,D,0,,,Y,,Y,,C,02,0,0,0,0,0,0,0,1,0,"- ","- ",32.850059999999999,-115.69691,IMPERIAL,UNINCORPORATED,-115.69696442999999,32.850067209999999
90247369,2016,2016-08-18,9625,2016-08-10,1755,018792,,3,2,9,1300,0,2,4,,2,045,"EVAN HEWES HIGHWAY","SILSBEE ROAD",1651.00,E,N,A,-,N,,,,,,,,,,Y,2,0,1,2,A,-,05,21650,,N,A,C,A,A,H,-,A,D,0,,,,Y,Y,,A,01,1,0,0,0,0,0,0,0,0,"- ","- ",32.796559999999999,-115.64100000000001,IMPERIAL,UNINCORPORATED,-115.64110674,32.796570000000003
90250995,2016,2016-08-23,9625,2016-08-06,1130,017727,,6,1,9,1300,0,1,3,,2,052,SR-98,"MENVILLE RD",38.00,W,N,A,-,Y,,,98,,,,,,,Y,2,0,3,3,A,-,03,22350,,N,C,C,A,A,H,-,A,A,0,,,,Y,Y,,D,22,2,0,1,0,0,0,0,0,0,"- ","- ",32.693770000000001,-115.38737999999999,IMPERIAL,UNINCORPORATED,-115.38738001,32.693770399999998
90267118,2016,2016-09-13,9620,2016-09-08,2040,018290,,4,2,9,1300,0,1,3,,1,062,"SR-186 (ALGODONES RD)","OFF RAMP FROM W/B I-8",0.00,,Y,A,-,Y,,,186,,,,,,,Y,2,0,3,2,A,-,01,23152,A,N,B,C,A,A,H,-,C,A,0,,,,,Y,Y,A,08,1,1,1,0,0,0,0,0,0,"- ","- ",32.744489999999999,-114.71955,IMPERIAL,UNINCORPORATED,-114.71978496,32.744168960000003
90293499,2016,2016-10-17,9625,2016-09-13,1614,018464,,2,2,9,1300,0,1,3,,2,024,SR-78,"OSBORNE PARK ROAD",4224.00,W,N,A,-,Y,,,78,,,,,,,Y,1,1,1,1,A,-,08,22107,,N,F,A,A,A,B,E,A,D,0,,,,,Y,,A,07,0,1,0,0,0,0,0,0,0,"- ","- ",32.981180000000002,-115.14790000000001,IMPERIAL,UNINCORPORATED,-115.14791719999999,32.981252529999999
9029357,2020,2020-03-18,1304,2020-01-09,0726,352,EAST,4,5,4,1304,0,0,0,,0,EAST,8TH,WENSLEY,18.00,N,N,A,-,N,,,,,,,,,,N,2,0,1,2,A,-,10,21950,A,N,B,B,C,A,H,-,A,A,0,Y,,,,Y,,D,22,1,0,0,0,1,0,0,0,0,"- ","- ",,,IMPERIAL,"EL CENTRO",-115.56130981445312,32.784069061279297
90309543,2016,2016-11-02,9625,2016-10-21,1956,019582,,5,2,4,1304,0,1,1,,2,005,"I-8 E/B","DOGWOOD ROAD",320.00,E,N,A,-,Y,,,8,,,,,,E,Y,2,0,2,4,A,-,03,22350,,N,E,C,E,A,C,-,C,D,0,Y,,Y,,Y,,D,22,2,0,0,0,1,0,0,0,1,"- ","- ",32.773780000000002,-115.53406,IMPERIAL,"EL CENTRO",-115.53405968,32.773677720000002
90325119,2016,2016-11-18,9620,2016-11-12,0758,015941,,6,1,9,1300,0,1,S,,2,001,"SR-78 (BEN HULSE HIGHWAY)","WALTERS CAMP ROAD",0.00,,Y,B,-,Y,,,78,,,,,,,Y,2,0,5,2,A,-,09,21801,A,N,D,C,A,A,H,-,A,D,0,,,,,Y,,A,07,1,1,3,0,0,0,0,0,0,"- ","- ",33.283529999999999,-114.77631,IMPERIAL,UNINCORPORATED,-114.77631976000001,33.283550869999999
90335900,2016,2016-12-02,9625,2016-11-04,2335,019225,,5,3,9,1300,0,1,3,,2,024,SR-78,"GECKO ROAD",5808.00,E,N,A,-,Y,,,78,,,,,,,Y,1,1,0,3,A,-,05,21650,,N,B,C,A,A,H,-,D,D,0,,,,,Y,,A,01,0,0,0,0,0,0,0,0,0,"- ","- ",32.980080000000001,-115.15598,IMPERIAL,UNINCORPORATED,-115.15597619,32.980040680000002
9034410,2019,2020-07-13,1304,2019-11-27,1553,361,ELCE,3,5,4,1304,0,0,0,,0,EAST,4TH,SMOKETREE,0.00,,Y,B,-,Y,IMP,11,86,-,-,6.114,I,5,S,Y,2,0,2,2,A,-,09,21801,A,N,D,C,A,A,H,-,A,A,0,,,,,Y,,A,01,2,0,0,0,0,0,0,0,0,"- ","- ",,,IMPERIAL,"EL CENTRO",-115.55227661132812,32.775371551513672
9034754,2019,2020-07-13,1304,2019-12-17,1102,E0145,ELCE,2,5,4,1304,0,0,0,,0,WEST,IMPERIAL,CRUICKSHANK,0.00,,Y,A,-,Y,IMP,11,86,-,-,8.552,I,5,S,Y,2,0,2,2,A,-,12,21453,A,N,D,C,A,A,H,-,A,A,0,,,,,Y,,A,07,1,1,0,0,0,0,0,0,0,"- ","- ",,,IMPERIAL,"EL CENTRO",-115.56992340087891,32.814826965332031
9035233,2020,2020-09-29,1301,2020-02-11,2243,912,,2,5,3,1301,0,0,0,,0,001,"RT 86","WESTERN AV",303.00,W,N,A,-,Y,IMP,11,86,-,-,20.690,H,-,S,Y,2,0,1,2,A,-,08,22100,B,N,H,G,A,A,H,-,D,A,0,,Y,,,Y,Y,L,04,1,0,0,0,0,0,1,0,0,"- ","- ",,,IMPERIAL,BRAWLEY,-115.54267120361328,32.978652954101562
90353657,2016,2016-12-29,9625,2016-12-13,1635,018933,,2,2,9,1300,0,3,5,,2,050,"MCCONNELL ROAD","KEYSTONE ROAD",3305.00,S,N,A,-,N,,,,,,,,,,Y,2,0,2,2,A,-,06,21751,,N,A,C,A,A,H,-,A,D,0,,,,,Y,,D,22,2,0,0,0,0,0,0,0,0,"- ","- ",32.903770000000002,-115.48381000000001,IMPERIAL,UNINCORPORATED,-115.48378233,32.906678290000002
90356700,2016,2016-12-28,9625,2016-12-18,1410,018464,,7,2,9,1300,0,3,5,,2,010,"VENDEL ROAD","BANNISTER ROAD",0.00,,Y,A,-,N,,,,,,,,,,Y,2,0,1,2,A,-,09,21802,A,N,D,C,A,A,H,-,A,A,0,,,Y,,Y,,D,22,1,0,0,0,0,0,0,0,1,"- ","- ",33.052340000000001,-115.70774,IMPERIAL,UNINCORPORATED,-115.70775014,33.052330009999999
90368257,2017,2017-01-12,9625,2017-01-06,0559,013781,,5,3,9,1300,0,1,1,,2,002,"I-8 WESTBOUND","MOUNTAIN SPRINGS ROAD",11246.00,E,N,A,-,Y,,,8,,,,,,W,Y,2,0,1,1,A,-,08,22107,,N,E,I,A,A,H,-,D,D,0,,,,,Y,,A,01,1,0,0,0,0,0,0,0,0,"- ","- ",32.701459999999997,-116.07898,IMPERIAL,UNINCORPORATED,-116.07895182999999,32.701410430000003
90383444,2017,2017-02-01,9625,2017-01-31,2255,018930,,2,3,9,1300,0,1,3,,2,025,"SR-78 W/B","VISTA MINE ROAD",14520.00,E,N,A,-,Y,,,78,,,,,,W,Y,2,0,1,1,A,-,08,22107,,N,F,I,A,A,H,-,D,B,0,,,,,Y,,A,07,1,0,0,0,0,0,0,0,0,"- ","- ",33.048180000000002,-114.95202,IMPERIAL,UNINCORPORATED,-114.95224091,33.04828972
90384003,2017,2017-02-01,9625,2017-01-20,0825,015990,,5,1,9,1300,0,1,3,,2,014,"SR-78 E/B","BRANDT ROAD",0.00,,Y,A,-,Y,,,78,,,,,,E,Y,2,0,1,2,A,-,12,22450,A,N,D,C,A,A,H,-,A,A,0,,,,Y,Y,,A,01,1,0,0,0,0,0,0,0,0,"- ","- ",33.000300000000003,-115.56144999999999,IMPERIAL,UNINCORPORATED,-115.56145078,33.000001679999997
90394256,2016,2017-02-15,9625,2016-12-21,1812,018617,,3,2,9,1300,0,1,3,,1,011,"STATE ROUTE 86 SOUTHBOUND","STATE ROUTE 78",0.00,,Y,C,-,Y,,,86,,,,,,S,Y,1,1,5,2,A,-,09,21800,D,N,D,C,A,B,H,-,E,B,0,,,,,Y,,-,"- ",1,0,4,0,0,0,0,0,0,"- ","- ",32.999250000000004,-115.58918,IMPERIAL,UNINCORPORATED,-115.58922013999999,32.99921981
90394269,2017,2017-02-15,9620,2017-02-06,2251,15647,Quech,1,3,9,1300,0,2,4,,1,072,"WINTERHAVEN DRIVE","S-24 (PICACHO ROAD)",211.00,E,N,A,-,N,,,,,,,,,,Y,2,0,1,1,A,-,01,23152,A,N,F,A,A,A,H,-,D,D,0,,,,,Y,Y,A,01,1,0,0,0,0,0,0,0,0,"- ","- ",32.735120000000002,-114.62581,IMPERIAL,UNINCORPORATED,-114.62581,32.735120000000002
90407899,2017,2017-03-08,9620,2017-03-04,1044,020555,,6,1,9,1300,0,1,1,,2,081,"I-8 W/B DETOUR/EVAN HEWES HIGHWAY","BROCK RESEARCH CENTER",2640.00,W,N,A,-,Y,,,,,,,,,,Y,2,0,2,1,A,-,08,22107,,N,E,I,A,A,H,-,A,D,0,,,,,Y,,A,01,1,0,1,0,0,0,0,0,0,"- ","- ",33.709679999999999,-115.04635,IMPERIAL,UNINCORPORATED,,
90423997,2017,2017-05-17,9625,2017-03-22,1930,018368,,3,2,4,1304,0,1,1,,2,003,"I-8 (E/B)","DOGWOOD ROAD",2810.00,W,N,A,-,Y,,,8,,,,,,,Y,1,1,1,2,A,-,03,22350,,N,C,C,A,A,H,-,C,D,0,,,,,Y,,A,07,0,0,1,0,0,0,0,0,0,"- ","- ",32.77366,-115.54442,IMPERIAL,"EL CENTRO",-115.54441998,32.773674800000002
90431680,2017,2017-04-11,9625,2017-04-03,0520,013627,,1,3,9,1300,0,1,3,,2,055,"STATE ROUTE 115 (E/B)","OSWALT ROAD",605.00,E,N,A,-,Y,,,115,,,,,,,Y,2,0,1,1,A,-,08,22107,,N,F,A,A,A,H,-,D,D,0,,,,,Y,,A,07,1,0,0,0,0,0,0,0,0,"- ","- ",32.80585,-115.32879,IMPERIAL,UNINCORPORATED,-115.32856284,32.806165280000002
90436861,2017,2017-04-18,9625,2017-04-06,0933,016248,,4,1,9,1300,0,3,5,,2,050,"ROSS ROAD","BARBARA WORTH ROAD",0.00,,Y,A,-,N,,,,,,,,,,Y,2,0,2,2,A,-,09,21802,A,N,D,C,A,A,H,-,A,A,0,,,,,Y,,A,01,1,1,0,0,0,0,0,0,0,"- ","- ",32.781149999999997,-115.43094000000001,IMPERIAL,UNINCORPORATED,-115.43076007000001,32.781150029999999
9043740,2019,2020-02-26,1304,2019-12-20,0134,344,EAST,5,5,4,1304,0,0,0,,0,EASR,4TH,"DESERT GARDEN",5.00,E,N,A,-,N,,,,,,,,,,N,2,0,1,2,A,-,11,21954,A,F,G,B,D,A,H,-,C,D,0,Y,,,,Y,Y,N,60,1,0,0,0,1,0,0,0,0,"- ","- ",,,IMPERIAL,"EL CENTRO",-115.55239868164062,32.780960083007812