CASE_ID,ACCIDENT_YEAR,PROC_DATE,JURIS,COLLISION_DATE,COLLISION_TIME,OFFICER_ID,REPORTING_DISTRICT,DAY_OF_WEEK,CHP_SHIFT,POPULATION,CNTY_CITY_LOC,SPECIAL_COND,BEAT_TYPE,CHP_BEAT_TYPE,CITY_DIVISION_LAPD,CHP_BEAT_CLASS,BEAT_NUMBER,PRIMARY_RD,SECONDARY_RD,DISTANCE,DIRECTION,INTERSECTION,WEATHER_1,WEATHER_2,STATE_HWY_IND,CALTRANS_COUNTY,CALTRANS_DISTRICT,STATE_ROUTE,ROUTE_SUFFIX,POSTMILE_PREFIX,POSTMILE,LOCATION_TYPE,RAMP_INTERSECTION,SIDE_OF_HWY,TOW_AWAY,COLLISION_SEVERITY,NUMBER_KILLED,NUMBER_INJURED,PARTY_COUNT,PRIMARY_COLL_FACTOR,PCF_CODE_OF_VIOL,PCF_VIOL_CATEGORY,PCF_VIOLATION,PCF_VIOL_SUBSECTION,HIT_AND_RUN,TYPE_OF_COLLISION,MVIW,PED_ACTION,ROAD_SURFACE,ROAD_COND_1,ROAD_COND_2,LIGHTING,CONTROL_DEVICE,CHP_ROAD_TYPE,PEDESTRIAN_ACCIDENT,BICYCLE_ACCIDENT,MOTORCYCLE_ACCIDENT,TRUCK_ACCIDENT,NOT_PRIVATE_PROPERTY,ALCOHOL_INVOLVED,STWD_VEHTYPE_AT_FAULT,CHP_VEHTYPE_AT_FAULT,COUNT_SEVERE_INJ,COUNT_VISIBLE_INJ,COUNT_COMPLAINT_PAIN,COUNT_PED_KILLED,COUNT_PED_INJURED,COUNT_BICYCLIST_KILLED,COUNT_BICYCLIST_INJURED,COUNT_MC_KILLED,COUNT_MC_INJURED,PRIMARY_RAMP,SECONDARY_RAMP,LATITUDE,LONGITUDE,COUNTY,CITY,POINT_X,POINT_Y
90438179,2017,2017-04-19,9625,2017-04-13,1805,018468,,4,2,9,1300,0,1,1,,2,001,"INTERSTATE 8 (E/B)","MOUNTAIN SPRINGS ROAD",7729.00,E,N,A,-,Y,,,8,,,,,,,Y,2,0,1,1,A,-,03,22350,,N,E,I,A,A,H,-,A,D,0,,,,,Y,,A,01,1,0,0,0,0,0,0,0,0,"- ","- ",32.673690000000001,-116.07674,IMPERIAL,UNINCORPORATED,-116.07672844,32.673649269999999
90453678,2017,2017-05-11,9625,2017-05-04,0640,017727,,4,1,4,1304,0,1,1,,2,004,"I-8 (W/B)","FOURTH STREET",1498.00,W,N,A,-,Y,,,8,,,,,,,Y,2,0,1,1,A,-,08,22107,,N,F,A,A,A,H,-,A,D,0,,,,,Y,,D,22,1,0,0,0,0,0,0,0,0,"- ","- ",32.774000000000001,-115.55791000000001,IMPERIAL,"EL CENTRO",-115.5579101,32.773984740000003
90460346,2017,2017-05-22,9625,2017-05-13,1250,017727,,6,1,9,1300,0,1,1,,2,001,"I-8 E/B","MOUNTAIN SPRINGS ROAD",7498.00,E,N,A,G,Y,,,8,,,,,,E,Y,2,0,1,1,A,-,08,22107,,N,F,A,A,A,H,-,A,D,0,,,Y,,Y,,C,02,1,0,0,0,0,0,0,0,1,"- ","- ",32.673639999999999,-116.07640000000001,IMPERIAL,UNINCORPORATED,-116.07643782,32.673744749999997
90468498,2017,2017-05-31,9625,2017-05-22,1345,017809,,1,1,9,1300,0,2,4,,2,047,"FORRESTER ROAD","ATEN ROAD",1056.00,S,N,A,-,N,,,,,,,,,,Y,2,0,1,2,A,-,06,21751,,N,A,C,A,A,H,-,A,D,0,,,,Y,Y,,A,01,1,0,0,0,0,0,0,0,0,"- ","- ",32.822800000000001,-115.6207,IMPERIAL,UNINCORPORATED,-115.62067249,32.815333590000002
90476215,2017,2017-06-12,9625,2017-03-18,0520,018933,,6,3,9,1300,0,1,3,,1,054,"STATE ROUTE 111 N/B","KEYSTONE ROAD",4752.00,N,N,A,-,Y,,,111,,,,,,N,Y,1,1,2,2,A,-,01,23152,A,F,C,C,A,A,H,-,D,D,0,,,,,Y,Y,A,01,1,0,1,0,0,0,0,0,0,"- ","- ",32.926200000000001,-115.50906000000001,IMPERIAL,UNINCORPORATED,-115.50911305,32.92620016
90483501,2017,2017-06-22,9625,2017-06-12,0715,019886,,1,1,9,1300,0,1,3,,2,023,"S.R. 115","SILLIMAN ROAD",0.00,,Y,A,-,Y,,,,,,,,,,Y,2,0,3,2,A,-,08,22107,,N,D,C,A,A,H,-,A,D,0,,,,,Y,,A,01,1,0,2,0,0,0,0,0,0,"- ","- ",32.981929999999998,-115.44873,IMPERIAL,UNINCORPORATED,,
90483898,2017,2017-06-22,9625,2017-06-15,0848,013627,,4,1,9,1300,0,1,1,,2,006,"INTERSTATE 8 (W/B)","DOGWOOD ROAD",1400.00,E,N,A,-,Y,,,,,,,,,,Y,2,0,1,1,A,-,08,22107,,N,E,I,A,A,H,-,A,D,0,,,,,Y,,A,07,1,0,0,0,0,0,0,0,0,"- ","- ",32.77402,-115.53054,IMPERIAL,UNINCORPORATED,-115.53068113,32.773921979999997
90489721,2017,2017-06-28,9625,2017-02-04,0315,020111,,6,3,9,1300,0,1,3,,2,053,"SR-111, S/B","MCCABE ROAD",1584.00,N,N,A,-,Y,,,111,,,,,,S,Y,1,1,2,2,A,-,01,23152,A,N,F,A,A,A,H,-,D,D,0,,,,,Y,Y,A,01,0,1,1,0,0,0,0,0,0,"- ","- ",32.757129999999997,-115.50068,IMPERIAL,UNINCORPORATED,-115.50082126,32.757128489999999
90512916,2017,2017-07-31,9625,2017-05-20,1545,018792,,6,2,9,1300,0,3,5,,2,040,"IMLER ROAD","HUFF ROAD",179.00,E,N,A,-,N,,,,,,,,,,Y,1,1,0,1,A,-,01,23152,A,N,F,A,A,A,H,-,A,A,0,,,,,Y,Y,D,23,0,0,0,0,0,0,0,0,0,"- ","- ",32.909590000000001,-115.71462,IMPERIAL,UNINCORPORATED,-115.71532999999999,32.908909999999999
90512921,2017,2018-04-30,9625,2017-07-21,0254,019668,,5,3,9,1300,0,1,1,,2,005,"I-8 (E/B)","JEFFERY ROAD",260.00,W,N,A,-,Y,,,,,,,,,,Y,1,1,2,2,A,-,03,22350,,N,B,C,A,A,H,-,D,D,0,,,,,Y,,A,07,0,1,1,0,0,0,0,0,0,"- ","- ",32.77037,-115.76223,IMPERIAL,UNINCORPORATED,-115.76233139,32.773308470000003
90516025,2017,2017-08-03,9625,2017-07-08,0540,018279,,6,3,9,1300,0,3,5,,2,050,"VENCIL ROAD","CONNELLY ROAD (SOUTH)",100.00,N,N,B,-,N,,,,,,,,,,Y,1,1,0,1,A,-,08,22107,,N,E,I,A,A,H,-,B,D,0,,,,,Y,,A,07,0,0,0,0,0,0,0,0,0,"- ","- ",32.73771,-115.35415999999999,IMPERIAL,UNINCORPORATED,-115.3544162,32.738311500000002
90517112,2017,2017-08-07,9620,2017-06-04,0030,020555,,7,3,9,1300,0,1,3,,1,063,"SR-78 E/B","WALTERS CAMP RD",8448.00,W,N,A,-,Y,,,,,,,,,,Y,1,1,1,1,A,-,03,22350,,N,F,H,A,A,H,-,D,D,0,,,,,Y,,A,01,1,0,0,0,0,0,0,0,0,"- ","- ",32.724960000000003,-114.72257,IMPERIAL,UNINCORPORATED,-114.79733532,33.269029459999999
90520984,2017,2017-08-10,9620,2017-08-05,1745,018734,,6,2,9,1300,0,1,3,,1,063,SR-78,"BUTLER RD",5808.00,W,N,A,-,Y,,,78,,,,,,,Y,2,0,2,2,A,-,03,22350,,N,D,D,A,A,H,-,A,D,0,,,,,Y,,A,01,1,0,1,0,0,0,0,0,0,"- ","- ",33.389400000000002,-114.72166,IMPERIAL,UNINCORPORATED,-114.72180378,33.389404470000002
90535561,2017,2017-08-28,9625,2017-08-23,1020,018279,,3,1,9,1300,0,3,5,,2,020,"MCCONNELL ROAD","STATE ROUTE 78",5808.00,S,N,A,-,N,,,,,,,,,,Y,2,0,1,1,A,-,08,22107,,N,E,I,A,A,H,-,A,D,0,,,,,Y,,A,07,1,0,0,0,0,0,0,0,0,"- ","- ",32.971400000000003,-115.48439999999999,IMPERIAL,UNINCORPORATED,-115.48335158,32.962885900000003
90543121,2017,2017-09-07,9625,2017-09-04,0900,013627,,1,1,9,1300,0,3,5,,2,050,"GRAND AVENUE","HAWK STREET",17.00,N,N,A,B,N,,,,,,,,,,Y,2,0,1,1,A,-,03,22350,,N,E,I,A,A,H,-,A,D,0,,,,,Y,,A,07,1,0,0,0,0,0,0,0,0,"- ","- ",32.734940000000002,-115.5313,IMPERIAL,UNINCORPORATED,-115.53113,32.734850000000002
90552090,2017,2017-09-20,9620,2017-09-09,2350,018703,,6,3,9,1300,0,1,1,,2,081,"I8 E/B","GORDONS WELL RD",3696.00,W,N,A,-,Y,,,,,,,,,,Y,2,0,1,1,A,-,08,22107,,N,F,A,A,A,H,-,D,D,0,,,,,Y,,A,07,1,0,0,0,0,0,0,0,0,"- ","- ",32.708100000000002,-114.96984,IMPERIAL,UNINCORPORATED,,
90568842,2017,2017-10-12,9625,2017-10-03,0640,013627,,2,1,9,1300,0,1,3,,2,052,"STATE ROUTE 98","INTERSTATE 8",17952.00,W,N,A,-,Y,,,98,,,,,,,Y,2,0,3,2,A,-,05,21650,,N,A,C,A,A,H,-,B,D,0,,,,,Y,,A,01,3,0,0,0,0,0,0,0,0,"- ","- ",32.710369999999998,-115.14814,IMPERIAL,UNINCORPORATED,-115.14814142,32.71031576
90603322,2017,2017-11-28,9620,2017-11-26,1825,018468,,7,2,9,1300,0,2,4,,1,061,"OGILBY ROAD","INTERSTATE 8 (E/B)",5265.00,N,N,A,-,N,,,,,,,,,,Y,2,0,4,4,A,-,03,22350,,N,C,E,E,A,H,-,D,D,0,Y,,,,Y,,A,07,1,3,0,0,2,0,0,0,0,"- ","- ",32.77608,-114.83095,IMPERIAL,UNINCORPORATED,-114.83692212,32.775010999999999
9060963,2020,2020-04-14,1304,2020-02-07,1503,354,,5,5,4,1304,0,0,0,,0,,IMPERIAL,OCOTILLO,0.00,,Y,A,-,N,,,,,,,,,,Y,2,0,1,2,A,-,12,21453,,N,D,C,A,A,H,-,A,A,0,,,Y,,Y,,D,22,1,0,0,0,0,0,0,0,1,"- ","- ",,,IMPERIAL,"EL CENTRO",-115.56957244873047,32.777179718017578
90617312,2017,2017-12-14,9625,2017-12-06,1250,017055,,3,1,9,1300,0,1,3,,1,042,SR-98,"MOUNT SIGNAL ROAD",25872.00,W,N,A,-,Y,,,98,,,,,,,Y,2,0,1,1,A,-,08,22107,,N,F,A,A,A,H,-,A,D,0,,,,,Y,,D,22,1,0,0,0,0,0,0,0,0,"- ","- ",32.676600000000001,-115.77343999999999,IMPERIAL,UNINCORPORATED,-115.77343787,32.676560160000001
90642101,2018,2018-01-17,9625,2018-01-09,1750,017809,,2,2,9,1300,0,3,5,,2,010,"LACK ROAD","CADY ROAD",3220.00,N,N,B,-,N,,,,,,,,,,Y,2,0,4,1,A,-,08,22107,,N,F,A,A,A,C,-,D,D,0,,,,,Y,,A,08,4,0,0,0,0,0,0,0,0,"- ","- ",32.98590087890625,-115.64990997314453,IMPERIAL,UNINCORPORATED,-115.65000152587891,32.986209869384766
90650193,2018,2018-01-29,9625,2018-01-16,0755,015990,,2,1,9,1300,0,1,3,,1,011,"SR-86 S/B","LACK ROAD",0.00,,Y,A,-,Y,,,86,,,,,,S,Y,2,0,3,2,A,-,09,21803,A,N,D,C,A,A,H,-,A,D,0,,,,Y,Y,,G,25,1,2,0,0,0,0,0,0,0,"- ","- ",33.036998748779297,-115.64740753173828,IMPERIAL,UNINCORPORATED,-115.64740753173828,33.037086486816406
90684655,2018,2018-03-19,9625,2018-03-10,0710,013627,,6,1,9,1300,0,1,3,,1,022,"STATE ROUTE 111 SOUTHBOUND","AVENUE A",4013.00,N,N,B,C,Y,,,111,,,,,,S,Y,2,0,1,1,A,-,08,22107,,N,F,A,A,B,H,-,A,D,0,,,,,Y,,A,07,1,0,0,0,0,0,0,0,0,"- ","- ",33.356540679931641,-115.74664306640625,IMPERIAL,UNINCORPORATED,-115.74665832519531,33.356441497802734
90689680,2018,2018-03-26,9625,2018-03-18,1640,022010,,7,2,9,1300,0,1,3,,1,012,"TREADWELL BLVD","BERING AVENUE",0.00,,Y,A,-,N,,,,,,,,,,Y,2,0,1,2,A,-,01,23152,A,N,D,C,A,A,H,-,A,A,0,,,,,Y,Y,D,22,1,0,0,0,0,0,0,0,0,"- ","- ",33.338550567626953,-115.98644256591797,IMPERIAL,UNINCORPORATED,-115.98645782470703,33.338600158691406
90709092,2018,2018-04-19,9625,2018-02-05,1840,019667,,1,2,9,1300,0,1,1,,2,001,"INTERSTATE 8 (EASTBOUND)","IN KO PAH PARK ROAD",5870.00,E,N,A,-,Y,,,8,,,,,,,Y,1,2,0,1,A,-,08,22107,,N,E,I,A,A,H,-,D,D,0,,,,,Y,,A,01,0,0,0,0,0,0,0,0,0,"- ","- ",32.656688690185547,-116.09702301025391,IMPERIAL,UNINCORPORATED,-116.09707641601562,32.656703948974609
90716404,2018,2018-04-30,9625,2018-04-14,1155,017055,,6,1,9,1300,0,1,3,,1,022,SR-111,"DAVIS ROAD",10560.00,N,N,A,-,Y,,,,,,,,,,Y,2,0,1,1,A,-,08,22107,,N,F,A,A,A,H,-,A,D,0,,,,,Y,,A,01,1,0,0,0,0,0,0,0,0,"- ","- ",33.182388305664062,-115.35489654541016,IMPERIAL,UNINCORPORATED,-115.5982666015625,33.309116363525391
90723609,2018,2018-05-10,9625,2018-04-28,1059,013627,,6,1,9,1300,0,1,1,,2,005,"INTERSTATE 8 (E/B)","STATE ROUTE 111(S/B)",3696.00,W,N,A,-,Y,,,8,,,,,,,Y,2,0,1,1,A,-,03,22350,,N,E,J,A,A,D,-,A,A,0,,,,,Y,,D,22,1,0,0,0,0,0,0,0,0,"- ","- ",32.773761749267578,-115.51341247558594,IMPERIAL,UNINCORPORATED,-115.51341247558594,32.773727416992188
90766210,2018,2018-08-15,9625,2018-06-02,0500,019668,,6,3,9,1300,0,3,5,,2,050,"KEYSTONE ROAD","CASEY ROAD",85.00,E,N,A,-,N,,,,,,,,,,Y,1,1,0,1,A,-,08,22107,,N,F,A,A,A,H,-,B,D,0,,,,,Y,,D,22,0,0,0,0,0,0,0,0,0,"- ","- ",32.916439056396484,-115.42308807373047,IMPERIAL,UNINCORPORATED,-115.42313385009766,32.916511535644531
90776344,2018,2018-07-25,9625,2018-05-01,1320,017055,,2,1,9,1300,0,1,3,,1,012,"SR-86 (N/B)","COOMBS ROAD",165.00,N,N,A,-,Y,,,86,,,,,,,Y,1,1,2,2,A,-,08,22107,,N,A,I,A,A,H,-,A,D,0,,,,Y,Y,,D,22,1,1,0,0,0,0,0,0,0,"- ","- ",33.323699951171875,-115.99714660644531,IMPERIAL,UNINCORPORATED,-115.99716186523438,33.323692321777344
90776401,2018,2018-07-25,9625,2018-07-24,0605,017055,,2,1,9,1300,0,2,4,,2,047,"FORRESTER ROAD","CARTER ROAD",0.00,,Y,A,-,N,,,,,,,,,,Y,2,0,1,2,A,-,09,21802,A,N,D,C,A,A,H,-,A,A,0,,,,,Y,,A,01,1,0,0,0,0,0,0,0,0,"- ","- ",32.935558319091797,-115.62161254882812,IMPERIAL,UNINCORPORATED,-115.62164306640625,32.935581207275391
90776579,2017,2018-07-25,9625,2017-11-09,1330,019035,,4,1,9,1300,0,1,1,,2,002,"I-8 W/B EXIT RAMP TO IN-KO-PAH PARK RD.","81 IMP 000",516.00,E,N,A,-,Y,,,8,,,,R,,W,Y,1,1,0,2,A,-,03,22350,,N,A,C,A,A,H,-,A,D,0,,,,,Y,,A,07,0,0,0,0,0,0,0,0,0,"- ","- ",32.646590000000003,-116.10585,IMPERIAL,UNINCORPORATED,-116.10585,32.646590000000003
90781104,2018,2018-07-31,9625,2018-07-21,1430,019668,,6,2,9,1300,0,2,4,,2,046,"DOGWOOD ROAD","HARRIS ROAD",0.00,,Y,A,-,N,,,,,,,,,,Y,2,0,1,2,A,-,09,21802,A,N,D,C,A,A,H,-,A,A,0,,,,,Y,,M,46,1,0,0,0,0,0,0,0,0,"- ","- ",32.883628845214844,-115.53546142578125,IMPERIAL,UNINCORPORATED,-115.53549957275391,32.883651733398438
90781960,2018,2018-08-01,9625,2018-07-29,1315,017809,,7,1,9,1300,0,3,5,,2,010,"NILE DRIVE","ROSITAS AVENUE",0.00,,Y,A,-,N,,,,,,,,,,Y,2,0,1,2,A,-,09,21800,A,N,D,C,A,A,H,-,A,A,0,,,Y,,Y,,C,06,1,0,0,0,0,0,0,0,1,"- ","- ",33.332061767578125,-115.97019195556641,IMPERIAL,UNINCORPORATED,-115.97029876708984,33.332149505615234
9078618,2020,2020-06-23,1304,2020-03-30,1125,#335,,1,5,4,1304,0,0,0,,0,WEST,IMPERIAL,COMMERCIAL,0.00,,Y,A,-,N,,,,,,,,,,N,2,0,2,2,A,-,03,22350,,N,C,C,A,A,H,-,A,D,0,,,,,Y,,A,01,2,0,0,0,0,0,0,0,0,"- ","- ",,,IMPERIAL,"EL CENTRO",-115.56996154785156,32.795131683349609
90790264,2018,2018-08-14,9625,2018-08-07,1019,018773,,2,1,9,1300,0,1,1,,2,003,"I-8 WESTBOUND","FOURTH STREET",200.00,E,N,A,-,Y,,,,,,,,,,Y,2,0,1,1,A,-,08,22107,,N,E,I,A,A,H,-,A,D,0,,,,,Y,,A,01,1,0,0,0,0,0,0,0,0,"- ","- ",32.773880004882812,-115.54865264892578,IMPERIAL,UNINCORPORATED,-115.55213928222656,32.773891448974609
90791158,2018,2018-08-15,9625,2018-06-29,1533,018792,,5,2,9,1300,0,1,3,,2,023,SR-115,"FARR ROAD",515.00,N,N,A,-,Y,,,115,,,,,,,Y,1,1,6,1,A,-,08,22107,,N,F,A,A,A,H,-,A,D,0,,,,,Y,,A,08,1,4,1,0,0,0,0,0,0,"- ","- ",33.009010314941406,-115.44891357421875,IMPERIAL,UNINCORPORATED,-115.44884490966797,33.009010314941406
90793840,2018,2018-08-22,9625,2018-07-04,1445,020111,,3,2,9,1300,0,1,1,,2,005,"I-8 E/B","EAST HIGHLINE CANAL",669.00,E,N,A,-,Y,,,,,,,,,,Y,1,1,1,3,A,-,08,22107,,N,A,C,A,A,H,-,A,D,0,,,,Y,Y,Y,A,01,1,0,0,0,0,0,0,0,0,"- ","- ",32.755058288574219,-115.27056884765625,IMPERIAL,UNINCORPORATED,,
90794737,2018,2018-08-21,9625,2018-08-12,0303,020704,,7,3,9,1300,0,1,3,,1,054,SR-111,"KEYSTONE ROAD",0.00,,Y,A,-,N,,,,,,,,,,Y,2,0,2,2,A,-,01,23152,A,N,D,D,A,A,H,-,C,A,0,,,,Y,Y,Y,A,01,1,1,0,0,0,0,0,0,0,"- ","- ",32.912639617919922,-115.51058197021484,IMPERIAL,UNINCORPORATED,-115.50779724121094,32.912670135498047
90799776,2018,2018-08-28,9625,2018-08-16,0850,013627,,4,1,9,1300,0,3,5,,2,050,"MCCABE ROAD","BOWKER ROAD",0.00,,Y,A,-,N,,,,,,,,,,Y,2,0,2,2,A,-,09,21802,A,N,D,C,A,A,H,-,A,A,0,,,,,Y,,A,01,1,0,1,0,0,0,0,0,0,"- ","- ",32.752101898193359,-115.46501159667969,IMPERIAL,UNINCORPORATED,-115.46501922607422,32.752109527587891
90801676,2018,2018-08-30,9625,2018-08-04,2225,019225,,6,3,9,1300,0,1,3,,1,054,"SR-111 (SOUTHBOUND)","WORTHINGTON ROAD",3326.00,N,N,A,-,Y,,,111,,,,,,,Y,1,1,0,2,A,-,11,21954,A,N,G,B,D,A,H,-,D,D,0,Y,,,,Y,,N,60,0,0,0,1,0,0,0,0,0,"- ","- ",32.856449127197266,-115.50930023193359,IMPERIAL,UNINCORPORATED,-115.5091552734375,32.856449127197266
90803903,2018,2018-08-31,9625,2018-08-28,0520,020111,,2,3,9,1300,0,1,3,,1,011,"S/B SR-86","BEXAR DITCH BRIDGE",420.00,N,N,A,-,Y,,,86,,,,,,,Y,2,0,1,1,A,-,08,22107,,N,E,I,A,A,H,-,B,D,0,,,,,Y,,A,07,1,0,0,0,0,0,0,0,0,"- ","- ",33.361728668212891,-116.02021789550781,IMPERIAL,UNINCORPORATED,-116.02017211914062,33.361743927001953
90832347,2018,2018-10-09,9625,2018-10-05,1935,019225,,5,2,9,1300,0,1,3,,1,021,SR-111,"RUTHERFORD ROAD",500.00,S,N,A,-,Y,,,111,,,,,,,Y,2,0,1,1,A,-,01,23152,A,N,E,I,A,A,H,-,D,D,0,,,Y,,Y,Y,C,02,1,0,0,0,0,0,0,0,1,"- ","- ",33.042999267578125,-115.52729797363281,IMPERIAL,UNINCORPORATED,-115.52727508544922,33.043006896972656
90847726,2018,2018-10-29,9625,2018-10-17,1611,019225,,3,2,9,1300,0,2,4,,2,046,"DOGWOOD ROAD","WILLOUGHBY ROAD",0.00,,Y,A,-,N,,,,,,,,,,Y,2,0,1,2,A,-,09,21801,A,N,D,C,A,A,H,-,A,D,0,,,Y,,Y,,D,22,1,0,0,0,0,0,0,0,1,"- ","- ",32.708499908447266,-115.53410339355469,IMPERIAL,UNINCORPORATED,-115.53408050537109,32.708450317382812
90848060,2018,2018-10-29,9625,2018-10-20,0346,019668,,6,3,9,1300,0,1,3,,2,023,"STATE ROUTE 115","CHALUPNIK ROAD",22.00,S,N,A,-,Y,,,115,,,,,,,Y,2,0,3,2,A,-,01,23153,A,N,C,C,A,A,H,-,D,D,0,,,,,Y,Y,A,01,1,2,0,0,0,0,0,0,0,"- ","- ",33.030021667480469,-115.44889831542969,IMPERIAL,UNINCORPORATED,-115.44886016845703,33.030021667480469
90848632,2018,2018-10-30,9625,2018-10-22,1924,020704,,1,2,9,1300,0,1,3,,1,012,"SR-86 (S/B)","COOLIDGE SPRINGS ROAD",300.00,N,N,A,-,Y,,,86,,,,,,,Y,2,0,2,1,A,-,08,22107,,N,F,A,A,A,H,-,C,D,0,,,,,Y,,A,07,2,0,0,0,0,0,0,0,0,"- ","- ",33.417800903320312,-116.05072021484375,IMPERIAL,UNINCORPORATED,-116.05064392089844,33.417861938476562
90870772,2018,2018-11-29,9625,2018-11-25,0430,020111,,7,3,9,1300,0,3,5,,2,050,"HOLT ROAD","ROBINSON ROAD",233.00,S,N,A,-,N,,,,,,,,,,Y,2,0,1,1,A,-,01,23152,A,N,F,A,A,A,H,-,D,A,0,,,,,Y,Y,A,07,1,0,0,0,0,0,0,0,0,"- ","- ",32.854518890380859,-115.38014984130859,IMPERIAL,UNINCORPORATED,-115.38028717041016,32.853984832763672
90874175,2018,2018-12-03,9625,2018-11-21,1419,019035,,3,2,9,1300,0,1,3,,1,012,"SR-86 N/B","MONTEREY AVENUE",0.00,,Y,A,-,Y,,,86,,,,,,N,Y,2,0,2,2,A,-,09,21803,A,N,D,C,A,A,H,-,A,A,0,,,,,Y,,A,01,1,0,1,0,0,0,0,0,0,"- ","- ",33.402000427246094,-116.04470062255859,IMPERIAL,UNINCORPORATED,-116.04503631591797,33.40191650390625
90875391,2018,2018-12-04,9625,2018-11-22,0110,020704,,4,3,9,1300,0,1,1,,2,001,"I-8 (E/B)","IN KO PAH ROAD",2640.00,E,N,A,-,Y,,,8,,,,,,,Y,2,0,1,1,A,-,08,22107,,N,E,I,A,A,H,-,D,D,0,,,,,Y,,A,01,1,0,0,0,0,0,0,0,0,"- ","- ",32.649211883544922,-116.10263824462891,IMPERIAL,UNINCORPORATED,-116.10266876220703,32.649234771728516
90884565,2018,2018-12-17,9625,2018-12-05,1200,013627,,3,1,9,1300,0,3,5,,2,050,"ROOD ROAD","MAGGIO ROAD",402.00,S,N,A,-,N,,,,,,,,,,Y,2,0,1,2,A,-,05,21651,A,N,B,C,A,A,H,-,A,D,0,,,,Y,Y,,-,"- ",1,0,0,0,0,0,0,0,0,"- ","- ",32.684539794921875,-115.37821960449219,IMPERIAL,UNINCORPORATED,-115.37818145751953,32.6846923828125
90884687,2018,2018-12-17,9620,2018-12-13,1933,020738,,4,2,9,1300,0,1,1,,2,081,"I-8 EASTBOUND","GRAYS WELLS RD",2640.00,E,N,A,-,Y,,,,,,,,,,Y,2,0,1,1,A,-,08,22107,,N,F,A,A,A,H,-,D,D,0,,,,,Y,,D,22,1,0,0,0,0,0,0,0,0,"- ","- ",34.746860504150391,-114.87525177001953,IMPERIAL,UNINCORPORATED,,
90899948,2018,2019-01-08,9625,2018-12-29,2005,017809,,6,2,9,1300,0,1,3,,1,011,"STATE ROUTE 86 EASTBOUND","HOSKINS ROAD",0.00,,Y,A,-,Y,,,,,,,,,,Y,2,0,2,2,A,-,09,21802,A,N,D,C,A,A,H,-,C,A,0,,,,,Y,,A,01,1,0,1,0,0,0,0,0,0,"- ","- ",33.037181854248047,-115.66464233398438,IMPERIAL,UNINCORPORATED,,
90900236,2018,2019-01-08,9625,2018-12-30,1925,020516,,7,2,9,1300,0,1,1,,2,004,"I-8 W/B","JEFFREY RD.",1929.00,W,N,A,-,Y,,,8,,,,,,W,Y,2,0,1,2,A,-,08,22107,,N,C,E,A,A,H,-,D,D,0,,,,,Y,,D,22,1,0,0,0,0,0,0,0,0,"- ","- ",32.773349761962891,-115.76792907714844,IMPERIAL,UNINCORPORATED,-115.76792907714844,32.773303985595703
90901876,2018,2019-01-10,9625,2018-12-04,2320,018773,,2,3,9,1300,0,3,5,,2,020,"BEAL ROAD","WIEST ROAD",1086.00,W,N,A,-,N,,,,,,,,,,Y,1,1,1,1,A,-,08,22107,,N,F,A,A,A,H,-,D,D,0,,,,,Y,,D,22,1,0,0,0,0,0,0,0,0,"- ","- ",33.241748809814453,-115.48509216308594,IMPERIAL,UNINCORPORATED,-115.48445129394531,33.241798400878906
9090768,2020,2020-06-10,1301,2020-02-02,1453,902,BRAW,7,5,3,1301,0,0,0,,0,001,"A ST","2ND ST",0.00,,Y,A,-,N,,,,,,,,,,N,2,0,1,2,A,-,09,21804,A,N,D,G,A,A,H,-,A,A,0,,Y,,,Y,,L,04,1,0,0,0,0,0,1,0,0,"- ","- ",,,IMPERIAL,BRAWLEY,-115.56461334228516,32.959129333496094
90908551,2019,2019-01-22,9625,2019-01-10,0609,013627,,4,1,9,1300,0,3,5,,2,050,"SNYDER ROAD","BONDS CORNER ROAD",1050.00,N,N,A,-,N,,,,,,,,,,Y,2,0,1,1,A,-,08,22107,,N,E,I,A,A,H,-,A,D,0,,,,,Y,,A,07,1,0,0,0,0,0,0,0,0,"- ","- ",32.782939910888672,-115.34150695800781,IMPERIAL,UNINCORPORATED,-115.34130096435547,32.782733917236328
90909084,2018,2019-03-21,9625,2018-10-20,0640,017432,,6,1,9,1300,0,1,1,,2,001,"I-8 (E/B)","IN-KO-PAH PARK RD",2376.00,E,N,A,-,Y,,,8,,,,,,,Y,1,1,1,1,A,-,08,22107,,N,F,A,A,A,H,-,A,D,0,,,,,Y,,A,01,1,0,0,0,0,0,0,0,0,"- ","- ",32.6473388671875,-116.10415649414062,IMPERIAL,UNINCORPORATED,-116.1041259765625,32.647315979003906