CASE_ID,ACCIDENT_YEAR,PROC_DATE,JURIS,COLLISION_DATE,COLLISION_TIME,OFFICER_ID,REPORTING_DISTRICT,DAY_OF_WEEK,CHP_SHIFT,POPULATION,CNTY_CITY_LOC,SPECIAL_COND,BEAT_TYPE,CHP_BEAT_TYPE,CITY_DIVISION_LAPD,CHP_BEAT_CLASS,BEAT_NUMBER,PRIMARY_RD,SECONDARY_RD,DISTANCE,DIRECTION,INTERSECTION,WEATHER_1,WEATHER_2,STATE_HWY_IND,CALTRANS_COUNTY,CALTRANS_DISTRICT,STATE_ROUTE,ROUTE_SUFFIX,POSTMILE_PREFIX,POSTMILE,LOCATION_TYPE,RAMP_INTERSECTION,SIDE_OF_HWY,TOW_AWAY,COLLISION_SEVERITY,NUMBER_KILLED,NUMBER_INJURED,PARTY_COUNT,PRIMARY_COLL_FACTOR,PCF_CODE_OF_VIOL,PCF_VIOL_CATEGORY,PCF_VIOLATION,PCF_VIOL_SUBSECTION,HIT_AND_RUN,TYPE_OF_COLLISION,MVIW,PED_ACTION,ROAD_SURFACE,ROAD_COND_1,ROAD_COND_2,LIGHTING,CONTROL_DEVICE,CHP_ROAD_TYPE,PEDESTRIAN_ACCIDENT,BICYCLE_ACCIDENT,MOTORCYCLE_ACCIDENT,TRUCK_ACCIDENT,NOT_PRIVATE_PROPERTY,ALCOHOL_INVOLVED,STWD_VEHTYPE_AT_FAULT,CHP_VEHTYPE_AT_FAULT,COUNT_SEVERE_INJ,COUNT_VISIBLE_INJ,COUNT_COMPLAINT_PAIN,COUNT_PED_KILLED,COUNT_PED_INJURED,COUNT_BICYCLIST_KILLED,COUNT_BICYCLIST_INJURED,COUNT_MC_KILLED,COUNT_MC_INJURED,PRIMARY_RAMP,SECONDARY_RAMP,LATITUDE,LONGITUDE,COUNTY,CITY,POINT_X,POINT_Y
90916388,2019,2019-01-31,9625,2019-01-22,0820,013627,,2,1,9,1300,0,1,3,,2,053,"E/B I-8 TO S/B 111 TRANSITION RAMP","INTERSTATE 8 E/B",1300.00,S,N,B,-,Y,,,,,,,,,,Y,2,0,1,1,A,-,08,22107,,N,F,A,A,A,H,-,A,D,0,,,,,Y,,D,22,1,0,0,0,0,0,0,0,0,"- ","- ",32.769969940185547,-115.50122833251953,IMPERIAL,UNINCORPORATED,,
90919579,2019,2019-02-05,9620,2019-02-04,1240,016222,,1,1,9,1300,0,2,4,,1,075,"YORK RD","COLBY RD",194.00,N,N,A,-,N,,,,,,,,,,Y,2,0,2,1,A,-,08,22107,,N,F,A,A,A,H,-,A,D,0,,,Y,,Y,,C,02,2,0,0,0,0,0,0,0,2,"- ","- ",32.797019958496094,-114.54737091064453,IMPERIAL,UNINCORPORATED,-114.547607421875,32.796741485595703
90920395,2019,2019-02-06,9625,2019-01-25,1155,017727,,5,1,9,1300,0,1,3,,1,054,"SR-111 N/B","ATEN ROAD",2482.00,N,N,A,-,Y,,,111,,,,,,N,Y,2,0,1,1,C,-,18,,,N,E,I,A,A,H,-,A,D,0,,,,,Y,,-,"- ",1,0,0,0,0,0,0,0,0,"- ","- ",32.839298248291016,-115.50340270996094,IMPERIAL,UNINCORPORATED,-115.50303649902344,32.839492797851562
90920733,2018,2019-02-06,9625,2018-12-31,2303,019668,,1,3,9,1300,0,1,3,,1,011,"STATE ROUTE 86 SOUTHBOUND","STATE ROUTE 78",6758.00,S,N,A,-,Y,,,86,,,,,,S,Y,1,1,3,2,A,-,01,23152,A,N,C,E,A,A,H,-,D,D,0,,,,,Y,,D,22,2,1,0,0,0,0,0,0,0,"- ","- ",33.111030578613281,-115.84192657470703,IMPERIAL,UNINCORPORATED,-115.84188079833984,33.111099243164062
90924362,2019,2019-02-12,9620,2019-02-03,1450,017837,,7,2,9,1300,0,1,1,,2,082,"I-8 E/B","SEMINOLE RD",528.00,E,N,A,-,Y,,,8,,,,,,E,Y,2,0,2,1,A,-,08,22107,,N,F,I,A,A,H,-,A,D,0,,,,,Y,,A,01,1,1,0,0,0,0,0,0,0,"- ","- ",32.746829986572266,-114.70169830322266,IMPERIAL,UNINCORPORATED,-114.70172119140625,32.746910095214844
90925038,2019,2019-03-01,9625,2019-02-01,0905,016248,,5,1,9,1300,0,3,5,,2,050,"NINA LEE ROAD",SR-7,350.00,E,N,A,-,N,,,,,,,,,,N,2,0,1,3,A,-,09,21802,A,N,D,C,A,A,H,-,A,D,0,,,Y,Y,Y,,G,27,1,0,0,0,0,0,0,0,1,"- ","- ",32.682140350341797,-115.38465118408203,IMPERIAL,UNINCORPORATED,-115.38436889648438,32.681991577148438
90926640,2018,2019-02-14,9625,2018-12-31,0345,020111,,1,3,9,1300,0,1,3,,1,054,"SR-111 S/B","KEYSTONE ROAD",0.00,,Y,A,-,Y,,,111,,,,,,S,Y,1,1,1,2,A,-,12,21453,A,N,D,C,A,A,H,-,C,A,0,,,,,Y,,A,01,1,0,0,0,0,0,0,0,0,"- ","- ",32.912509918212891,-115.50919342041016,IMPERIAL,UNINCORPORATED,-115.50914001464844,32.912509918212891
90928687,2019,2019-02-19,9625,2019-02-11,1947,020516,,1,2,9,1300,0,1,1,,2,004,"INTERSTATE 8 W/B","DUNAWAY ROAD",3640.00,W,N,A,-,Y,,,8,,,,,,W,Y,2,0,1,1,A,-,08,22107,,N,F,A,A,A,H,-,D,D,0,,,,,Y,,D,22,1,0,0,0,0,0,0,0,0,"- ","- ",32.766571044921875,-115.81265258789062,IMPERIAL,UNINCORPORATED,-115.81266784667969,32.766639709472656
90929370,2019,2019-02-19,9625,2019-01-02,1930,018792,,3,2,9,1300,0,3,5,,2,020,"EAST BEAL ROAD","LOW ROAD",768.00,W,N,A,-,N,,,,,,,,,,Y,1,1,1,2,A,-,03,22350,,N,A,G,A,A,H,-,D,D,0,,Y,,,Y,,D,22,1,0,0,0,0,1,1,0,0,"- ","- ",33.258090972900391,-115.46771240234375,IMPERIAL,UNINCORPORATED,-115.46751403808594,33.258213043212891
90930455,2018,2019-02-20,9625,2018-12-27,0500,018773,,4,3,9,1300,0,1,3,,2,052,SR-98,"HOLDRIDGE ROAD",15840.00,E,N,A,-,Y,,,98,,,,,,,Y,1,3,1,2,A,-,05,21650,,N,A,C,A,A,H,-,D,D,0,,,,,Y,,A,01,0,0,1,0,0,0,0,0,0,"- ","- ",32.712779998779297,-115.24163818359375,IMPERIAL,UNINCORPORATED,-115.24163818359375,32.712787628173828
90932047,2019,2019-02-22,9625,2019-02-15,1950,017809,,5,2,9,1300,0,1,3,,1,012,"STATE ROUTE 86 SB","SUNRISE DRIVE",0.00,,Y,A,-,Y,,,,,,,,,,Y,2,0,2,2,A,-,09,21802,A,N,D,C,A,A,H,-,D,A,0,,,,,Y,,A,07,1,1,0,0,0,0,0,0,0,"- ","- ",33.284759521484375,-115.96360778808594,IMPERIAL,UNINCORPORATED,,
90932336,2018,2019-02-22,9625,2018-12-30,2055,017809,,7,2,9,1300,0,3,5,,2,010,"SUBURBAN AVENUE","CATALINA AVENUE",520.00,S,N,A,-,N,,,,,,,,,,Y,1,1,0,1,A,-,01,23152,A,N,F,A,A,A,A,-,D,D,0,,,,,Y,Y,D,22,0,0,0,0,0,0,0,0,0,"- ","- ",33.295021057128906,-115.98930358886719,IMPERIAL,UNINCORPORATED,-115.98917388916016,33.294742584228516
90941738,2019,2019-06-17,9620,2019-01-28,2255,018703,,1,3,9,1300,0,2,4,,1,061,"S-34 (OGILBY ROAD)",SR-78,20592.00,S,N,A,-,N,,,,,,,,,,Y,1,1,0,1,A,-,08,22107,,N,E,I,A,A,H,-,D,D,0,,,,,Y,,A,01,0,0,0,0,0,0,0,0,0,"- ","- ",33.03179931640625,-114.9039306640625,IMPERIAL,UNINCORPORATED,-114.90398406982422,33.031791687011719
90941984,2019,2019-03-07,9625,2019-02-26,1545,018930,,2,2,9,1300,0,1,3,,1,021,"SR-111, S/B","HOOBER ROAD",5.00,N,N,A,-,Y,,,111,,,,,,S,Y,2,0,2,1,A,-,08,22107,,N,E,I,A,A,H,-,A,D,0,,,,,Y,,D,22,1,1,0,0,0,0,0,0,0,"- ","- ",33.169101715087891,-115.51889801025391,IMPERIAL,UNINCORPORATED,-115.51905822753906,33.169101715087891
90960997,2019,2019-04-04,9625,2019-03-26,1612,018773,,2,2,9,1300,0,1,3,,1,054,"SR-111 SOUTHBOUND","ATEN ROAD",2627.00,S,N,A,-,Y,,,111,,,,,,S,Y,2,0,4,4,A,-,03,22350,,N,C,C,A,A,D,-,A,A,0,,,,,Y,,D,22,1,2,1,0,0,0,0,0,0,"- ","- ",32.821388244628906,-115.50039672851562,IMPERIAL,UNINCORPORATED,-115.50026702880859,32.821388244628906
90963971,2019,2019-04-09,9625,2019-03-29,1350,019667,,5,1,9,1300,0,3,5,,2,040,"CLARK ROAD","KUBLER ROAD",1256.00,S,N,A,-,N,,,,,,,,,,Y,2,0,1,2,A,-,09,21804,A,N,D,C,A,A,H,-,A,D,0,,,,,Y,,M,46,1,0,0,0,0,0,0,0,0,"- ","- ",32.6904296875,-115.55977630615234,IMPERIAL,UNINCORPORATED,-115.55975341796875,32.690486907958984
90968193,2019,2019-04-15,9625,2019-04-09,0605,017731,,2,1,9,1300,0,1,3,,1,011,"S/B SR-86","BARLEY DITCH",100.00,N,N,A,-,N,,,86,,,,,,,Y,2,0,1,1,A,-,08,22107,,N,E,I,A,A,H,-,A,D,0,,,,,Y,,A,01,1,0,0,0,0,0,0,0,0,"- ","- ",33.143718719482422,-115.86322784423828,IMPERIAL,UNINCORPORATED,-115.86318206787109,33.14373779296875
90968963,2019,2019-04-16,9625,2019-04-05,1250,019886,,5,1,9,1300,0,1,3,,1,011,"SR-86 S/B","LACK ROAD",0.00,,Y,A,-,Y,,,,,,,,,,Y,2,0,1,1,A,-,08,22107,,N,E,I,A,A,H,-,A,D,0,,,,,Y,,A,01,1,0,0,0,0,0,0,0,0,"- ","- ",33.213001251220703,-115.385009765625,IMPERIAL,UNINCORPORATED,,
90970714,2019,2019-04-18,9625,2019-04-13,0210,020111,,6,3,9,1300,0,1,1,,2,005,"I-8 E/B","BARBARA WORTH ROAD",65.00,W,N,A,-,Y,,,8,,,,,,E,Y,2,0,2,1,A,-,08,22107,,N,F,A,A,A,H,-,D,D,0,,,,,Y,,A,07,1,0,1,0,0,0,0,0,0,"- ","- ",32.773250579833984,-115.43097686767578,IMPERIAL,UNINCORPORATED,-115.43097686767578,32.773334503173828
90989118,2019,2019-05-15,9625,2019-05-06,0355,021107,,1,3,9,1300,0,2,4,,2,045,"E/B EVAN HEWES HIGHWAY","JAMES ROAD",560.00,E,N,A,G,N,,,,,,,,,,Y,2,0,1,2,A,-,03,22350,,N,C,C,A,A,H,-,D,D,0,,,,,Y,,A,07,1,0,0,0,0,0,0,0,0,"- ","- ",32.803188323974609,-115.46405029296875,IMPERIAL,UNINCORPORATED,-115.46347808837891,32.803153991699219
90989861,2019,2019-05-16,9625,2019-05-07,1350,019886,,2,1,9,1300,0,2,4,,2,047,"FORRESTER ROAD","ROSS ROAD",0.00,,Y,A,-,N,,,,,,,,,,Y,2,0,1,2,A,-,09,21802,A,N,D,C,A,A,H,-,A,A,0,,,,Y,Y,,A,07,1,0,0,0,0,0,0,0,0,"- ","- ",,,IMPERIAL,UNINCORPORATED,-115.62064361572266,32.781421661376953
90997571,2019,2019-05-28,9625,2019-05-16,1345,016248,,4,1,9,1300,0,3,5,,2,050,"WILLOUGHBY ROAD","WARE ROAD",114.00,E,N,A,-,N,,,,,,,,,,Y,2,0,1,1,A,-,08,22107,,N,E,I,A,A,H,-,A,D,0,,,,,Y,,A,07,1,0,0,0,0,0,0,0,0,"- ","- ",32.708438873291016,-115.52503204345703,IMPERIAL,UNINCORPORATED,-115.52504730224609,32.708503723144531
91003748,2019,2019-06-05,9625,2019-04-22,2500,020516,,1,4,9,1300,0,1,1,,2,001,"I-8, E/B","STATE ROUTE 98",8606.00,W,N,A,-,Y,,,8,,,,,,E,Y,1,1,0,1,A,-,08,22107,,N,F,I,A,A,H,-,D,D,0,,,,,Y,Y,A,07,0,0,0,0,0,0,0,0,0,"- ","- ",32.720268249511719,-116.04685211181641,IMPERIAL,UNINCORPORATED,-116.04682159423828,32.720211029052734
91004018,2019,2019-06-05,9625,2019-04-09,1655,017809,,2,2,9,1300,0,3,5,,2,010,"S-22 (BORREGO SALTON SEA WAY)","SAN DIEGO COUNTY LINE",11246.00,E,N,G,-,N,,,,,,,,,,Y,1,2,0,1,A,-,03,22350,,N,F,A,A,A,H,-,A,A,0,,,Y,,Y,,C,02,0,0,0,0,0,0,0,2,0,"- ","- ",33.275360107421875,-116.04093170166016,IMPERIAL,UNINCORPORATED,-116.04703521728516,33.274696350097656
91006049,2019,2019-06-10,9625,2019-05-29,1805,019667,,3,2,9,1300,0,1,3,,1,054,"SOUTHBOUND STATE ROUTE 111","HARRIS ROAD",550.00,S,N,A,-,Y,,,111,,,,,,,Y,2,0,1,1,A,-,08,22107,,N,F,I,A,A,H,-,A,D,0,,,,,Y,,A,07,1,0,0,0,0,0,0,0,0,"- ","- ",32.882061004638672,-115.50933074951172,IMPERIAL,UNINCORPORATED,-115.5091552734375,32.882061004638672
91006051,2019,2019-06-10,9625,2019-06-01,2204,020054,,6,3,9,1300,0,1,3,,2,052,SR-98,"BONDS CORNER ROAD",5174.00,E,N,A,-,Y,,,98,,,,,,,Y,2,0,1,1,A,-,01,23152,F,N,F,A,A,A,H,-,D,D,0,,,,,Y,,A,07,1,0,0,0,0,0,0,0,0,"- ","- ",32.694190979003906,-115.31999969482422,IMPERIAL,UNINCORPORATED,-115.31999969482422,32.694206237792969
91013385,2019,2019-06-19,9625,2019-06-08,0245,020111,,6,3,9,1300,0,1,3,,1,021,SR-111,"FREDERICKS ROAD",120.00,N,N,A,-,Y,,,111,,,,,,,Y,2,0,1,1,A,-,08,22107,,N,F,A,A,A,H,-,D,A,0,,,,,Y,,A,01,1,0,0,0,0,0,0,0,0,"- ","- ",33.005489349365234,-115.52661895751953,IMPERIAL,UNINCORPORATED,-115.52654266357422,33.005489349365234
91013722,2019,2019-06-27,9625,2019-06-07,1520,019667,,5,2,9,1300,0,1,3,,2,056,"STATE ROUTE 115","ALAMO ROAD",0.00,,Y,A,-,Y,,,115,,,,,,,Y,2,0,3,2,A,-,09,21802,A,N,D,C,A,A,H,-,A,A,0,,,,,Y,,D,22,3,0,0,0,0,0,0,0,0,"- ","- ",32.818359375,-115.40614318847656,IMPERIAL,UNINCORPORATED,-115.40613555908203,32.818359375
91023244,2019,2019-07-02,9625,2019-06-30,1214,018207,,7,1,9,1300,0,1,1,,2,001,"I-8 E/B","IN-KO-PAH PARK RD",5280.00,E,N,A,-,Y,,,8,,,,,,E,Y,2,0,2,1,C,-,18,,,N,E,J,A,A,H,-,A,D,0,,,,,Y,,-,"- ",1,1,0,0,0,0,0,0,0,"- ","- ",32.658859252929688,-116.09745788574219,IMPERIAL,UNINCORPORATED,-116.09745025634766,32.658866882324219
91029045,2019,2019-07-11,9625,2019-07-01,2035,018930,,1,2,9,1300,0,1,3,,2,053,"SR-111, S/B","MCCABE ROAD",1290.00,N,N,A,-,Y,,,111,,,,,,S,Y,2,0,3,3,A,-,03,22350,,N,C,C,A,A,H,-,B,D,0,,,,,Y,,A,01,1,0,2,0,0,0,0,0,0,"- ","- ",32.757400512695312,-115.50099945068359,IMPERIAL,UNINCORPORATED,-115.50082397460938,32.757400512695312
91031063,2019,2019-07-15,9625,2019-05-01,2315,022010,,3,3,9,1300,0,1,3,,2,024,"SR-78 W/B","BUTTERS ROAD",2112.00,E,N,A,-,Y,,,78,,,,,,W,Y,1,1,1,2,A,-,01,23152,G,N,A,C,A,A,H,-,D,D,0,,,,Y,Y,Y,D,22,0,0,1,0,0,0,0,0,0,"- ","- ",32.974510192871094,-115.36459350585938,IMPERIAL,UNINCORPORATED,-115.36459350585938,32.97467041015625
91037090,2019,2019-07-24,9625,2019-07-18,0010,020263,,4,3,9,1300,0,1,1,,2,002,"I-8 W/B",SR-98,22176.00,W,N,A,-,Y,,,8,,,,,,W,Y,2,0,3,1,A,-,08,22107,,N,F,A,A,A,H,-,D,D,0,,,,,Y,,A,01,1,2,0,0,0,0,0,0,0,"- ","- ",32.706748962402344,-116.06603240966797,IMPERIAL,UNINCORPORATED,-116.06589508056641,32.706657409667969
91042010,2019,2019-09-19,9620,2019-07-25,1615,017051,,4,2,9,1300,0,1,1,,2,081,"I8 WB","GORDONS WELL RD",15840.00,E,N,A,-,Y,,,,,,,,,,Y,1,1,0,1,A,-,08,22107,,N,E,I,A,A,H,-,A,D,0,,,,,Y,,D,22,0,0,0,0,0,0,0,0,0,"- ","- ",32.697540283203125,-114.90096282958984,IMPERIAL,UNINCORPORATED,,
91048818,2019,2019-08-09,9625,2019-08-04,1820,019225,,7,2,9,1300,0,1,1,,2,003,"I-8 E/B","DUNAWAY ROAD",5280.00,E,N,A,-,Y,,,8,,,,,,E,Y,2,0,2,1,A,-,08,22107,,N,F,A,A,A,H,-,A,D,0,,,,,Y,,D,22,2,0,0,0,0,0,0,0,0,"- ","- ",32.771800994873047,-115.78524780273438,IMPERIAL,UNINCORPORATED,-115.78525543212891,32.771842956542969
91062694,2019,2019-08-29,9625,2019-06-07,0830,018279,,5,1,9,1300,0,1,1,,2,001,"I-8, E/B","IN-KO-PAH PARK RD.",1584.00,E,N,A,-,Y,,,8,,,,,,E,Y,1,1,2,1,A,-,08,22107,,N,F,A,A,A,H,-,A,D,0,,,,,Y,,A,07,2,0,0,0,0,0,0,0,0,"- ","- ",32.648601531982422,-116.10299682617188,IMPERIAL,UNINCORPORATED,-116.10311889648438,32.648704528808594
9106596,2020,2020-06-30,1301,2020-03-07,2019,00434,BRAW,6,5,3,1301,0,0,0,,0,0B2,"DOGWOOD RD","MONTEREY AV",212.00,S,N,A,-,N,,,,,,,,,,Y,2,0,2,2,A,-,08,22107,,N,D,C,A,A,H,-,D,D,0,,,,,Y,,A,01,1,0,1,0,0,0,0,0,0,"- ","- ",,,IMPERIAL,BRAWLEY,-115.53511047363281,32.962291717529297
9106828,2020,2020-10-21,1304,2020-05-20,1912,339,EEAST,3,5,4,1304,0,0,0,,0,EAST,4TH,"WENSLEY AV",6.00,S,N,A,-,Y,IMP,11,86,-,-,6.704,I,5,S,N,2,0,1,2,A,-,12,22450,A,N,D,G,A,A,H,-,A,D,0,,Y,,,Y,,L,04,1,0,0,0,0,0,1,0,0,"- ","- ",,,IMPERIAL,"EL CENTRO",-115.55247497558594,32.784015655517578
91074537,2019,2019-09-13,9625,2019-09-08,0732,018207,,7,1,9,1300,0,1,3,,1,011,"SR-86 S/B","BANNISTER ROAD",0.00,,Y,A,-,Y,,,86,,,,,,S,Y,2,0,2,2,A,-,09,21803,A,N,D,C,A,A,H,-,A,A,0,,,,,Y,,A,07,1,0,1,0,0,0,0,0,0,"- ","- ",33.051700592041016,-115.72178649902344,IMPERIAL,UNINCORPORATED,-115.72177124023438,33.051723480224609
91083137,2019,2019-09-25,9625,2019-08-31,1725,017432,,6,2,9,1300,0,1,3,,1,054,"STATE ROUTE 111 S/B","WORTHINGTON ROAD",0.00,,Y,A,-,Y,,,111,,,,,,S,Y,2,0,7,2,A,-,12,21453,A,N,D,C,A,A,H,-,A,A,0,,,,,Y,,A,01,4,1,2,0,0,0,0,0,0,"- ","- ",32.84735107421875,-115.50775909423828,IMPERIAL,UNINCORPORATED,-115.50764465332031,32.847400665283203
91086906,2019,2019-09-30,9625,2019-09-06,0730,013627,,5,1,9,1300,0,1,3,,1,022,"STATE ROUTE 111","AVENUE A",7920.00,N,N,B,-,Y,,,111,,,,,,,Y,2,0,1,1,A,-,03,22350,,N,F,A,A,D,F,-,A,D,0,,,,,Y,,A,07,1,0,0,0,0,0,0,0,0,"- ","- ",33.363819122314453,-115.76371765136719,IMPERIAL,UNINCORPORATED,-115.76407623291016,33.363269805908203
91088164,2019,2019-10-01,9625,2019-08-13,1928,018792,,2,2,9,1300,0,3,5,,2,040,"AUSTIN ROAD","KEYSTONE ROAD",3696.00,N,N,A,-,N,,,,,,,,,,Y,1,1,2,1,A,-,08,22107,,N,F,A,A,A,H,-,B,A,0,,,,,Y,,A,01,0,2,0,0,0,0,0,0,0,"- ","- ",32.92694091796875,-115.59439849853516,IMPERIAL,UNINCORPORATED,-115.59493255615234,32.922653198242188
91091938,2019,2019-10-07,9625,2019-05-27,1935,018930,,1,2,9,1300,0,2,4,,2,046,"DOGWOOD ROAD","HAWK STREET",0.00,,Y,A,-,N,,,,,,,,,,Y,1,1,1,4,A,-,12,22450,A,N,D,C,A,A,H,-,A,A,0,,,,,Y,,A,07,1,0,0,0,0,0,0,0,0,"- ","- ",32.734798431396484,-115.53459930419922,IMPERIAL,UNINCORPORATED,-115.53450775146484,32.734821319580078
91094129,2019,2019-10-09,9625,2019-09-27,0855,017055,,5,1,9,1300,0,1,3,,1,012,"SR-86 (N/B)","AIR PARK DRIVE",2640.00,N,N,A,-,Y,,,86,,,,,,,Y,2,0,1,1,A,-,08,22107,,N,E,I,A,A,H,-,A,A,0,,,,,Y,,A,01,1,0,0,0,0,0,0,0,0,"- ","- ",33.258029937744141,-115.94827270507812,IMPERIAL,UNINCORPORATED,-115.94830322265625,33.258007049560547
91098763,2019,2019-10-16,9625,2019-06-10,1210,016248,,1,1,9,1300,0,3,5,,2,050,"NORRISH ROAD","HOLT ROAD",0.00,,Y,A,-,N,,,,,,,,,,Y,1,1,1,2,A,-,12,22450,A,N,D,C,A,A,H,-,A,A,0,,,,Y,Y,,G,27,1,0,0,0,0,0,0,0,0,"- ","- ",32.832759857177734,-115.38031768798828,IMPERIAL,UNINCORPORATED,-115.38027954101562,32.832748413085938
91102697,2019,2019-10-23,9625,2019-10-18,2052,018464,,5,2,9,1300,0,1,3,,2,052,SR-98,"VENCILL ROAD",1267.00,W,N,A,-,Y,,,98,,,,,,,Y,2,0,3,2,A,-,01,23152,A,F,A,C,A,A,H,-,D,D,0,,,,,Y,Y,A,07,1,1,1,0,0,0,0,0,0,"- ","- ",32.693859100341797,-115.35845184326172,IMPERIAL,UNINCORPORATED,-115.35845184326172,32.693813323974609
91109089,2019,2019-10-29,9625,2019-10-18,1500,017809,,5,2,9,1300,0,3,5,,2,020,"ENGLISH ROAD","SCHRIMPF ROAD",0.00,,Y,A,-,N,,,,,,,,,,Y,2,0,1,2,A,-,09,21800,A,N,D,C,A,A,H,-,A,D,0,,,,,Y,,D,22,1,0,0,0,0,0,0,0,0,"- ","- ",33.198238372802734,-115.54502105712891,IMPERIAL,UNINCORPORATED,-115.54499053955078,33.198329925537109
91115395,2019,2019-11-07,9625,2019-11-05,0335,020263,,2,3,9,1300,0,1,1,,2,001,"I-8 E/B","MOUNTAIN SPRINGS ROAD",7180.00,W,N,A,-,Y,,,8,,,,,,E,Y,2,0,1,1,A,-,08,22107,,N,E,I,A,A,H,-,D,D,0,,,,Y,Y,,F,27,1,0,0,0,0,0,0,0,0,"- ","- ",32.663959503173828,-116.10566711425781,IMPERIAL,UNINCORPORATED,-116.10552978515625,32.664020538330078
91119421,2019,2019-11-13,9620,2019-11-10,1322,018734,,7,1,9,1300,0,1,1,,2,082,"I-8 W/B","WINTERHAVEN DR",14256.00,W,N,A,-,Y,,,8,,,,,,W,Y,2,0,6,2,A,-,07,21658,A,N,B,C,A,A,H,-,A,D,0,,,,,Y,,A,07,1,1,4,0,0,0,0,0,0,"- ","- ",32.741168975830078,-114.68122100830078,IMPERIAL,UNINCORPORATED,-114.68122863769531,32.741115570068359
91146283,2019,2019-12-18,9625,2019-12-08,0620,018464,,7,1,9,1300,0,1,1,,2,003,"I-8 (E/B)","IMPERIAL HIGHWAY",24288.00,E,N,A,-,Y,,,8,,,,,,,Y,2,0,1,1,A,-,08,22107,,N,F,A,A,A,H,-,B,D,0,,,,,Y,,A,01,1,0,0,0,0,0,0,0,0,"- ","- ",32.749340057373047,-115.91696929931641,IMPERIAL,UNINCORPORATED,-115.91697692871094,32.749397277832031
91160099,2019,2020-01-06,9625,2019-12-25,1328,018279,,3,1,9,1300,0,3,5,,2,020,"EDDINS ROAD","CORN ROAD",1056.00,W,N,A,-,N,,,,,,,,,,Y,2,0,2,1,A,-,01,23152,A,N,E,I,A,A,H,-,A,D,0,,,,,Y,Y,A,01,1,1,0,0,0,0,0,0,0,"- ","- ",33.125801086425781,-115.53389739990234,IMPERIAL,UNINCORPORATED,-115.53542327880859,33.125728607177734
91170117,2020,2020-01-22,9625,2020-01-10,0443,018930,,5,3,9,1300,0,1,3,,2,024,SR-78,"BUTTERS ROAD",1100.00,E,N,A,-,Y,,,78,,,,,,,N,2,0,1,2,A,-,03,22350,,N,G,B,E,A,H,-,D,D,0,Y,,,,Y,,D,22,1,0,0,0,1,0,0,0,0,"- ","- ",32.974399566650391,-115.3634033203125,IMPERIAL,UNINCORPORATED,-115.3634033203125,32.97467041015625
91173375,2020,2020-01-24,9625,2020-01-21,1618,020263,,2,2,9,1300,0,1,1,,2,002,"I-8 W/B","MOUNTAIN SPRINGS ROAD",10560.00,E,N,A,G,Y,,,8,,,,,,W,Y,2,0,1,1,A,-,08,22107,,N,F,A,A,A,H,-,A,D,0,,,,,Y,,D,22,1,0,0,0,0,0,0,0,0,"- ","- ",32.709590911865234,-116.0660400390625,IMPERIAL,UNINCORPORATED,-116.06560516357422,32.709766387939453
91174202,2020,2020-01-27,9625,2020-01-17,2042,018773,,5,2,9,1300,0,1,3,,2,052,SR-98,"BONESTEELE ROAD",2640.00,E,N,A,-,Y,,,98,,,,,,,Y,2,0,4,2,A,-,06,21751,,N,B,C,A,A,H,-,D,D,0,,,,,Y,,A,01,1,0,3,0,0,0,0,0,0,"- ","- ",32.694351196289062,-115.31848907470703,IMPERIAL,UNINCORPORATED,-115.31848907470703,32.694377899169922
91174633,2019,2020-01-29,9625,2019-09-29,0730,016248,,7,1,9,1300,0,1,3,,2,053,"SR-111 N/B",I-8,1130.00,S,N,A,-,Y,,,111,,,,,,N,Y,1,1,2,4,A,-,08,22107,,F,C,G,A,A,H,-,A,D,0,,Y,,,Y,Y,A,01,2,0,0,0,0,1,2,0,0,"- ","- ",32.770500183105469,-115.50093841552734,IMPERIAL,UNINCORPORATED,-115.5010986328125,32.770492553710938
91175887,2019,2020-01-29,9625,2019-12-01,1838,019225,,7,2,9,1300,0,1,1,,2,005,"I-8 E/B","MILLER ROAD",3000.00,W,N,A,-,Y,,,8,,,,,,E,Y,1,1,5,3,A,-,08,22107,,N,C,E,E,A,H,-,D,D,0,Y,,,,Y,,A,01,0,3,2,0,1,0,0,0,0,"- ","- ",32.773151397705078,-115.31271362304688,IMPERIAL,UNINCORPORATED,-115.31271362304688,32.773189544677734