CASE_ID,ACCIDENT_YEAR,PROC_DATE,JURIS,COLLISION_DATE,COLLISION_TIME,OFFICER_ID,REPORTING_DISTRICT,DAY_OF_WEEK,CHP_SHIFT,POPULATION,CNTY_CITY_LOC,SPECIAL_COND,BEAT_TYPE,CHP_BEAT_TYPE,CITY_DIVISION_LAPD,CHP_BEAT_CLASS,BEAT_NUMBER,PRIMARY_RD,SECONDARY_RD,DISTANCE,DIRECTION,INTERSECTION,WEATHER_1,WEATHER_2,STATE_HWY_IND,CALTRANS_COUNTY,CALTRANS_DISTRICT,STATE_ROUTE,ROUTE_SUFFIX,POSTMILE_PREFIX,POSTMILE,LOCATION_TYPE,RAMP_INTERSECTION,SIDE_OF_HWY,TOW_AWAY,COLLISION_SEVERITY,NUMBER_KILLED,NUMBER_INJURED,PARTY_COUNT,PRIMARY_COLL_FACTOR,PCF_CODE_OF_VIOL,PCF_VIOL_CATEGORY,PCF_VIOLATION,PCF_VIOL_SUBSECTION,HIT_AND_RUN,TYPE_OF_COLLISION,MVIW,PED_ACTION,ROAD_SURFACE,ROAD_COND_1,ROAD_COND_2,LIGHTING,CONTROL_DEVICE,CHP_ROAD_TYPE,PEDESTRIAN_ACCIDENT,BICYCLE_ACCIDENT,MOTORCYCLE_ACCIDENT,TRUCK_ACCIDENT,NOT_PRIVATE_PROPERTY,ALCOHOL_INVOLVED,STWD_VEHTYPE_AT_FAULT,CHP_VEHTYPE_AT_FAULT,COUNT_SEVERE_INJ,COUNT_VISIBLE_INJ,COUNT_COMPLAINT_PAIN,COUNT_PED_KILLED,COUNT_PED_INJURED,COUNT_BICYCLIST_KILLED,COUNT_BICYCLIST_INJURED,COUNT_MC_KILLED,COUNT_MC_INJURED,PRIMARY_RAMP,SECONDARY_RAMP,LATITUDE,LONGITUDE,COUNTY,CITY,POINT_X,POINT_Y
91441784,2021,2021-04-02,9625,2021-02-12,1445,018978,,5,2,9,1300,0,1,1,,2,002,"INTERSTATE 8 W/B","IN KO PAH PARK ROAD",6874.00,E,N,A,-,Y,,,8,,,,,,W,Y,1,1,0,1,A,-,08,22107,,N,E,I,A,A,H,-,A,D,0,,,,,Y,,D,22,0,0,0,0,0,0,0,0,0,"- ","- ",32.66094970703125,-116.10109710693359,IMPERIAL,UNINCORPORATED,-116.10121917724609,32.660747528076172
91449710,2021,2021-04-13,9625,2021-04-06,1947,019225,,2,2,9,1300,0,1,3,,1,042,SR-98,"DOGWOOD ROAD",0.00,,Y,A,-,Y,,,98,,,,,,,Y,2,0,1,2,A,-,12,21453,A,N,D,C,A,A,H,-,C,A,0,,,,Y,Y,,A,01,1,0,0,0,0,0,0,0,0,"- ","- ",32.67926025390625,-115.53350067138672,IMPERIAL,UNINCORPORATED,-115.53350067138672,32.679241180419922
91455541,2021,2021-04-21,9625,2021-04-15,1825,019225,,4,2,9,1300,0,1,3,,2,053,"SR-111 N/B TO I-8 W/B","INTERSTATE 8",168.00,N,N,A,-,Y,,,111,,,,R,,N,Y,2,0,1,1,A,-,03,22350,,N,F,A,A,A,H,-,A,D,0,,,Y,,Y,,C,02,1,0,0,0,0,0,0,0,1,"- ","- ",32.774490356445312,-115.50090026855469,IMPERIAL,UNINCORPORATED,-115.50090026855469,32.774490356445312
91470581,2021,2021-05-11,9625,2021-04-29,0317,018978,,4,3,9,1300,0,1,3,,1,054,"STATE ROUTE 111 S/B","SCHARTZ ROAD",0.00,,Y,A,-,Y,,,111,,,,,,S,Y,2,0,1,2,A,-,09,21804,A,N,D,C,A,A,H,-,C,A,0,,,,,Y,,A,07,1,0,0,0,0,0,0,0,0,"- ","- ",32.941719055175781,-115.50965881347656,IMPERIAL,UNINCORPORATED,-115.50911712646484,32.941707611083984
91472344,2021,2021-05-13,9620,2021-05-08,1615,018464,,6,2,9,1300,0,2,4,,1,061,"OGILBY ROAD","WALKER WAY",22704.00,N,N,A,-,N,,,,,,,,,,Y,2,0,1,1,A,-,08,22107,,N,F,A,A,A,H,-,A,D,0,,,,,Y,,A,07,1,0,0,0,0,0,0,0,0,"- ","- ",33.006538391113281,-114.90094757080078,IMPERIAL,UNINCORPORATED,-114.88612365722656,32.937408447265625
91480520,2021,2021-05-24,9625,2021-05-18,0550,017727,,2,3,9,1300,0,2,4,,2,047,"FORRESTER ROAD","JOHNSON ROAD",1857.00,S,N,A,-,N,,,,,,,,,,Y,2,0,1,1,A,-,08,22107,,N,E,I,A,A,H,-,B,D,0,,,,,Y,,D,22,1,0,0,0,0,0,0,0,0,"- ","- ",32.957698822021484,-115.62400054931641,IMPERIAL,UNINCORPORATED,-115.62416839599609,32.95782470703125
91485057,2021,2021-05-28,9625,2021-05-18,0521,020738,,2,3,9,1300,0,1,1,,2,003,"I-8 EASTBOUND","WESTSIDE ROAD",1470.00,E,N,A,-,Y,,,8,,,,,,E,Y,2,0,3,1,A,-,01,23152,F,N,F,A,A,A,H,-,B,D,0,,,,,Y,,A,01,3,0,0,0,0,0,0,0,0,"- ","- ",32.773891448974609,-115.72837829589844,IMPERIAL,UNINCORPORATED,-115.72837829589844,32.773891448974609
91492341,2021,2021-06-08,9620,2021-04-23,0815,018028,,5,1,9,1300,0,1,1,,2,081,"INTERSTATE 8 E/B","GORDONS WELL RD. O/C",8131.00,W,N,A,-,Y,,,8,,,,,,E,Y,1,1,3,2,A,-,08,22107,,N,F,A,A,A,H,-,A,D,0,,,,,Y,,E,22,1,2,0,0,0,0,0,0,0,"- ","- ",32.707939147949219,-114.9835205078125,IMPERIAL,UNINCORPORATED,-114.9835205078125,32.707927703857422
91492347,2021,2021-06-08,9620,2021-04-17,2100,020555,,6,2,9,1300,0,1,1,,2,081,"I-8 W/B","GORDONS WELL ROAD",9504.00,W,N,A,-,Y,,,8,,,,,,W,Y,1,1,0,2,A,-,11,21954,A,N,G,B,D,A,H,-,D,D,0,Y,,,,Y,,N,60,0,0,0,1,0,0,0,0,0,"- ","- ",32.708160400390625,-114.98863983154297,IMPERIAL,UNINCORPORATED,-114.98863983154297,32.708148956298828
91494019,2021,2021-06-10,9625,2021-06-02,1620,019667,,3,2,9,1300,0,1,1,,2,003,"EASTBOUND INTERSTATE 8","WESTSIDE ROAD",2400.00,W,N,A,-,Y,,,8,,,,,,,N,2,0,3,1,A,-,08,22107,,N,F,I,A,A,H,-,A,D,0,,,,,Y,,E,22,1,1,1,0,0,0,0,0,0,"- ","- ",32.773891448974609,-115.74105834960938,IMPERIAL,UNINCORPORATED,-115.74105834960938,32.773906707763672
91501808,2021,2021-06-21,9625,2021-06-14,1828,018792,,1,2,9,1300,0,3,5,,2,010,"KALIN ROAD","WALKER ROAD",320.00,S,N,A,-,N,,,,,,,,,,Y,2,0,1,1,A,-,01,23152,A,N,F,A,A,A,H,-,A,D,0,,,,,Y,Y,D,22,1,0,0,0,0,0,0,0,0,"- ","- ",33.072669982910156,-115.57850646972656,IMPERIAL,UNINCORPORATED,-115.57883453369141,33.074249267578125
91513807,2021,2021-07-06,9620,2021-05-16,2025,018535,,7,2,9,1300,0,1,1,,2,082,"INTERSTATE 8 EASTBOUND","OGILBY ROAD",6442.00,E,N,A,-,Y,,,8,,,,,,E,Y,1,1,1,3,A,-,11,21954,A,N,G,B,D,A,H,-,D,D,0,Y,,,,Y,,N,60,1,0,0,1,1,0,0,0,0,"- ","- ",32.756828308105469,-114.81619262695312,IMPERIAL,UNINCORPORATED,-114.81616973876953,32.756931304931641
91518854,2021,2021-07-13,9625,2021-05-29,1431,018933,,6,2,9,1300,0,1,1,,2,001,"I-8 E/B","MOUNTAIN SPRINGS ROAD",1180.00,W,N,A,-,Y,,,8,,,,,,E,Y,1,1,0,1,A,-,03,22350,,N,E,I,A,A,H,-,A,D,0,,,Y,,Y,,C,02,0,0,0,0,0,0,0,1,0,"- ","- ",32.677780151367188,-116.10302734375,IMPERIAL,UNINCORPORATED,-116.10302734375,32.677745819091797
91520990,2021,2021-07-15,9625,2021-07-06,0935,018468,,2,1,9,1300,0,1,1,,2,003,"INTERSTATE 8 (E/B)","DUNAWAY ROAD",0.00,,N,A,-,Y,,,8,,,,,,,Y,2,0,5,1,A,-,08,22107,,N,F,A,A,A,H,-,A,D,0,,,,,Y,,A,07,2,2,1,0,0,0,0,0,0,"- ","- ",32.768741607666016,-115.80021667480469,IMPERIAL,UNINCORPORATED,-115.80023193359375,32.768802642822266
91535858,2021,2021-08-03,9625,2021-07-25,0229,021107,,7,3,9,1300,0,1,3,,1,044,"STATE ROUTE 86 NORTHBOUND","AUSTIN ROAD",2482.00,N,N,A,-,Y,,,86,,,,,,N,N,2,0,1,2,A,-,11,21954,A,N,G,B,E,A,H,-,D,D,0,Y,,,,Y,Y,N,60,1,0,0,0,1,0,0,0,0,"- ","- ",32.953330993652344,-115.55966186523438,IMPERIAL,UNINCORPORATED,-115.5596923828125,32.953414916992188
91536865,2021,2021-08-04,9625,2021-07-24,0555,019582,,6,3,9,1300,0,3,5,,2,010,"FREDRICKS ROAD","ELDER ROAD",0.00,,Y,A,-,N,,,,,,,,,,Y,2,0,1,1,A,-,01,23152,A,N,E,I,A,A,H,-,A,A,0,,,,,Y,Y,A,01,1,0,0,0,0,0,0,0,0,"- ","- ",32.998981475830078,-115.58907318115234,IMPERIAL,UNINCORPORATED,-115.58970642089844,32.998950958251953
91537635,2021,2021-08-05,9625,2021-08-02,1700,019668,,1,2,9,1300,0,1,3,,2,053,"SR-111 S/B","HEBER ROAD",446.00,S,N,A,-,Y,,,111,,,,,,S,Y,2,0,1,2,A,-,03,22350,,N,C,C,A,A,A,-,A,D,0,,,Y,,Y,,C,02,1,0,0,0,0,0,0,0,1,"- ","- ",32.729408264160156,-115.50057220458984,IMPERIAL,UNINCORPORATED,-115.50038909912109,32.729412078857422
91538758,2021,2021-08-06,9625,2021-07-27,0533,020263,,2,3,9,1300,0,1,3,,2,053,"SR-111 S/B",SR-86,0.00,,Y,A,-,Y,,,111,,,,,,S,Y,2,0,2,2,A,-,12,21453,A,N,D,C,A,A,H,-,B,A,0,,,,,Y,,A,07,1,0,1,0,0,0,0,0,0,"- ","- ",32.730659484863281,-115.50050354003906,IMPERIAL,UNINCORPORATED,-115.50040435791016,32.730663299560547
91541471,2021,2021-08-10,9620,2021-07-12,2038,019291,,1,2,9,1300,0,1,1,,2,081,"I-8 W/B","GORDONS WELL RD",7920.00,W,N,A,-,Y,,,8,,,,,,W,N,1,1,0,2,A,-,11,21954,A,N,G,B,D,A,H,-,D,D,0,Y,,,,Y,,N,60,0,0,0,1,0,0,0,0,0,"- ","- ",32.710491180419922,-114.93183135986328,IMPERIAL,UNINCORPORATED,-114.93182373046875,32.710472106933594
91542841,2021,2021-08-11,9625,2021-08-03,1400,021107,,2,2,9,1300,0,1,3,,1,044,"STATE ROUTE 86 S/B","AUSTIN ROAD",3300.00,N,N,A,-,Y,,,86,,,,,,S,Y,2,0,3,2,A,-,03,22350,,N,C,C,A,A,H,-,A,D,0,,,,,Y,,D,22,1,1,1,0,0,0,0,0,0,"- ","- ",32.95452880859375,-115.55716705322266,IMPERIAL,UNINCORPORATED,-115.55714416503906,32.9544677734375
91546221,2021,2021-08-16,9620,2021-08-07,1835,018535,,6,2,9,1300,0,2,4,,1,061,"S-34 (OGILBY ROAD)","INDIAN PASS ROAD",12144.00,S,N,A,G,N,,,,,,,,,,Y,2,0,1,2,A,-,08,22107,,N,E,I,A,A,H,-,B,D,0,,,,,Y,,A,01,1,0,0,0,0,0,0,0,0,"- ","- ",32.928020477294922,-114.8424072265625,IMPERIAL,UNINCORPORATED,,
91554188,2021,2021-08-25,9625,2021-06-22,0145,020263,,2,3,9,1300,0,1,3,,1,021,SR-111,"BAUGHMAN ROAD",210.00,N,N,A,-,Y,,,111,,,,,,,N,1,1,0,2,A,-,00,21971,,F,G,B,E,A,H,-,D,D,0,Y,,,,Y,,N,60,0,0,0,1,0,0,0,0,0,"- ","- ",33.031230926513672,-115.52671813964844,IMPERIAL,UNINCORPORATED,-115.52687835693359,33.031230926513672
91557211,2021,2021-08-27,9625,2021-07-14,1430,018792,,3,2,9,1300,0,2,4,,2,047,"FORRESTER ROAD","CADY ROAD",2534.00,N,N,A,-,N,,,,,,,,,,Y,1,1,2,1,A,-,01,23152,A,N,F,A,A,A,H,-,A,D,0,,,,,Y,Y,D,22,2,0,0,0,0,0,0,0,0,"- ","- ",32.984329223632812,-115.62403869628906,IMPERIAL,UNINCORPORATED,-115.62407684326172,32.984317779541016
91558243,2021,2021-08-30,9625,2021-08-22,1910,019667,,7,2,9,1300,0,1,3,,1,054,"KEYSTONE ROAD",SR-111,0.00,,Y,A,-,Y,,,,,,,,,,N,2,0,5,2,A,-,12,21453,A,N,D,C,A,A,H,-,B,A,0,,,,,Y,,A,01,4,1,0,0,0,0,0,0,0,"- ","- ",32.913959503173828,-115.50927734375,IMPERIAL,UNINCORPORATED,-115.50896453857422,32.912666320800781
91561054,2021,2021-09-02,9625,2021-08-24,0730,017727,,2,1,9,1300,0,1,3,,1,012,"SR-86 S/B","NORM NIVER ROAD",60.00,S,N,A,-,Y,,,86,,,,,,S,Y,2,0,1,1,A,-,08,22107,,N,E,8,A,A,H,-,A,D,0,,,,,Y,,A,01,1,0,0,0,0,0,0,0,0,"- ","- ",33.357200622558594,-116.018798828125,IMPERIAL,UNINCORPORATED,-116.01877593994141,33.357208251953125
91565516,2021,2021-09-08,9625,2021-09-07,1515,018468,,2,2,9,1300,0,3,5,,2,010,"INDIAN OCEAN AVENUE","STARDUST AVENUE",24.00,E,N,A,-,N,,,,,,,,,,N,2,0,1,1,A,-,08,22107,,N,E,I,A,A,H,-,A,D,0,,,Y,,Y,,C,06,1,0,0,0,0,0,0,0,1,"- ","- ",33.336681365966797,-115.97157287597656,IMPERIAL,UNINCORPORATED,-115.97173309326172,33.336688995361328
91565657,2021,2021-09-08,9625,2021-08-03,1535,019667,,2,2,9,1300,0,2,4,,2,046,"WILLOUGHBY ROAD","DOGWOOD ROAD",0.00,,Y,A,-,N,,,,,,,,,,Y,1,1,1,2,A,-,09,21802,A,N,D,C,A,A,H,-,A,A,0,,,,,Y,,A,07,0,1,0,0,0,0,0,0,0,"- ","- ",32.708480834960938,-115.53388977050781,IMPERIAL,UNINCORPORATED,-115.53408050537109,32.708446502685547
91566568,2021,2021-09-17,9625,2021-08-30,0251,018978,,1,3,9,1300,0,1,1,,2,006,"INTERSTATE 8 W/B","DOGWOOD ROAD",4860.00,E,N,A,-,Y,,,8,,,,,,W,Y,2,0,1,2,A,-,01,23152,A,N,C,C,A,A,H,-,C,D,0,,,,,Y,Y,A,01,1,0,0,0,0,0,0,0,0,"- ","- ",32.773708343505859,-115.5189208984375,IMPERIAL,UNINCORPORATED,-115.5189208984375,32.773990631103516
91571951,2021,2021-09-16,9625,2021-09-07,0420,018930,,2,3,9,1300,0,3,5,,2,050,"COLE ROAD","PRUETT ROAD",241.00,W,N,A,-,N,,,,,,,,,,Y,2,0,1,1,A,-,08,22107,,N,E,I,A,A,H,-,C,D,0,,,Y,,Y,,C,02,1,0,0,0,0,0,0,0,1,"- ","- ",32.694011688232422,-115.51423645019531,IMPERIAL,UNINCORPORATED,-115.51213836669922,32.6939697265625
91594163,2021,2021-10-12,9625,2021-08-30,1500,019668,,1,2,9,1300,0,1,1,,2,001,"I-8 E/B","IN KO PAH PARK ROAD",4732.00,E,N,A,-,Y,,,8,,,,,,E,Y,1,1,0,1,A,-,08,22107,,N,E,I,A,A,H,-,A,D,0,,,,,Y,,A,07,0,0,0,0,0,0,0,0,0,"- ","- ",32.653911590576172,-116.09877014160156,IMPERIAL,UNINCORPORATED,-116.09872436523438,32.653873443603516
91604106,2021,2021-10-22,9620,2021-09-29,0500,014306,,3,3,9,1300,0,1,1,,2,081,"I-8 E/B","BROCK RESEARCH CENTER RD.",10032.00,E,N,B,-,Y,,,8,,,,,,E,N,1,1,0,2,A,-,11,21954,A,N,G,B,D,A,H,-,D,D,0,Y,,,,Y,,N,60,0,0,0,1,0,0,0,0,0,"- ","- ",32.707820892333984,-115.00196838378906,IMPERIAL,UNINCORPORATED,-115.00196838378906,32.707771301269531
91608047,2021,2021-10-27,9625,2021-10-21,1905,020263,,4,2,9,1300,0,1,3,,2,052,SR-98,I-8,29146.00,W,N,A,-,N,,,98,,,,,,,Y,2,0,9,2,A,-,08,22107,,N,D,C,A,A,H,-,D,D,0,,,,,Y,,D,22,7,2,0,0,0,0,0,0,0,"- ","- ",32.711391448974609,-115.18316650390625,IMPERIAL,UNINCORPORATED,-115.18317413330078,32.711246490478516
91627568,2021,2021-11-17,9625,2021-11-06,0135,020996,,6,3,9,1300,0,1,3,,1,021,SR-111,"RUTHERFORD ROAD",62.00,N,N,A,-,Y,,,111,,,,,,,Y,2,0,1,1,A,-,01,23152,A,N,F,C,A,A,H,-,D,D,0,,,,,Y,Y,A,07,1,0,0,0,0,0,0,0,0,"- ","- ",33.044998168945312,-115.52729797363281,IMPERIAL,UNINCORPORATED,-115.52728271484375,33.044998168945312
91648822,2021,2021-12-10,9625,2021-12-03,1715,020263,,5,2,9,1300,0,3,5,,2,020,"E. WIRT ROAD","HASTAIN ROAD",7920.00,W,N,A,-,N,,,,,,,,,,Y,2,0,1,1,A,-,08,22107,,N,F,A,A,A,H,-,D,D,0,,,,,Y,,A,07,1,0,0,0,0,0,0,0,0,"- ","- ",33.125659942626953,-115.42771148681641,IMPERIAL,UNINCORPORATED,-115.44124603271484,33.125724792480469
91651638,2021,2021-12-14,9625,2021-12-07,1330,018368,,2,1,9,1300,0,2,4,,2,046,"DOGWOOD ROAD","CAREY ROAD",2587.00,N,N,A,-,N,,,,,,,,,,Y,2,0,1,1,A,-,08,22107,,N,F,A,A,A,H,-,A,D,0,,,,,Y,,D,22,1,0,0,0,0,0,0,0,0,"- ","- ",32.934410095214844,-115.53546142578125,IMPERIAL,UNINCORPORATED,-115.53554534912109,32.934341430664062
91662142,2021,2021-12-27,9625,2021-12-10,1956,018933,,5,2,9,1300,0,1,3,,2,023,SR-115,"SILLIMAN ROAD",0.00,,Y,A,-,Y,,,115,,,,,,,Y,2,0,1,2,A,-,03,22350,,N,C,C,A,A,H,-,D,D,0,,,Y,Y,Y,,G,25,1,0,0,0,0,0,0,0,1,"- ","- ",32.981899261474609,-115.44873809814453,IMPERIAL,UNINCORPORATED,-115.44874572753906,32.981899261474609
91663920,2021,2021-12-28,9625,2021-12-17,0955,016248,,5,1,9,1300,0,1,1,,2,004,"I-8 W/B","HOLDRIDGE ROAD",783.00,E,N,A,-,Y,,,8,,,,,,W,Y,2,0,2,1,A,-,08,22107,,N,F,A,A,A,H,-,A,D,0,,,,,Y,,A,01,1,1,0,0,0,0,0,0,0,"- ","- ",32.765361785888672,-115.27005004882812,IMPERIAL,UNINCORPORATED,-115.27016448974609,32.765037536621094
91665448,2021,2021-12-29,9625,2021-12-22,1415,019668,,3,2,9,1300,0,1,3,,2,055,SR-115,"HOYT ROAD",48.00,N,N,A,-,Y,,,115,,,,,,,Y,2,0,3,2,A,-,12,22450,A,N,D,C,A,A,H,-,A,A,0,,,Y,,Y,,C,06,1,2,0,0,0,0,0,0,2,"- ","- ",32.796821594238281,-115.31575012207031,IMPERIAL,UNINCORPORATED,-115.31572723388672,32.796848297119141
91669934,2021,2022-01-04,9625,2021-12-27,1100,018978,,1,1,9,1300,0,1,3,,1,011,"SR-86 S/B","KALIN ROAD",73.00,N,N,A,-,Y,,,86,,,,,,S,Y,2,0,2,2,A,-,03,22350,,N,C,C,A,A,H,-,A,D,0,,,,Y,Y,,A,01,2,0,0,0,0,0,0,0,0,"- ","- ",32.984909057617188,-115.57843017578125,IMPERIAL,UNINCORPORATED,-115.57839202880859,32.984939575195312
91673346,2021,2022-01-07,9625,2021-12-29,0252,019582,,3,3,9,1300,0,1,3,,2,052,SR-98,I-8,11616.00,W,N,A,-,Y,,,,,,,,,,Y,2,0,1,1,A,-,08,22107,,N,E,I,A,A,H,-,D,D,0,,,,,Y,,A,07,1,0,0,0,0,0,0,0,0,"- ","- ",32.714561462402344,-115.10265350341797,IMPERIAL,UNINCORPORATED,-115.08984375,32.7099609375
91695925,2021,2022-04-11,9620,2021-12-26,2203,020054,QUECH,7,3,9,1300,0,1,1,,2,082,"I-8 W/B","WINTERHAVEN DRIVE",3115.00,W,N,A,-,Y,,,8,,,,,,W,Y,1,1,0,2,A,-,11,21954,A,N,G,B,D,A,H,-,D,D,0,Y,,,,Y,,N,60,0,0,0,1,0,0,0,0,0,"- ","- ",32.737438201904297,-114.66013336181641,IMPERIAL,UNINCORPORATED,-114.66013336181641,32.7374267578125
91701141,2022,2022-02-15,9625,2022-02-03,1015,017727,,4,1,9,1300,0,1,3,,1,011,"SR-86 N/B","VENDEL ROAD",0.00,,Y,A,-,Y,IMP,,86,,R,32.526,H,,R,Y,2,0,3,2,A,-,01,23152,A,N,D,C,A,A,H,-,A,A,0,,,,,Y,Y,A,01,2,1,0,0,0,0,0,0,0,"- ","- ",33.03900146484375,-115.70780181884766,IMPERIAL,UNINCORPORATED,-115.70781707763672,33.038967132568359
91708107,2021,2022-03-07,9625,2021-06-26,1930,018792,,6,2,9,1300,0,2,4,,2,047,"ATEN ROAD","FORRESTER ROAD",0.00,,Y,A,-,N,,,,,,,,,,Y,1,1,6,2,A,-,12,22450,A,N,D,C,A,A,H,-,A,A,0,,,,,Y,,J,48,3,3,0,0,0,0,0,0,0,"- ","- ",32.825481414794922,-115.62074279785156,IMPERIAL,UNINCORPORATED,-115.61183166503906,32.810840606689453
91718214,2021,2022-03-08,9625,2021-08-14,0426,020738,,6,3,9,1300,0,1,3,,1,011,"SR-86 N/B","SR-78 EASTBOUND (BRAWLEY BYPASS)",0.00,,Y,A,-,Y,,,86,,,,,,N,N,1,1,2,2,A,-,01,23152,A,N,A,C,A,A,H,-,C,A,0,,,,,Y,Y,A,01,2,0,0,0,0,0,0,0,0,"- ","- ",32.999290466308594,-115.58876037597656,IMPERIAL,UNINCORPORATED,-115.58879089355469,32.999267578125
9172004,2020,2021-01-11,1304,2020-10-04,0610,358,,7,5,4,1304,0,0,0,,0,WEST,"E VILLA RD","DOGWOOD RD",754.00,W,N,A,-,N,,,,,,,,,,Y,2,0,1,1,A,-,01,23152,A,M,A,I,A,A,G,-,B,D,0,,,,,Y,Y,-,,1,0,0,0,0,0,0,0,0,"- ","- ",,,IMPERIAL,"EL CENTRO",-115.538141,32.803789999999999
91725448,2022,2022-03-17,9625,2022-02-13,0820,018368,,7,1,9,1300,0,3,5,,2,040,"ATEN ROAD","FORRESTER ROAD",1625.00,E,N,A,-,N,,,,,,,,,,Y,1,1,1,2,A,-,05,21650,,N,A,C,A,A,H,-,A,D,0,,,,,Y,,A,01,0,0,1,0,0,0,0,0,0,"- ","- ",32.825519561767578,-115.61540985107422,IMPERIAL,UNINCORPORATED,-115.60659790039062,32.810935974121094
91725463,2022,2022-05-25,9625,2022-02-09,0920,018368,,3,1,9,1300,0,1,3,,1,011,"STATE ROUTE 86 N/B","KALIN ROAD",0.00,,Y,A,-,Y,IMP,,86,,R,22.869,H,,R,N,1,1,0,2,A,-,09,21802,,N,F,A,A,A,H,-,A,D,0,,,Y,,Y,,A,01,0,0,0,0,0,0,0,1,0,"- ","- ",32.984851837158203,-115.57790374755859,IMPERIAL,UNINCORPORATED,-115.57788848876953,32.984855651855469
91728011,2022,2022-04-07,9625,2022-03-19,1730,018468,,6,2,9,1300,0,2,4,,2,047,"FORRESTER ROAD","ANDRE ROAD",2836.00,N,N,A,-,N,,,,,,,,,,Y,1,1,2,1,A,-,01,23152,A,N,F,A,A,A,H,-,A,D,0,,,,,Y,Y,A,01,0,2,0,0,0,0,0,0,0,"- ","- ",33.023391723632812,-115.62151336669922,IMPERIAL,UNINCORPORATED,-115.62153625488281,33.023342132568359
91728022,2022,2022-03-21,9625,2022-01-03,1239,016248,,1,1,9,1300,0,1,1,,2,006,"INTERSTATE 8 W/B","METS ROAD",1339.00,W,N,A,-,Y,IMP,,8,,R,46.848,H,,L,Y,1,1,3,2,A,-,08,22107,,N,A,C,A,A,H,-,A,D,0,,,,,Y,,D,22,3,0,0,0,0,0,0,0,0,"- ","- ",32.773521423339844,-115.3997802734375,IMPERIAL,UNINCORPORATED,-115.3997802734375,32.773506164550781
91731288,2022,2022-03-24,9625,2022-03-20,1447,018468,,7,2,9,1300,0,3,5,,2,010,"AUSTIN ROAD","KEYSTONE ROAD",5016.00,N,N,A,-,N,,,,,,,,,,N,2,0,1,1,A,-,03,22350,,N,E,I,A,A,H,-,A,D,0,,,Y,,Y,,C,02,1,0,0,0,0,0,0,0,1,"- ","- ",32.926288604736328,-115.59494018554688,IMPERIAL,UNINCORPORATED,-115.59491729736328,32.926258087158203
91735984,2022,2022-03-30,9625,2022-03-20,2040,018368,,7,2,9,1300,0,1,3,,2,052,SR-98,"BARBARA WORTH ROAD",0.00,,Y,A,-,Y,IMP,,98,,,36.630,H,,R,Y,2,0,4,2,A,-,01,23152,A,N,D,C,A,A,H,-,D,A,0,,,,,Y,Y,D,22,1,3,0,0,0,0,0,0,0,"- ","- ",32.693840026855469,-115.43096923828125,IMPERIAL,UNINCORPORATED,-115.43096923828125,32.693866729736328
91743426,2022,2022-04-07,9625,2022-01-23,0423,020516,,7,3,9,1300,0,2,4,,2,046,"DOGWOOD ROAD","ATEN ROAD",1267.00,N,N,B,-,N,,,,,,,,,,Y,1,1,0,1,A,-,01,23152,G,N,E,I,A,A,H,-,D,D,0,,,,,Y,Y,A,01,0,0,0,0,0,0,0,0,0,"- ","- ",32.828990936279297,-115.53572845458984,IMPERIAL,UNINCORPORATED,-115.53571319580078,32.828891754150391
91744753,2022,2022-04-11,9620,2022-03-21,2500,019333,,1,4,9,1300,0,1,3,,1,063,SR-78,"MIDWAY WELL RD",16368.00,W,N,A,-,Y,IMP,,78,,,59.036,H,,R,Y,1,1,0,1,A,-,08,22107,,N,F,A,A,A,H,-,D,D,0,,,,,Y,,D,22,0,0,0,0,0,0,0,0,0,"- ","- ",33.173309326171875,-114.86768341064453,IMPERIAL,UNINCORPORATED,-114.86756134033203,33.173282623291016
91749301,2022,2022-04-15,9625,2022-04-06,2350,021232,,3,3,9,1300,0,1,3,,1,042,SR-98,"KEFFER ROAD",2693.00,E,N,A,-,Y,IMP,,98,,,40.577,H,,R,Y,2,0,5,2,A,-,21,22106,,N,D,C,A,A,H,-,D,D,0,,,,Y,Y,,G,25,1,4,0,0,0,0,0,0,0,"- ","- ",32.693729400634766,-115.36318206787109,IMPERIAL,UNINCORPORATED,-115.36318206787109,32.693798065185547