CASE_ID,ACCIDENT_YEAR,PROC_DATE,JURIS,COLLISION_DATE,COLLISION_TIME,OFFICER_ID,REPORTING_DISTRICT,DAY_OF_WEEK,CHP_SHIFT,POPULATION,CNTY_CITY_LOC,SPECIAL_COND,BEAT_TYPE,CHP_BEAT_TYPE,CITY_DIVISION_LAPD,CHP_BEAT_CLASS,BEAT_NUMBER,PRIMARY_RD,SECONDARY_RD,DISTANCE,DIRECTION,INTERSECTION,WEATHER_1,WEATHER_2,STATE_HWY_IND,CALTRANS_COUNTY,CALTRANS_DISTRICT,STATE_ROUTE,ROUTE_SUFFIX,POSTMILE_PREFIX,POSTMILE,LOCATION_TYPE,RAMP_INTERSECTION,SIDE_OF_HWY,TOW_AWAY,COLLISION_SEVERITY,NUMBER_KILLED,NUMBER_INJURED,PARTY_COUNT,PRIMARY_COLL_FACTOR,PCF_CODE_OF_VIOL,PCF_VIOL_CATEGORY,PCF_VIOLATION,PCF_VIOL_SUBSECTION,HIT_AND_RUN,TYPE_OF_COLLISION,MVIW,PED_ACTION,ROAD_SURFACE,ROAD_COND_1,ROAD_COND_2,LIGHTING,CONTROL_DEVICE,CHP_ROAD_TYPE,PEDESTRIAN_ACCIDENT,BICYCLE_ACCIDENT,MOTORCYCLE_ACCIDENT,TRUCK_ACCIDENT,NOT_PRIVATE_PROPERTY,ALCOHOL_INVOLVED,STWD_VEHTYPE_AT_FAULT,CHP_VEHTYPE_AT_FAULT,COUNT_SEVERE_INJ,COUNT_VISIBLE_INJ,COUNT_COMPLAINT_PAIN,COUNT_PED_KILLED,COUNT_PED_INJURED,COUNT_BICYCLIST_KILLED,COUNT_BICYCLIST_INJURED,COUNT_MC_KILLED,COUNT_MC_INJURED,PRIMARY_RAMP,SECONDARY_RAMP,LATITUDE,LONGITUDE,COUNTY,CITY,POINT_X,POINT_Y
91751405,2022,2022-04-19,9625,2022-04-09,2200,021232,,6,3,9,1300,0,3,5,,2,010,"SAND CREST DRIVE","VENICE AVENUE",500.00,E,N,A,-,N,,,,,,,,,,Y,2,0,1,1,A,-,08,22107,,N,E,I,A,A,H,-,D,D,0,,,Y,,Y,Y,C,06,1,0,0,0,0,0,0,0,1,"- ","- ",33.291648864746094,-115.93318176269531,IMPERIAL,UNINCORPORATED,-115.93302917480469,33.290725708007812
91754425,2022,2022-04-22,9625,2022-04-12,0710,018933,,2,1,9,1300,0,3,5,,2,010,"SEA KIST AVENUE","SEA PEARL AVENUE",55.50,W,N,A,-,N,,,,,,,,,,Y,2,0,1,1,A,-,08,22107,,N,F,A,A,A,H,-,A,D,0,,,,,Y,,A,01,1,0,0,0,0,0,0,0,0,"- ","- ",33.316261291503906,-115.95169830322266,IMPERIAL,UNINCORPORATED,-115.95177459716797,33.316215515136719
91755556,2022,2022-04-25,9625,2022-01-16,2030,019667,,7,2,9,1300,0,1,3,,1,042,"STATE ROUTE 98","IMPERIAL HIGHWAY",3126.00,E,N,A,-,Y,IMP,,98,,,2.105,H,,R,Y,1,1,0,2,A,-,06,21751,,N,A,C,A,A,H,-,D,D,0,,,Y,,Y,,A,01,0,0,0,0,0,0,0,1,0,"- ","- ",32.724838256835938,-115.98567199707031,IMPERIAL,UNINCORPORATED,-115.98567199707031,32.724826812744141
91755670,2022,2022-04-25,9625,2022-04-12,0216,019582,,2,3,9,1300,0,1,3,,1,044,"SR-86 N/B","AUSTIN RD.",847.00,S,N,A,-,Y,IMP,,86,,,17.822,H,,R,Y,2,0,2,1,A,-,01,23152,A,N,E,I,A,A,H,-,C,D,0,,,,,Y,Y,A,01,1,1,0,0,0,0,0,0,0,"- ","- ",32.948959350585938,-115.56932830810547,IMPERIAL,UNINCORPORATED,-115.56929016113281,32.948936462402344
91757665,2022,2022-04-27,9625,2022-04-18,2202,019582,,1,3,9,1300,0,3,5,,2,010,"BORREGO SALTON SEA WAY (S22)","MARINA DR.",6174.00,W,N,A,-,N,,,,,,,,,,Y,2,0,2,1,A,-,08,22107,,N,E,J,A,A,H,-,D,D,0,,,,,Y,,A,01,2,0,0,0,0,0,0,0,0,"- ","- ",33.27349853515625,-116.04440307617188,IMPERIAL,UNINCORPORATED,-116.04558563232422,33.273967742919922
91769631,2022,2022-05-11,9625,2022-04-29,1505,018930,,5,2,9,1300,0,2,4,,2,057,SR-115,"EVAN HEWES HIGHWAY",0.00,,Y,A,-,Y,IMP,,115,,,9.543,H,,R,Y,2,0,2,2,A,-,09,21801,A,N,D,C,A,A,H,-,A,A,0,,,Y,,Y,,A,01,1,0,1,0,0,0,0,0,1,"- ","- ",32.805770874023438,-115.40612030029297,IMPERIAL,UNINCORPORATED,-115.40611267089844,32.805770874023438
91776302,2022,2022-05-19,9625,2022-02-14,1820,022010,,1,2,9,1300,0,1,3,,1,012,"STATE ROUTE 86 N/B","TREADWELL BOULEVARD",5808.00,N,N,A,-,Y,IMP,,86,,,61.188,H,,R,Y,1,1,0,2,A,-,11,21956,A,F,G,B,E,A,H,-,D,D,0,Y,,,Y,Y,,N,60,0,0,0,1,0,0,0,0,0,"- ","- ",33.341670989990234,-116.01061248779297,IMPERIAL,UNINCORPORATED,-116.01059722900391,33.341678619384766
91805327,2022,2022-06-28,9625,2022-06-20,1954,019582,,1,2,9,1300,0,3,5,,2,050,"PITZER ROAD","MCCABE ROAD",0.00,,Y,A,-,N,,,,,,,,,,Y,2,0,2,2,A,-,09,21801,A,N,D,C,A,A,H,-,A,A,0,,,,,Y,,A,01,1,0,1,0,0,0,0,0,0,"- ","- ",32.752490997314453,-115.51760864257812,IMPERIAL,UNINCORPORATED,-115.51763153076172,32.752456665039062
91805844,2022,2022-06-29,9625,2022-06-05,0705,017727,,7,1,9,1300,0,1,3,,2,025,"STATE ROUTE 78","BUTTERS ROAD",0.00,,Y,A,-,Y,IMP,,78,,,23.141,H,,R,Y,1,1,1,2,A,-,09,21802,A,N,D,C,A,A,H,-,A,A,0,,,,,Y,,A,01,0,1,0,0,0,0,0,0,0,"- ","- ",32.974658966064453,-115.37178039550781,IMPERIAL,UNINCORPORATED,-115.37178039550781,32.974662780761719
91814967,2022,2022-07-12,9625,2022-07-04,0155,020516,,1,3,9,1300,0,3,5,,2,020,"GENTRY ROAD","WALKER ROAD",60.00,S,N,A,-,N,,,,,,,,,,Y,2,0,1,1,A,-,03,22350,,N,E,J,A,A,H,-,D,A,0,,,,,Y,,A,01,1,0,0,0,0,0,0,0,0,"- ","- ",33.075111389160156,-115.61466979980469,IMPERIAL,UNINCORPORATED,-115.61444854736328,33.075550079345703
91818883,2022,2022-07-18,9625,2022-07-06,1240,018773,,3,1,9,1300,0,1,1,,2,005,"INTERSTATE 8 E/B FROM SR-111 S/B","SR-111 S/B",99.00,W,N,A,-,Y,IMP,,8,,R,40.909,H,,R,Y,2,0,1,1,A,-,03,22350,,N,F,A,A,A,H,-,A,D,0,,,,Y,Y,,G,27,1,0,0,0,0,0,0,0,0,"- ","- ",32.773658752441406,-115.50180816650391,IMPERIAL,UNINCORPORATED,-115.50180816650391,32.773674011230469
91824547,2022,2022-07-25,9625,2022-07-15,2040,019668,,5,2,9,1300,0,1,3,,1,054,"SR-111 (S/B)","EVAN HEWES HIGHWAY",415.00,N,N,A,-,Y,IMP,,111,,R,9.575,H,,L,Y,2,0,2,5,A,-,03,22350,,N,C,C,A,A,H,-,D,A,0,,,,Y,Y,,G,25,1,1,0,0,0,0,0,0,0,"- ","- ",32.800758361816406,-115.50074768066406,IMPERIAL,UNINCORPORATED,-115.50067138671875,32.800758361816406
91826410,2022,2022-07-27,9625,2022-06-01,1524,018792,,3,2,9,1300,0,1,3,,1,044,"STATE ROUTE 86 (S/B)","CAREY ROAD",42.00,N,N,A,-,Y,IMP,,86,,,16.331,H,,R,Y,1,1,0,2,A,-,03,22350,,N,C,C,A,A,H,-,A,D,0,,,,,Y,,A,01,0,0,0,0,0,0,0,0,0,"- ","- ",32.927268981933594,-115.57010650634766,IMPERIAL,UNINCORPORATED,-115.56996154785156,32.927268981933594
91840775,2022,2022-08-15,9620,2022-08-05,1640,018535,,5,2,9,1300,0,1,3,,1,063,SR-78,"MITCHELLS CAMP ROAD",1584.00,E,N,A,-,Y,,,,,,,,,,N,2,0,3,1,A,-,08,22107,,N,E,I,A,A,H,-,A,D,0,,,,,Y,,A,08,1,0,2,0,0,0,0,0,0,"- ","- ",33.311370849609375,-114.73600769042969,IMPERIAL,UNINCORPORATED,-114.727294921875,33.327335357666016
91842729,2022,2022-08-17,9625,2022-08-09,1010,017727,,2,1,9,1300,0,1,3,,1,012,"SR-86 (S/B)","COOLIDGE SPRINGS  ROAD",2140.00,S,N,A,-,Y,IMP,,86,,,66.561,H,,L,Y,2,0,1,2,A,-,08,22107,,N,B,C,A,A,H,-,A,D,0,,,,Y,Y,,A,07,1,0,0,0,0,0,0,0,0,"- ","- ",33.411361694335938,-116.04765319824219,IMPERIAL,UNINCORPORATED,-116.047607421875,33.411365509033203
91842774,2022,2022-08-17,9625,2022-08-07,0200,021232,,7,3,9,1300,0,1,1,,2,001,"INTERSTATE 8 (E/B)","IN KO PAH PARK ROAD",2112.00,S,N,A,-,Y,IMP,,8,,R,1.133,H,,R,Y,2,0,1,1,A,-,08,22107,,N,E,I,A,A,H,-,D,D,0,,,,,Y,,A,07,1,0,0,0,0,0,0,0,0,"- ","- ",32.658920288085938,-116.09754180908203,IMPERIAL,UNINCORPORATED,-116.09748840332031,32.658943176269531
91843304,2022,2022-08-18,9625,2022-08-08,1319,018773,,1,1,9,1300,0,1,3,,1,021,SR-111,"RUTHERFORD ROAD",2150.00,N,N,A,-,Y,IMP,,111,,,26.930,H,,R,Y,2,0,2,2,C,-,18,,,N,C,C,A,A,H,-,A,D,0,,,,,Y,,-,"- ",1,1,0,0,0,0,0,0,0,"- ","- ",33.048240661621094,-115.52668762207031,IMPERIAL,UNINCORPORATED,-115.52675628662109,33.048248291015625
91846433,2022,2022-08-23,9625,2022-08-12,0515,018773,,5,3,9,1300,0,1,3,,1,054,"SR-111 (S/B)","HARRIS ROAD",4421.00,S,N,A,-,Y,IMP,,111,,R,14.623,H,,L,Y,2,0,1,2,A,-,08,22107,,N,C,C,A,A,H,-,B,D,0,,,,Y,Y,,A,01,1,0,0,0,0,0,0,0,0,"- ","- ",32.872600555419922,-115.50935363769531,IMPERIAL,UNINCORPORATED,-115.50928497314453,32.872600555419922
91850919,2022,2022-08-26,9625,2022-07-10,1440,020996,,7,2,9,1300,0,1,1,,2,005,"INTERSTATE 8 (E/B)","STATE ROUTE 115",290.00,W,N,A,-,Y,IMP,,8,,R,53.438,H,,R,Y,1,1,1,1,A,-,08,22107,,N,F,A,A,A,H,-,A,D,0,,,,,Y,,A,07,1,0,0,0,0,0,0,0,0,"- ","- ",32.773059844970703,-115.28661346435547,IMPERIAL,UNINCORPORATED,-115.28662109375,32.773021697998047
91862698,2022,2022-09-12,9625,2022-07-12,2130,022010,,2,2,9,1300,0,1,3,,1,012,"COOMBS ROAD","STATE ROUTE 86",22.00,E,N,A,-,Y,,,,,,,,,,Y,2,0,2,2,A,-,03,22350,,F,C,C,A,A,H,-,D,D,0,,,,,Y,,A,01,1,1,0,0,0,0,0,0,0,"- ","- ",33.323970794677734,-115.99697875976562,IMPERIAL,UNINCORPORATED,-115.99704742431641,33.323585510253906
91873210,2022,2022-09-26,9625,2022-08-15,0900,017727,,1,1,9,1300,0,1,3,,1,021,SR-111,"YOCUM ROAD",10.00,S,N,A,-,Y,IMP,,111,,,31.511,H,,R,Y,1,1,0,2,A,-,11,21956,A,N,G,B,D,A,H,-,A,D,0,Y,,,,Y,,N,60,0,0,0,1,0,0,0,0,0,"- ","- ",33.111099243164062,-115.51480102539062,IMPERIAL,UNINCORPORATED,-115.51479339599609,33.111099243164062
91883168,2022,2022-10-05,9625,2022-09-19,0245,020996,,1,3,9,1300,0,1,1,,2,001,"INTERSTATE 8 (E/B)","SR-98 OVERCROSSING",19008.00,W,N,A,-,Y,IMP,,8,,R,5.837,H,,R,Y,2,0,2,1,A,-,01,23152,A,F,E,J,A,A,H,-,D,D,0,,,,,Y,Y,A,07,1,0,1,0,0,0,0,0,0,"- ","- ",32.688930511474609,-116.06459045410156,IMPERIAL,UNINCORPORATED,-116.06449890136719,32.688892364501953
91884143,2022,2022-10-06,9625,2022-10-01,1640,021232,,6,2,9,1300,0,1,1,,2,006,"INTERSTATE 8 (W/B)",SR-111,528.00,E,N,A,-,Y,IMP,,8,,R,41.282,H,,L,Y,2,0,1,1,A,-,08,22107,,N,F,A,A,A,H,-,A,D,0,,,,,Y,,A,01,1,0,0,0,0,0,0,0,0,"- ","- ",32.773979187011719,-115.49542236328125,IMPERIAL,UNINCORPORATED,-115.49542236328125,32.773906707763672
91892151,2022,2022-10-17,9625,2022-10-15,1335,018468,,6,1,9,1300,0,1,1,,2,001,"INTERSTATE 8 (E/B)","OLD HIGHWAY 80",4752.00,E,N,B,C,Y,IMP,,8,,R,0.760,H,,R,N,2,0,2,1,A,-,03,22350,,N,E,8,A,B,H,-,A,D,0,,,,,Y,,D,22,1,1,0,0,0,0,0,0,0,"- ","- ",32.653938293457031,-116.09883880615234,IMPERIAL,UNINCORPORATED,-116.09872436523438,32.653873443603516
91893170,2022,2022-10-18,9625,2022-10-12,1120,017075,,3,1,9,1300,0,1,3,,1,022,"STATE ROUTE 111","NILAND MARINA RD",4752.00,N,N,A,-,Y,IMP,,111,,,52.824,H,,R,Y,2,0,1,1,A,-,08,22107,,N,E,I,A,A,H,-,A,D,0,,,,,Y,,D,22,1,0,0,0,0,0,0,0,0,"- ","- ",33.365928649902344,-115.66156768798828,IMPERIAL,UNINCORPORATED,-115.66155242919922,33.365970611572266
91931761,2022,2022-12-01,9625,2022-11-20,0020,020516,,7,3,9,1300,0,3,5,,2,020,"OLD HIGHWAY 111","SCHARTZ ROAD",800.00,N,N,A,-,Y,,,,,,,,,,Y,2,0,1,1,A,-,01,23152,A,N,E,J,A,A,H,-,D,D,0,,,Y,,Y,Y,C,02,1,0,0,0,0,0,0,0,1,"- ","- ",32.943931579589844,-115.50993347167969,IMPERIAL,UNINCORPORATED,-115.50910949707031,32.943943023681641
91931857,2022,2022-12-01,9625,2022-11-20,1806,018978,,7,2,9,1300,0,1,3,,1,012,"SR-86 S/B","NORM NIVER ROAD",0.00,,Y,A,-,Y,IMP,,86,,,62.378,H,,L,Y,2,0,3,2,A,-,09,21802,A,N,D,C,A,A,H,-,C,A,0,,,,,Y,,D,22,1,2,0,0,0,0,0,0,0,"- ","- ",33.357379913330078,-116.01878356933594,IMPERIAL,UNINCORPORATED,-116.01882934570312,33.357368469238281
91948502,2022,2022-12-21,9625,2022-12-11,1600,018978,,7,2,9,1300,0,1,1,,2,001,"INTERSTATE 8 (E/B)","IN KO PAH PARK ROAD",2640.00,E,N,B,C,Y,IMP,,8,,R,1.148,H,,R,Y,2,0,1,1,A,-,01,23152,G,N,E,I,A,B,H,-,D,D,0,,,,,Y,Y,A,01,1,0,0,0,0,0,0,0,0,"- ","- ",32.659088134765625,-116.09773254394531,IMPERIAL,UNINCORPORATED,-116.09761810302734,32.659141540527344
91953247,2022,2022-12-27,9625,2022-12-15,1548,015623,,4,2,9,1300,0,3,5,,2,050,"VERDE SCHOOL ROAD","VENCIL ROAD",2640.00,W,N,A,-,N,,,,,,,,,,Y,2,0,1,2,A,-,05,21650,,N,B,C,A,A,H,-,A,D,0,,,,Y,Y,Y,A,01,1,0,0,0,0,0,0,0,0,"- ","- ",32.723331451416016,-115.36337280273438,IMPERIAL,UNINCORPORATED,-115.36267852783203,32.72320556640625
91954213,2022,2022-12-28,9625,2022-12-20,2310,020516,,2,3,9,1300,0,3,5,,2,020,"16TH DOG LANE","COACHELLA CANAL ROAD",582.00,W,N,A,-,N,,,,,,,,,,N,2,0,1,1,A,-,08,22107,,F,E,J,A,A,H,-,D,D,0,,,,,Y,Y,-,99,1,0,0,0,0,0,0,0,0,"- ","- ",33.262180328369141,-115.46456909179688,IMPERIAL,UNINCORPORATED,,
91958985,2022,2023-02-08,9625,2022-12-22,1325,017075,,4,1,9,1300,0,1,3,,2,014,"SR-78 (W/B) TO SR-86 (N/B)","SR-78 (W/B)",715.00,N,N,A,-,Y,IMP,,86,,R,24.197,H,,R,N,2,0,1,2,A,-,08,22107,,N,D,G,A,A,H,-,A,D,0,,Y,,,Y,,L,04,1,0,0,0,0,0,1,0,0,"- ","- ",33.001029968261719,-115.58995819091797,IMPERIAL,UNINCORPORATED,-115.59005737304688,33.000984191894531
91972320,2023,2023-01-19,9625,2023-01-07,"300 ",017727,,6,3,9,1300,0,3,5,,2,050,"COOPER RD","WIEST RD",0.00,,Y,A,-,N,,,,,,,,,,Y,2,0,1,1,A,-,01,23152,A,N,E,I,A,A,H,-,D,D,0,,,,,Y,Y,A,07,1,0,0,0,0,0,0,0,0,"- ","- ",32.909320831298828,-115.44899749755859,IMPERIAL,UNINCORPORATED,-115.44889831542969,32.909229278564453
91988456,2022,2023-02-07,9625,2022-11-20,1430,021232,,7,2,9,1300,0,2,4,,2,046,"DOGWOOD ROAD","RALPH ROAD",2112.00,N,N,A,-,Y,,,,,,,,,,Y,1,1,2,3,A,-,05,21650,,N,B,C,A,A,H,-,A,D,0,,,,,Y,,A,01,0,2,0,0,0,0,0,0,0,"- ","- ",32.875518798828125,-115.53553771972656,IMPERIAL,UNINCORPORATED,-115.53556823730469,32.874923706054688
91988502,2022,2023-02-07,9625,2022-11-20,1753,021232,,7,2,9,1300,0,1,1,,2,004,"INTERSTATE 8 (W/B)","DUNAWAY ROAD",19800.00,W,N,A,-,Y,IMP,,8,,R,19.792,H,,L,Y,1,1,1,2,A,-,01,23152,G,N,H,A,A,A,H,-,D,D,0,,,,,Y,Y,D,22,1,0,0,0,0,0,0,0,0,"- ","- ",32.757568359375,-115.86232757568359,IMPERIAL,UNINCORPORATED,-115.86232757568359,32.757549285888672
91991915,2022,2023-02-10,9625,2022-12-15,1435,018792,,4,2,9,1300,0,1,3,,1,011,"SR-86 N/B","SR-78 BYPASS",0.00,,Y,A,-,Y,IMP,,86,,R,24.054,H,,R,Y,1,1,2,2,A,-,12,21453,A,N,D,2,A,A,H,-,A,A,0,,,,,Y,,A,07,0,2,0,0,0,0,0,0,0,"- ","- ",32.999259948730469,-115.58872985839844,IMPERIAL,UNINCORPORATED,-115.58876800537109,32.999240875244141
91994066,2023,2023-02-14,9625,2023-01-31,1356,018792,,2,1,9,1300,0,1,3,,1,012,"SR-86 N/B","TREADWELL BLVD",0.00,,Y,A,-,Y,IMP,,86," "," ",60.037,H,,R,Y,2,0,2,2,A,-,09,21801,A,N,D,C,A,A,H,-,A,D,0,,,,,Y,,A,07,1,1,0,0,0,0,0,0,0,"- ","- ",33.327411651611328,-115.99996185302734,IMPERIAL,UNINCORPORATED,-115.99993133544922,33.327426910400391
92007248,2023,2023-03-01,9625,2023-02-20,2055,020516,,1,2,9,1300,0,1,1,,2,003,"INTERSTATE 8 (E/B)","FORRESTER ROAD",6970.00,E,N,A,-,Y,IMP,,8," ",R,35.315,H,,R,Y,2,0,1,2,A,-,03,22350,,N,C,C,A,A,H,-,D,D,0,,,,Y,Y,,A,08,1,0,0,0,0,0,0,0,0,"- ","- ",32.773788452148438,-115.59789276123047,IMPERIAL,UNINCORPORATED,-115.59789276123047,32.7738037109375
92019709,2023,2023-03-16,9625,2023-03-06,"607 ",018368,,1,1,9,1300,0,3,5,,2,040,"CLARK ROAD","HEBER ROAD",51.00,S,N,A,-,N,,,,,,,,,,Y,2,0,1,1,A,-,08,22107,,N,E,I,A,A,H,-,A,D,0,,,,,Y,,A,01,1,0,0,0,0,0,0,0,0,"- ","- ",32.730449676513672,-115.56027221679688,IMPERIAL,UNINCORPORATED,-115.56031799316406,32.730499267578125
92022807,2023,2023-03-20,9625,2023-03-08,"929 ",016248,,3,1,9,1300,0,2,4,,2,057,"EVAN HEWES HIGHWAY","BARBARA WORTH ROAD",46.00,E,N,A,-,N,,,,,,,,,,N,2,0,1,2,A,-,08,22107,,N,B,G,A,A,H,-,A,D,0,,Y,,,Y,,L,04,1,0,0,0,0,0,1,0,0,"- ","- ",32.803768157958984,-115.43031311035156,IMPERIAL,UNINCORPORATED,-115.43034362792969,32.803760528564453
92027448,2023,2023-03-23,9625,2023-03-12,1943,022010,,7,2,9,1300,0,3,5,,2,040,"EVAN HEWES HIGHWAY","EL CENTRO STREET",20.00,W,N,A,-,Y,,,,,,,,,,Y,2,0,1,1,A,-,03,22350,,N,E,8,A,A,H,-,C,D,0,,,Y,,Y,,C,02,1,0,0,0,0,0,0,0,1,"- ","- ",32.796440124511719,-115.67733001708984,IMPERIAL,UNINCORPORATED,-115.67723083496094,32.796375274658203
92032908,2023,2023-03-30,9625,2023-02-20,1938,019667,,1,2,9,1300,0,1,1,,2,004,"INTERSTATE 8 WESTBOUND","FORRESTER ROAD",6917.00,E,N,A,-,Y,IMP,,8," ",R,35.309,H,,L,Y,1,3,0,2,A,-,05,21651,B,N,A,C,A,A,H,-,D,D,0,,,,,Y,,A,01,0,0,0,0,0,0,0,0,0,"- ","- ",32.774040222167969,-115.59799957275391,IMPERIAL,UNINCORPORATED,-115.59799957275391,32.774078369140625
92040814,2023,2023-04-10,9625,2023-03-27,1435,022010,,1,2,9,1300,0,2,4,,2,046,"DOGWOOD ROAD","SCHARTZ ROAD",1267.00,S,N,A,-,N,,,,,,,,,,Y,2,0,1,1,A,-,08,22107,,N,F,A,A,A,H,-,A,D,0,,,,Y,Y,,F,21,1,0,0,0,0,0,0,0,0,"- ","- ",32.938251495361328,-115.53549957275391,IMPERIAL,UNINCORPORATED,-115.53554534912109,32.938327789306641
92045307,2023,2023-04-14,9625,2023-03-28,"130 ",020996,,2,3,9,1300,0,1,1,,2,003,"INTERSTATE 8 EASTBOUND","JEFFREY ROAD",2112.00,E,N,A,-,Y,IMP,,8," ",R,26.209,H,,R,Y,2,0,1,2,A,-,01,23152,A,F,C,E,A,A,H,-,D,D,0,,,,,Y,Y,A,01,1,0,0,0,0,0,0,0,0,"- ","- ",32.772991180419922,-115.75424194335938,IMPERIAL,UNINCORPORATED,-115.75424194335938,32.773082733154297
92054606,2023,2023-04-27,9625,2023-04-20,2122,018617,,4,2,9,1300,0,1,3,,1,054,"SR-111 (N/B)","WORTHINGTON ROAD",86.00,S,N,A,-,Y,IMP,,111," ",R,12.853,H,,R,Y,2,0,1,2,A,-,03,22350,,N,C,C,A,A,H,-,C,A,0,,,,Y,Y,,G,25,1,0,0,0,0,0,0,0,0,"- ","- ",32.847091674804688,-115.50734710693359,IMPERIAL,UNINCORPORATED,-115.50736999511719,32.847084045410156
92057003,2023,2023-04-28,9625,2023-04-19,1245,020516,,3,1,9,1300,0,1,3,,1,012,"SR-86 S/B","NORM NIVER ROAD",537.00,N,N,A,-,Y,IMP,,86," "," ",62.717,H,,L,Y,2,0,2,2,A,-,03,22350,,N,C,2,A,A,H,-,A,D,0,,,,,Y,,A,07,1,1,0,0,0,0,0,0,0,"- ","- ",33.36212158203125,-116.02030181884766,IMPERIAL,UNINCORPORATED,-116.02028656005859,33.36212158203125
92064073,2023,2023-05-08,9625,2023-04-27,1045,016248,,4,1,9,1300,0,1,3,,2,053,"SR-111 (S/B)","JASPER ROAD",32.00,N,N,A,-,Y,IMP,,111," ",R,3.236,H,,R,Y,2,0,1,2,A,-,03,22350,,N,C,C,A,A,H,-,A,A,0,,,Y,,Y,,C,02,1,0,0,0,0,0,0,0,1,"- ","- ",32.708869934082031,-115.49952697753906,IMPERIAL,UNINCORPORATED,-115.49932861328125,32.708869934082031
92066507,2022,2023-05-11,9620,2022-08-04,1030,016222,QUECH,4,1,9,1300,0,1,1,,2,082,"INTERSTATE 8 (E/B)","WINTERHAVEN DRIVE",7920.00,W,N,B,C,Y,IMP,,8,,R,93.464,H,,R,Y,1,1,6,3,A,-,03,22350,,N,C,C,A,A,H,-,A,D,0,,,,Y,Y,,G,25,3,0,3,0,0,0,0,0,0,"- ","- ",32.740139007568359,-114.67623138427734,IMPERIAL,UNINCORPORATED,-114.67628479003906,32.739925384521484
92067133,2023,2023-05-11,9625,2023-05-02,2105,018933,,2,2,9,1300,0,1,3,,1,021,SR-111,"POUND ROAD",1464.00,S,N,A,-,Y,IMP,,111," "," ",38.810,H,,R,Y,2,0,2,2,A,-,03,22350,,N,C,C,A,A,H,-,D,D,0,,,,,Y,,A,01,1,1,0,0,0,0,0,0,0,"- ","- ",33.216018676757812,-115.51899719238281,IMPERIAL,UNINCORPORATED,-115.51904296875,33.216018676757812
92104609,2023,2023-06-28,9625,2023-06-16,1050,018368,,5,1,9,1300,0,2,4,,2,045,"EVAN HEWES HIGHWAY","HIGGINS LANE",0.00,,Y,A,-,N,,,,,,,,,,Y,2,0,1,2,A,-,05,21752,D,N,C,C,A,A,H,-,A,D,0,,,,Y,Y,,A,01,1,0,0,0,0,0,0,0,0,"- ","- ",32.796581268310547,-115.60211944580078,IMPERIAL,UNINCORPORATED,-115.60212707519531,32.796577453613281
92117329,2023,2023-07-14,9625,2023-07-04,"620 ",019225,,2,1,9,1300,0,1,3,,1,011,"SR-86 (SOUTHBOUND)","BRAWLEY AVENUE",2800.00,S,N,A,-,Y,IMP,,86," "," ",63.086,H,,R,Y,2,0,1,1,A,-,08,22107,,N,E,I,A,A,H,-,A,D,0,,,,,Y,,A,01,1,0,0,0,0,0,0,0,0,"- ","- ",33.367298126220703,-116.02188873291016,IMPERIAL,UNINCORPORATED,-116.02168273925781,33.367359161376953
9211765,2020,2021-03-25,1302,2020-12-22,0447,CX187,1302,2,5,4,1302,0,0,0,,0,0C1,"V.V. WILLIAMS AV","C. QUIROZ ST",0.00,,Y,A,-,N,,,,,,,,,,Y,1,1,0,3,A,-,05,21650,A,F,B,E,A,A,H,-,C,D,0,,,,,Y,,M,94,0,0,0,0,0,0,0,0,0,"- ","- ",,,IMPERIAL,CALEXICO,-115.507568359375,32.682300567626953
92126414,2023,2023-07-26,9625,2023-07-16,"340 ",020771,,7,3,9,1300,0,1,1,,2,005,"I-8 E/B",SR-98,33792.00,W,N,A,-,Y,IMP,,8," ",R,59.347,H,,R,Y,2,0,3,2,A,-,03,22350,,N,C,C,A,A,H,-,C,D,0,,,,,Y,Y,A,07,2,0,1,0,0,0,0,0,0,"- ","- ",32.742839813232422,-115.19245910644531,IMPERIAL,UNINCORPORATED,-115.19245910644531,32.742847442626953