CASE_ID,ACCIDENT_YEAR,PROC_DATE,JURIS,COLLISION_DATE,COLLISION_TIME,OFFICER_ID,REPORTING_DISTRICT,DAY_OF_WEEK,CHP_SHIFT,POPULATION,CNTY_CITY_LOC,SPECIAL_COND,BEAT_TYPE,CHP_BEAT_TYPE,CITY_DIVISION_LAPD,CHP_BEAT_CLASS,BEAT_NUMBER,PRIMARY_RD,SECONDARY_RD,DISTANCE,DIRECTION,INTERSECTION,WEATHER_1,WEATHER_2,STATE_HWY_IND,CALTRANS_COUNTY,CALTRANS_DISTRICT,STATE_ROUTE,ROUTE_SUFFIX,POSTMILE_PREFIX,POSTMILE,LOCATION_TYPE,RAMP_INTERSECTION,SIDE_OF_HWY,TOW_AWAY,COLLISION_SEVERITY,NUMBER_KILLED,NUMBER_INJURED,PARTY_COUNT,PRIMARY_COLL_FACTOR,PCF_CODE_OF_VIOL,PCF_VIOL_CATEGORY,PCF_VIOLATION,PCF_VIOL_SUBSECTION,HIT_AND_RUN,TYPE_OF_COLLISION,MVIW,PED_ACTION,ROAD_SURFACE,ROAD_COND_1,ROAD_COND_2,LIGHTING,CONTROL_DEVICE,CHP_ROAD_TYPE,PEDESTRIAN_ACCIDENT,BICYCLE_ACCIDENT,MOTORCYCLE_ACCIDENT,TRUCK_ACCIDENT,NOT_PRIVATE_PROPERTY,ALCOHOL_INVOLVED,STWD_VEHTYPE_AT_FAULT,CHP_VEHTYPE_AT_FAULT,COUNT_SEVERE_INJ,COUNT_VISIBLE_INJ,COUNT_COMPLAINT_PAIN,COUNT_PED_KILLED,COUNT_PED_INJURED,COUNT_BICYCLIST_KILLED,COUNT_BICYCLIST_INJURED,COUNT_MC_KILLED,COUNT_MC_INJURED,PRIMARY_RAMP,SECONDARY_RAMP,LATITUDE,LONGITUDE,COUNTY,CITY,POINT_X,POINT_Y
92126945,2023,2023-07-26,9625,2023-07-14,1330,021107,,5,1,9,1300,0,1,3,,1,044,"STATE ROUTE 86 NORTHBOUND","KEYSTONE ROAD",140.00,S,N,A,-,Y,IMP,,86," "," ",15.272,H,,R,Y,2,0,5,7,A,-,03,22350,,N,B,2,A,A,H,-,A,A,0,,,,,Y,,D,22,1,0,4,0,0,0,0,0,0,"- ","- ",32.911918640136719,-115.56996917724609,IMPERIAL,UNINCORPORATED,-115.56997680664062,32.911918640136719
92143061,2023,2023-08-14,9625,2023-07-04,"910 ",018368,,2,1,9,1300,0,1,1,,2,001,"INTERSTATE 8 (EASTBOUND)",SR-98,8606.00,W,N,A,-,Y,IMP,,8," ",R,8.383,H,,R,Y,1,1,0,1,A,-,08,22107,,N,E,I,A,A,H,-,A,D,0,,,Y,,Y,,C,02,0,0,0,0,0,0,0,1,0,"- ","- ",32.720211029052734,-116.04698944091797,IMPERIAL,UNINCORPORATED,-116.04695129394531,32.720149993896484
92143328,2023,2023-08-14,9625,2023-08-07,"604 ",018368,,1,1,9,1300,0,2,4,,2,046,"DOGWOOD ROAD","COLE ROAD",0.00,,Y,A,-,N,,,,,,,,,,Y,2,0,2,2,A,-,09,21802,A,N,D,C,A,A,H,-,A,D,0,,,Y,,Y,,A,01,1,0,1,0,0,0,0,0,1,"- ","- ",32.693988800048828,-115.53397369384766,IMPERIAL,UNINCORPORATED,-115.53398132324219,32.694004058837891
92143378,2023,2023-08-14,9620,2023-08-05,1222,019291,,6,1,9,1300,0,1,1,,2,081,"I-8 W/B",SR-98,5280.00,E,N,A,-,Y,,,,,,,,,,N,2,0,2,1,A,-,08,22107,,N,E,I,A,A,H,-,A,D,0,,,,,Y,,M,59,2,0,0,0,0,0,0,0,0,"- ","- ",32.708431243896484,-115.07478332519531,IMPERIAL,UNINCORPORATED,-115.07478332519531,32.708106994628906
92146772,2023,2023-08-17,9625,2023-04-03,1527,018617,,1,2,9,1300,0,1,3,,1,012,"STATE ROUTE 86 (N/B)","STATE ROUTE 78",4541.00,N,N,F,-,Y,IMP,,86," "," ",44.424,H,,R,Y,1,2,0,3,A,-,03,22350,,N,C,C,A,A,H,-,A,D,0,,,,Y,Y,,G,25,0,0,0,0,0,0,0,0,0,"- ","- ",33.137580871582031,-115.86019134521484,IMPERIAL,UNINCORPORATED,-115.86021423339844,33.1375732421875
92163261,2023,2023-09-06,9620,2023-09-02,1306,020054,QUECH,6,1,9,1300,0,1,1,,2,082,"I-8 E/B","WINTERHAVEN DRIVE",1584.00,W,N,B,C,Y,IMP,,8," ",R,94.719,H,,R,Y,2,0,2,1,A,-,03,22350,,N,E,I,A,B,H,-,A,D,0,,,,,Y,,A,01,2,0,0,0,0,0,0,0,0,"- ","- ",32.737110137939453,-114.65512084960938,IMPERIAL,UNINCORPORATED,-114.65512084960938,32.737136840820312
9216582,2021,2021-03-11,1304,2021-01-04,1708,368,E,1,5,4,1304,0,0,0,,0,WEST,"8TH ST",FIELDVIEW,0.00,,Y,A,-,N,,,,,,,,,,Y,2,0,1,2,A,-,09,21801,A,N,D,C,A,A,H,-,B,A,0,,,,,Y,,-,,1,0,0,0,0,0,0,0,0,"- ","- ",,,IMPERIAL,"EL CENTRO",-115.56086730957031,32.761367797851562
92165933,2023,2023-09-08,9625,2023-08-18,2259,021107,,5,3,9,1300,0,2,4,,2,046,"DOGWOOD ROAD","CORRELL ROAD",0.00,,Y,A,-,N,,,,,,,,,,N,2,0,2,2,A,-,12,21453,A,F,D,C,A,A,H,-,C,A,0,,,,,Y,,A,01,1,0,1,0,0,0,0,0,0,"- ","- ",32.737968444824219,-115.53466033935547,IMPERIAL,UNINCORPORATED,-115.53459167480469,32.737922668457031
92165988,2023,2023-09-08,9625,2023-08-26,"328 ",021107,,6,3,9,1300,0,2,4,,2,046,"DOGWOOD ROAD","KEYSTONE ROAD",3696.00,S,N,A,-,N,,,,,,,,,,Y,2,0,6,2,A,-,01,23152,A,N,A,C,A,A,H,-,D,D,0,,,,,Y,Y,A,01,2,4,0,0,0,0,0,0,0,"- ","- ",32.901729583740234,-115.53556823730469,IMPERIAL,UNINCORPORATED,-115.53553771972656,32.902637481689453
92169345,2023,2023-09-13,9625,2023-09-06,1520,020771,,3,2,9,1300,0,3,5,,2,040,"MCCABE RD.","AUSTIN RD.",1426.00,E,N,A,-,N,,,,,,,,,,Y,2,0,1,1,A,-,08,22107,,N,F,A,A,A,H,-,A,D,0,,,Y,,Y,,C,02,1,0,0,0,0,0,0,0,1,"- ","- ",32.752490997314453,-115.59021759033203,IMPERIAL,UNINCORPORATED,-115.59033966064453,32.752460479736328
9221317,2021,2021-02-11,1304,2021-01-06,2337,361,ELCE,3,5,4,1304,0,0,0,,0,EAST,"RT 86",AURORA,155.00,N,N,A,-,Y,IMP,11,86,-,-,6.350,H,-,S,N,2,0,1,1,A,-,08,22107,,N,E,I,A,A,H,-,C,D,0,,,,,Y,,A,01,1,0,0,0,0,0,0,0,0,"- ","- ",,,IMPERIAL,"EL CENTRO",-115.5523681640625,32.778816223144531
92254124,2023,2023-12-06,9625,2023-11-26,1330,020771,,7,1,9,1300,0,3,5,,2,010,"BLACK SEA AVE.","MIDAS AVE.",0.00,,Y,A,-,N,,,,,,,,,,N,2,0,3,2,A,-,09,21800,A,N,D,C,A,A,H,-,A,D,0,,,,,Y,,D,22,2,1,0,0,0,0,0,0,0,"- ","- ",33.335788726806641,-115.981689453125,IMPERIAL,UNINCORPORATED,-115.981689453125,33.335819244384766
92256496,2023,2023-12-07,9625,2023-11-09,"920 ",016248,,4,1,9,1300,0,1,3,,2,052,SR-98,"BONESTEELE ROAD",2293.00,W,N,A,-,Y,IMP,,98," "," ",43.027,H,,R,Y,2,0,2,2,A,-,08,22107,,N,A,C,A,A,H,-,A,A,0,,,,,Y,,A,01,1,1,0,0,0,0,0,0,0,"- ","- ",32.69403076171875,-115.32093811035156,IMPERIAL,UNINCORPORATED,-115.32094573974609,32.694065093994141
92260014,2023,2023-12-12,9620,2023-10-30,1045,018247,,1,1,9,1300,0,1,3,,1,063,SR-78,"MIDWAY WELL RD",1413.00,W,N,A,-,Y,IMP,,78," "," ",62.188,H,,R,Y,1,1,0,2,A,-,08,22107,,N,A,C,A,A,H,-,A,D,0,,,,Y,Y,,A,07,0,0,0,0,0,0,0,0,0,"- ","- ",33.214889526367188,-114.8544921875,IMPERIAL,UNINCORPORATED,-114.8544921875,33.214889526367188
92263955,2023,2023-12-18,9625,2023-11-30,1432,019225,,4,2,9,1300,0,1,3,,1,054,SR-111,"EVAN HEWES HIGHWAY",0.00,,Y,A,-,Y,IMP,,111," ",R,9.512,H,,R,Y,2,0,4,3,C,-,18,,,N,D,C,A,A,H,-,A,A,0,,,,Y,Y,,-,"- ",1,2,1,0,0,0,0,0,0,"- ","- ",32.799919128417969,-115.50038909912109,IMPERIAL,UNINCORPORATED,-115.50042724609375,32.799919128417969
92265259,2023,2023-12-18,9625,2023-12-03,1650,019668,,7,2,9,1300,0,1,3,,2,052,SR-98,"BARBARA WORTH ROAD",2078.00,W,N,A,-,Y,IMP,,98," "," ",36.234,H,,R,Y,2,0,4,2,A,-,01,23152,F,N,B,C,A,A,H,-,D,D,0,,,,,Y,,A,01,1,2,1,0,0,0,0,0,0,"- ","- ",32.69390869140625,-115.43778228759766,IMPERIAL,UNINCORPORATED,-115.43778228759766,32.693855285644531
92277790,2023,2024-01-03,9625,2023-12-21,"422 ",020771,,4,3,9,1300,0,1,3,,2,024,SR-78,"SEYBERT RD.",360.00,W,N,B,-,Y,IMP,,78," "," ",17.670,H,,R,Y,2,0,1,1,A,-,08,22107,,N,F,A,A,A,H,-,D,D,0,,,,Y,Y,,G,25,1,0,0,0,0,0,0,0,0,"- ","- ",32.978641510009766,-115.46394348144531,IMPERIAL,UNINCORPORATED,-115.46393585205078,32.978645324707031
92279758,2023,2024-01-04,9625,2023-10-15,1953,020111,,7,2,9,1300,0,3,5,,2,050,"BARBARA WORTH ROAD","MCCABE ROAD",0.00,,Y,A,-,N,,,,,,,,,,Y,1,1,0,2,A,-,12,22450,A,N,D,C,A,A,H,-,D,A,0,,,Y,,Y,,C,02,0,0,0,0,0,0,0,1,0,"- ","- ",32.751888275146484,-115.43073272705078,IMPERIAL,UNINCORPORATED,-115.43074035644531,32.751937866210938
92290955,2024,2024-01-18,9625,2024-01-01,1415,020771,,1,2,9,1300,0,1,3,,1,012,"SR-86 N/B","BRAWLEY AVE.",0.00,,Y,A,-,Y,IMP,,86," "," ",63.630,H,,R,Y,2,0,3,2,A,-,01,23152,A,N,D,C,A,A,H,-,A,A,0,,,,,Y,Y,A,01,1,2,0,0,0,0,0,0,0,"- ","- ",33.374408721923828,-116.02567291259766,IMPERIAL,UNINCORPORATED,-116.02562713623047,33.374427795410156
92296907,2024,2024-01-25,9625,2024-01-18,1840,019582,,4,2,9,1300,0,3,5,,2,050,"BOWKER ROAD","MCCABE ROAD",0.00,,Y,A,-,N,,,,,,,,,,Y,2,0,2,2,A,-,12,22450,A,N,D,C,A,A,H,-,D,A,0,,,,,Y,,A,01,1,0,1,0,0,0,0,0,0,"- ","- ",32.752079010009766,-115.46504974365234,IMPERIAL,UNINCORPORATED,-115.46501922607422,32.752105712890625
92332870,2024,2024-03-07,9625,2024-02-20,2045,019667,,2,2,9,1300,0,3,5,,2,040,"WILD HORSE DRIVE","PAINTED COLT DRIVE",3.00,S,N,A,-,N,,,,,,,,,,Y,2,0,1,1,A,-,01,23152,A,N,E,8,A,A,H,-,C,D,0,,,Y,,Y,Y,C,02,1,0,0,0,0,0,0,0,1,"- ","- ",32.73931884765625,-115.53527069091797,IMPERIAL,UNINCORPORATED,-115.5352783203125,32.739421844482422
92336575,2024,2024-03-12,9625,2024-03-03,1642,020516,,7,2,9,1300,0,1,1,,2,001,"INTERSTATE 8 E/B","IN KO PAH PARK ROAD",6125.00,E,N,B,C,Y,IMP,,8," ",R,1.006,H,,R,Y,2,0,2,1,A,-,03,22350,,N,E,I,A,B,H,-,A,D,0,,,,,Y,,A,01,1,1,0,0,0,0,0,0,0,"- ","- ",32.657058715820312,-116.09690856933594,IMPERIAL,UNINCORPORATED,-116.09697723388672,32.657070159912109
92338607,2024,2024-03-14,9625,2024-03-04,"524 ",021107,,1,3,9,1300,0,1,3,,2,025,"STATE ROUTE 78","NINEMILE WASH",1056.00,W,N,A,-,Y,IMP,,78," "," ",50.308,H,,R,Y,2,0,2,1,A,-,01,23152,A,N,F,A,A,A,H,-,B,D,0,,,,,Y,Y,D,22,1,1,0,0,0,0,0,0,0,"- ","- ",33.076568603515625,-114.94465637207031,IMPERIAL,UNINCORPORATED,-114.94464111328125,33.076549530029297
92344155,2024,2024-03-21,9620,2024-03-14,1303,019291,,4,1,9,1300,0,1,1,,2,082,"I-8 E/B","SIDEWINDER RD",5808.00,W,N,A,-,Y,,,,,,,,,,N,2,0,1,2,A,-,03,22350,,N,C,C,A,A,H,-,A,D,0,,,,Y,Y,,A,01,1,0,0,0,0,0,0,0,0,"- ","- ",,,IMPERIAL,UNINCORPORATED,-114.75862121582031,32.747001647949219
92345405,2024,2024-03-25,9625,2024-03-18,"700 ",021107,,1,1,9,1300,0,3,5,,2,050,"HAWK STREET","VALLEY BOULEVARD",56.00,E,N,A,-,N,,,,,,,,,,N,2,0,2,3,A,-,03,22350,,N,G,B,D,A,H,-,B,D,0,Y,,,,Y,,D,22,2,0,0,0,2,0,0,0,0,"- ","- ",32.734828948974609,-115.5318603515625,IMPERIAL,UNINCORPORATED,-115.53193664550781,32.734840393066406
92348653,2024,2024-03-27,9620,2024-03-17,"250 ",021051,,7,3,9,1300,0,1,1,,2,081,"I-8 E/B","GORDON'S WELL RD",8976.00,W,N,A,-,Y,IMP,,8," ",R,71.597,H,,R,Y,2,0,1,2,A,-,07,21658,A,F,C,2,A,A,H,-,D,A,0,,,,,Y,,D,22,1,0,0,0,0,0,0,0,0,"- ","- ",32.707809448242188,-114.98947906494141,IMPERIAL,UNINCORPORATED,-114.98947906494141,32.707801818847656
92356066,2024,2024-04-04,9625,2024-03-29,2350,017901,,5,3,9,1300,0,1,1,,2,005,"INTERSTATE 8 E/B","STATE ROUTE 115",2640.00,E,N,A,-,Y,IMP,,8," ",R,53.945,H,,R,Y,2,0,4,1,A,-,08,22107,,N,E,8,A,A,H,-,D,D,0,,,,,Y,,A,01,2,2,0,0,0,0,0,0,0,"- ","- ",32.770069122314453,-115.27876281738281,IMPERIAL,UNINCORPORATED,-115.27880859375,32.77001953125
92365348,2024,2024-04-16,9620,2024-04-07,1510,023748,T602,7,2,9,1300,0,3,5,,2,070,"PICACHO RD","ALL AMERICAN CANAL",6336.00,N,N,A,-,N,,,,,,,,,,Y,2,0,2,1,A,-,08,22107,,N,F,8,A,A,H,-,A,D,0,,,,,Y,,D,22,1,1,0,0,0,0,0,0,0,"- ","- ",32.812271118164062,-114.62178039550781,IMPERIAL,UNINCORPORATED,,
92374382,2024,2024-04-24,9620,2024-04-14,1815,023748,T602,7,2,9,1300,0,2,4,,1,072,"WINTERHAVEN DR","THIRD AVENUE",1584.00,W,N,A,-,N,,,,,,,,,,Y,2,0,2,2,A,-,03,22350,,N,D,C,A,A,H,-,B,D,0,,,,,Y,Y,A,01,1,1,0,0,0,0,0,0,0,"- ","- ",32.739971160888672,-114.64190673828125,IMPERIAL,UNINCORPORATED,-114.64249420166016,32.740123748779297
92380650,2024,2024-05-02,9625,2024-04-21,2106,021107,,7,2,9,1300,0,1,3,,1,042,"STATE ROUTE 98","COYOTE NUMBER ONE ROAD",3776.00,E,N,A,-,Y,IMP,,98," "," ",8.191,H,,R,Y,2,0,5,2,A,-,08,22107,,N,A,C,A,A,H,-,D,D,0,,,,,Y,,A,01,1,3,1,0,0,0,0,0,0,"- ","- ",32.682121276855469,-115.90350341796875,IMPERIAL,UNINCORPORATED,-115.90349578857422,32.682136535644531
92383282,2024,2024-05-07,9625,2024-04-29,1126,018617,,1,1,9,1300,0,1,3,,1,012,"SR-86 (N/B)","NORM NIVER ROAD",2270.00,N,N,A,-,Y,IMP,,86," "," ",62.803,H,,R,N,2,0,1,2,C,-,18,,,N,H,C,A,A,H,-,A,D,0,,,,,Y,,-,"- ",1,0,0,0,0,0,0,0,0,"- ","- ",33.363418579101562,-116.02037811279297,IMPERIAL,UNINCORPORATED,-116.02037811279297,33.363418579101562
92387669,2024,2024-05-13,9625,2024-04-30,1328,021107,,2,1,9,1300,0,1,3,,1,044,"STATE ROUTE 86 N/B","KEYSTONE ROAD",47.00,S,N,A,-,Y,IMP,,86," "," ",15.304,H,,R,Y,2,0,2,2,A,-,03,22350,,N,C,C,A,A,H,-,A,A,0,,,,,Y,,A,01,1,0,1,0,0,0,0,0,0,"- ","- ",32.912380218505859,-115.56999206542969,IMPERIAL,UNINCORPORATED,-115.56997680664062,32.912380218505859
92394208,2024,2024-05-20,9625,2024-05-09,1200,017727,,4,1,9,1300,0,1,3,,1,021,SR-111,"DOWDEN ROAD",2089.00,S,N,A,-,N,,,,,,,,,,Y,2,0,3,1,A,-,08,22107,,N,E,I,A,A,H,-,A,D,0,,,,,Y,,A,07,3,0,0,0,0,0,0,0,0,"- ","- ",33.084888458251953,-115.51940155029297,IMPERIAL,UNINCORPORATED,-115.51930999755859,33.084911346435547
92399256,2024,2024-05-27,9620,2024-05-14,1815,020125,T602,2,2,9,1300,0,1,3,,1,062,SR-186,"I-8 E/B",5808.00,S,N,A,-,Y,IMP,,186," "," ",0.695,H,,R,N,2,0,2,3,A,-,21,22106,,F,G,1,E,A,G,-,A,D,0,Y,,,,Y,,A,01,1,1,0,0,1,0,0,0,0,"- ","- ",32.726589202880859,-114.72147369384766,IMPERIAL,UNINCORPORATED,-114.72141265869141,32.726554870605469
92403423,2024,2024-05-31,9620,2024-05-27,"0   ",023748,,1,3,9,1300,0,1,3,,1,063,SR-78,"IMPERIAL GABLES RD",7656.00,E,N,A,-,Y,,,,,,,,,,Y,2,0,2,1,A,-,08,22107,,N,F,A,A,A,H,-,D,D,0,,,,,Y,,A,07,1,1,0,0,0,0,0,0,0,"- ","- ",33.1402587890625,-114.87502288818359,IMPERIAL,UNINCORPORATED,-114.87565612792969,33.140102386474609
92424275,2024,2024-06-26,9620,2024-06-24,"550 ",018247,,1,3,9,1300,0,1,3,,1,063,SR-78,"BLACK MOUNTAIN RD",4224.00,W,N,A,-,Y,IMP,,78," "," ",54.528,H,,R,Y,2,0,1,1,A,-,03,22350,,N,F,I,A,A,H,-,B,D,0,,,,,Y,,-,"- ",1,0,0,0,0,0,0,0,0,"- ","- ",33.110549926757812,-114.89277648925781,IMPERIAL,UNINCORPORATED,-114.892822265625,33.110569000244141
9244956,2021,2021-04-13,1306,2021-01-23,2045,R1772,OCOTI,6,5,2,1306,0,0,0,,0,906,"COUNTY LINE RD","RT 78",0.00,,Y,A,-,N,,,,,,,,,,N,2,0,1,1,A,-,03,38305,,N,H,A,A,A,A,B,D,D,0,,,,,Y,,A,07,1,0,0,0,0,0,0,0,0,"- ","- ",,,IMPERIAL,IMPERIAL,-114.97940063476562,33.022342681884766
9256174,2021,2023-06-20,1301,2021-01-25,0133,917,BRAWL,1,5,3,1301,0,0,0,,0,001,"OLD HIGHWAY 111","OLD HWY 111",0.00,,N,A,-,N,,,,,,,,,,N,1,1,0,2,A,-,11,21954,A,N,G,B,D,A,H,-,D,D,0,Y,,,,Y,,N,60,0,0,0,1,0,0,0,0,0,"- ","- ",32.987701416015625,-115.52809906005859,IMPERIAL,BRAWLEY,,
9301793,2021,2021-09-20,1304,2021-06-17,2101,368,E1,4,5,4,1304,0,0,0,,0,EAST,"RT 86","DESERT GARDENS",146.00,S,N,A,-,Y,IMP,11,86,-,-,6.470,H,-,S,N,1,1,0,2,A,-,11,21954,A,N,G,B,D,A,H,-,C,D,0,Y,,,,Y,Y,N,60,0,0,0,1,0,0,0,0,0,"- ","- ",,,IMPERIAL,"EL CENTRO",-115.55242156982422,32.780536651611328
9316305,2021,2021-09-22,1301,2021-08-10,0148,908,BRAWL,2,5,3,1301,0,0,0,,0,0B2,"MALAN ST","SOUTH IMPERIAL AV",125.00,E,N,A,-,N,,,,,,,,,,Y,2,0,2,1,D,-,00,,,N,E,I,A,A,H,-,D,D,0,,,,,Y,,-,"- ",1,0,1,0,0,0,0,0,0,"- ","- ",,,IMPERIAL,BRAWLEY,-115.53458404541016,32.970771789550781
9320605,2021,2023-06-20,1301,2021-11-22,1953,910,BRAWL,1,5,3,1301,0,0,0,,0,0B1,"OLD HWY 111","OLD HWY 111 4705A",0.00,,N,A,-,N,,,,,,,,,,N,1,1,2,6,A,-,08,22107,,N,A,C,A,A,H,-,D,D,0,,,,,Y,Y,A,01,1,0,1,0,0,0,0,0,0,"- ","- ",32.993740081787109,-115.52648162841797,IMPERIAL,BRAWLEY,-115.52642,32.993363000000002
9320775,2022,2022-06-08,1304,2022-03-12,2306,358,,6,5,4,1304,0,0,0,,0,EAST,"DEALWOOD RD","DOGWOOD RD",414.00,E,N,A,-,N,,,,,,,,,,Y,1,1,0,2,A,-,01,23152,A,N,C,E,A,A,H,-,D,D,0,,,,,Y,Y,A,01,0,0,0,0,0,0,0,0,0,"- ","- ",,,IMPERIAL,"EL CENTRO",-115.53465270996094,32.775093078613281
9320918,2022,2022-07-14,1304,2022-05-16,1910,358,,1,5,4,1304,0,0,0,,0,WEST,ROSS,LOTUS,260.00,E,N,A,-,N,,,,,,,,,,N,1,1,0,2,A,-,11,21954,A,F,G,B,D,A,H,-,A,D,0,Y,,,,Y,,N,60,0,0,0,1,0,0,0,0,0,"- ","- ",,,IMPERIAL,"EL CENTRO",-115.5838623046875,32.781459808349609
93295838,2024,2024-08-02,9625,2024-07-18,"330 ",018978,,4,3,9,1300,0,1,3,,1,012,"STATE ROUTE 86 (SOUTHBOUND)","TREADWELL BEND",0.00,,Y,A,-,Y,IMP,,86," "," ",60.036,H,,R,Y,2,0,1,2,A,-,01,23152,A,N,D,C,A,A,H,-,C,A,0,,,,,Y,Y,A,07,1,0,0,0,0,0,0,0,0,"- ","- ",33.327400207519531,-115.99994659423828,IMPERIAL,UNINCORPORATED,-115.99991607666016,33.327415466308594
93403750,2024,2024-08-02,9620,2024-07-30,1125,016222,,2,1,9,1300,0,1,1,,2,082,"INTERSTATE 8","WINTERHAVEN DRIVE",3168.00,E,N,A,-,Y,IMP,,8," ",R,95.533,H,,R,Y,2,0,1,1,C,-,18,,,N,E,I,A,A,H,-,A,D,0,,,,,Y,,-,"- ",1,0,0,0,0,0,0,0,0,"- ","- ",32.735000610351562,-114.64150238037109,IMPERIAL,UNINCORPORATED,-114.64155578613281,32.734813690185547
9367147,2021,2021-12-09,1304,2021-11-18,0435,368,E1,4,5,4,1304,0,0,0,,0,WEST,"IMPERIAL AV","ADAMS AV",0.00,,Y,A,-,Y,IMP,11,86,-,L,8.525,I,5,N,Y,2,0,1,2,A,-,12,21453,A,N,D,C,A,A,H,-,C,A,0,,,,,Y,,-,,1,0,0,0,0,0,0,0,0,"- ","- ",,,IMPERIAL,"EL CENTRO",-115.56998443603516,32.796550750732422
9378827,2021,2021-12-29,1304,2021-12-06,1711,350,,1,5,4,1304,0,0,0,,0,,"ADAMS AV","12TH ST",0.00,,Y,A,-,Y,IMP,11,86,-,L,8.266,I,5,S,N,2,0,1,2,A,-,10,21950,A,N,G,B,B,A,H,-,C,A,0,Y,,,,Y,,A,07,1,0,0,0,1,0,0,0,0,"- ","- ",,,IMPERIAL,"EL CENTRO",-115.56560516357422,32.796554565429688
9406342,2021,2022-02-18,1301,2021-07-12,2003,901,BRAWL,1,5,3,1301,0,0,0,,0,003,"MAIN ST","CEASER CHAVEZ ST",0.00,,Y,A,-,N,,,,,,,,,,N,2,0,1,2,A,-,10,21950,,N,G,B,D,A,H,-,C,A,0,Y,,,,Y,,N,60,1,0,0,0,1,0,0,0,0,"- ","- ",,,IMPERIAL,BRAWLEY,,
9413468,2022,2022-03-10,1304,2022-02-01,0455,325,ELCE,2,5,4,1304,0,0,0,,0,WEST,ADAMS,"LA BRUCHERIE",490.00,,N,A,-,N,,,,,,,,,,Y,2,0,1,2,A,-,11,21954,A,N,G,B,D,A,H,-,D,D,0,Y,,,,Y,,N,60,1,0,0,0,1,0,0,0,0,"- ","- ",,,IMPERIAL,"EL CENTRO",-115.57872009277344,32.796550750732422
9420023,2022,2022-04-26,1304,2022-04-01,2147,326,EEAS,5,5,4,1304,0,0,0,,0,,"ADAMS AV","6TH ST",5.00,W,N,A,-,Y,IMP,11,86,-,L,7.770,I,5,N,N,2,0,1,2,-,-,"- ",,B,N,G,B,B,A,H,-,C,A,0,Y,,,,Y,,N,60,1,0,0,0,1,0,0,0,0,"- ","- ",,,IMPERIAL,"EL CENTRO",-115.55712890625,32.796604156494141
9435412,2022,2022-04-26,1301,2022-02-09,0838,919,BRAWL,3,5,3,1301,0,0,0,,0,002,"W CATTLE CALL DR","DE ANZA PL",0.00,,Y,A,-,N,,,,,,,,,,N,2,0,1,2,A,-,10,21950,A,N,G,B,B,A,H,-,A,A,0,Y,,,,Y,,D,22,1,0,0,0,1,0,0,0,0,"- ","- ",,,IMPERIAL,BRAWLEY,-115.54689788818359,32.970798492431641
94362750,2024,2024-08-20,9625,2024-08-09,1027,018279,,5,1,9,1300,0,2,4,,2,047,"FORRESTER ROAD","ANDRE ROAD",0.00,,Y,A,-,N,,,,,,,,,,Y,2,0,3,2,A,-,09,21802,A,N,D,2,A,A,H,-,A,A,0,,,,Y,Y,,E,22,2,0,1,0,0,0,0,0,0,"- ","- ",33.015529632568359,-115.62152099609375,IMPERIAL,UNINCORPORATED,-115.62154388427734,33.015590667724609
94368019,2024,2024-08-23,9625,2024-08-07,"915 ",021994,,3,1,9,1300,0,3,5,,2,040,"LA BRUCHERIE RD","WAHL RD",0.00,,Y,A,-,N,,,,,,,,,,Y,1,1,1,2,A,-,12,22450,A,N,D,2,A,A,H,-,A,A,0,,,,Y,Y,,A,01,0,0,1,0,0,0,0,0,0,"- ","- ",32.723419189453125,-115.57753753662109,IMPERIAL,UNINCORPORATED,-115.57752990722656,32.723407745361328
94384801,2024,2024-09-06,9625,2024-08-13,2500,021994,,2,4,9,1300,0,1,3,,1,042,"STATE ROUTE 98","HAMMERS  ROAD",413.00,W,N,A,-,Y,IMP,,98," "," ",29.155,H,,R,Y,1,1,0,1,A,-,08,22107,,N,E,8,A,A,H,-,D,D,0,,,,,Y,Y,A,01,0,0,0,0,0,0,0,0,0,"- ","- ",32.679271697998047,-115.55255889892578,IMPERIAL,UNINCORPORATED,-115.55255889892578,32.6793212890625
94397114,2024,2024-09-17,9625,2024-08-05,"935 ",018773,,1,1,9,1300,0,1,1,,2,004,"INTERSTATE 8 WESTBOUND","DUNAWAY ROAD",22704.00,W,N,A,-,Y,IMP,,8," ",R,19.164,H,,L,Y,1,1,0,2,A,-,03,22350,,N,C,C,A,A,H,-,A,D,0,,,Y,,Y,,D,22,0,0,0,0,0,0,0,1,0,"- ","- ",32.755901336669922,-115.87284851074219,IMPERIAL,UNINCORPORATED,-115.87284851074219,32.755901336669922