CASE_ID,ACCIDENT_YEAR,PROC_DATE,JURIS,COLLISION_DATE,COLLISION_TIME,OFFICER_ID,REPORTING_DISTRICT,DAY_OF_WEEK,CHP_SHIFT,POPULATION,CNTY_CITY_LOC,SPECIAL_COND,BEAT_TYPE,CHP_BEAT_TYPE,CITY_DIVISION_LAPD,CHP_BEAT_CLASS,BEAT_NUMBER,PRIMARY_RD,SECONDARY_RD,DISTANCE,DIRECTION,INTERSECTION,WEATHER_1,WEATHER_2,STATE_HWY_IND,CALTRANS_COUNTY,CALTRANS_DISTRICT,STATE_ROUTE,ROUTE_SUFFIX,POSTMILE_PREFIX,POSTMILE,LOCATION_TYPE,RAMP_INTERSECTION,SIDE_OF_HWY,TOW_AWAY,COLLISION_SEVERITY,NUMBER_KILLED,NUMBER_INJURED,PARTY_COUNT,PRIMARY_COLL_FACTOR,PCF_CODE_OF_VIOL,PCF_VIOL_CATEGORY,PCF_VIOLATION,PCF_VIOL_SUBSECTION,HIT_AND_RUN,TYPE_OF_COLLISION,MVIW,PED_ACTION,ROAD_SURFACE,ROAD_COND_1,ROAD_COND_2,LIGHTING,CONTROL_DEVICE,CHP_ROAD_TYPE,PEDESTRIAN_ACCIDENT,BICYCLE_ACCIDENT,MOTORCYCLE_ACCIDENT,TRUCK_ACCIDENT,NOT_PRIVATE_PROPERTY,ALCOHOL_INVOLVED,STWD_VEHTYPE_AT_FAULT,CHP_VEHTYPE_AT_FAULT,COUNT_SEVERE_INJ,COUNT_VISIBLE_INJ,COUNT_COMPLAINT_PAIN,COUNT_PED_KILLED,COUNT_PED_INJURED,COUNT_BICYCLIST_KILLED,COUNT_BICYCLIST_INJURED,COUNT_MC_KILLED,COUNT_MC_INJURED,PRIMARY_RAMP,SECONDARY_RAMP,LATITUDE,LONGITUDE,COUNTY,CITY,POINT_X,POINT_Y
94399560,2024,2024-09-18,9625,2024-09-14,2112,019668,,6,2,9,1300,0,3,5,,2,020,"KERSHAW ROAD","YOCUM ROAD",0.00,,Y,A,-,N,,,,,,,,,,Y,2,0,3,1,A,-,01,23152,F,N,E,I,A,A,H,-,D,A,0,,,,,Y,,A,01,1,2,0,0,0,0,0,0,0,"- ","- ",33.111209869384766,-115.50847625732422,IMPERIAL,UNINCORPORATED,-115.50849914550781,33.111198425292969
94418299,2024,2024-10-03,9625,2024-09-20,2258,022934,,5,3,9,1300,0,1,3,,1,054,"SR-111 S/B","WILDCAT DRIVE",2640.00,S,N,A,-,Y,IMP,,111," ",R,20.425,H,,L,Y,2,0,1,2,D,-,00,,,N,C,C,A,A,H,-,D,D,0,,,Y,,Y,,-,"- ",1,0,0,0,0,0,0,0,1,"- ","- ",32.956859588623047,-115.50904083251953,IMPERIAL,UNINCORPORATED,-115.50909423828125,32.956867218017578
94428441,2024,2024-10-11,9625,2024-10-04,1427,020516,,5,2,9,1300,0,1,1,,2,001,"INTERSTATE 8 E/B","STATE ROUTE 98",7392.00,W,N,A,-,Y,IMP,,8," ",R,8.412,H,,R,Y,2,0,1,1,A,-,01,23152,A,N,E,I,A,A,H,-,A,D,0,,,,,Y,Y,A,01,1,0,0,0,0,0,0,0,0,"- ","- ",32.720378875732422,-116.04653167724609,IMPERIAL,UNINCORPORATED,-116.0465087890625,32.720333099365234
94428462,2024,2024-10-11,9625,2024-10-04,1215,018617,,5,1,9,1300,0,1,3,,1,011,"STATE ROUTE 86 (S/B)","ALLEN ROAD",9715.00,N,N,A,-,Y,IMP,,86," ",R,41.532,H,,L,Y,2,0,1,1,A,-,08,22107,,N,E,9,A,A,H,-,A,D,0,,,,,Y,,A,01,1,0,0,0,0,0,0,0,0,"- ","- ",33.107528686523438,-115.83177185058594,IMPERIAL,UNINCORPORATED,-115.83175659179688,33.107582092285156
94440515,2024,2024-10-22,9625,2024-10-17,1255,019668,,4,1,9,1300,0,2,4,,2,045,"EVAN HEWES HIGHWAY","FORRESTER ROAD",0.00,,Y,A,-,N,,,,,,,,,,Y,2,0,3,2,A,-,12,21453,A,N,D,C,A,A,H,-,A,A,0,,,,,Y,,A,01,1,0,2,0,0,0,0,0,0,"- ","- ",32.796531677246094,-115.62077331542969,IMPERIAL,UNINCORPORATED,-115.61180877685547,32.804046630859375
9444757,2022,2022-05-23,1304,2022-05-07,1355,368,E1,6,5,4,1304,0,0,0,,0,WEST,ROSS,MCCULLOM,0.00,,Y,A,-,N,,,,,,,,,,Y,2,0,2,1,A,-,03,22350,,N,H,I,A,A,H,-,A,A,0,,,,,Y,,-,,1,1,0,0,0,0,0,0,0,"- ","- ",,,IMPERIAL,"EL CENTRO",-115.53748321533203,32.781490325927734
94453042,2024,2024-10-31,9625,2024-10-19,1248,018279,,6,1,9,1300,0,3,5,,2,020,"GENTRY ROAD","WALKER ROAD",65.00,N,N,A,-,N,,,,,,,,,,Y,2,0,1,1,A,-,08,22107,,N,E,I,A,A,H,-,A,A,0,,,,,Y,,A,01,1,0,0,0,0,0,0,0,0,"- ","- ",33.075160980224609,-115.61460113525391,IMPERIAL,UNINCORPORATED,-115.61444854736328,33.075729370117188
94454947,2024,2024-11-01,9625,2024-09-03,2033,022964,,2,2,9,1300,0,3,5,,2,010,"GENTRY ROAD","WALKER ROAD",0.00,,Y,A,-,N,,,,,,,,,,Y,1,1,0,1,A,-,03,22350,,N,F,A,A,A,H,-,D,D,0,,,,,Y,,A,01,0,0,0,0,0,0,0,0,0,"- ","- ",33.075160980224609,-115.61457824707031,IMPERIAL,UNINCORPORATED,-115.61444854736328,33.075550079345703
94461806,2024,2024-11-07,9625,2024-09-23,1700,020516,,1,2,9,1300,0,1,3,,1,011,"STATE ROUTE 86 (N/B)","LACK ROAD",2429.00,S,N,A,-,Y,IMP,,86," ",R,28.543,H,,L,Y,1,1,1,2,A,-,08,22107,,N,B,C,A,A,H,-,D,D,0,,,,Y,Y,,A,01,0,0,1,0,0,0,0,0,0,"- ","- ",33.037090301513672,-115.63938140869141,IMPERIAL,UNINCORPORATED,-115.63938140869141,33.037044525146484
94473992,2024,2024-11-18,9620,2024-11-08,2158,020125,,5,2,9,1300,0,1,1,,2,081,"GORDON'S WELL ROAD","INTERSTATE 8 EASTBOUND TO GORDON'S WELL ROAD",0.00,,Y,A,-,Y,,,,,,,,,,N,2,0,2,1,A,-,03,22350,,N,E,I,A,A,H,-,D,D,0,,,,,Y,,A,01,1,1,0,0,0,0,0,0,0,"- ","- ",32.70758056640625,-114.95713806152344,IMPERIAL,UNINCORPORATED,,
94476952,2024,2024-11-20,9625,2024-11-05,1720,018933,,2,2,9,1300,0,3,5,,2,020,"822 SHANK ROAD BRAWLEY, CA 92227","SHANK ROAD",331.00,N,N,A,-,N,,,,,,,,,,N,2,0,1,2,B,-,22,,,N,C,C,A,A,H,-,C,D,0,,,Y,Y,Y,,C,06,1,0,0,0,0,0,0,0,1,"- ","- ",33.001678466796875,-115.46666717529297,IMPERIAL,UNINCORPORATED,,
94477310,2024,2024-11-20,9625,2024-11-07,1513,018933,,4,2,9,1300,0,2,4,,2,057,"EVAN HEWES HWY.",SR-115,0.00,,Y,A,-,Y,IMP,,115," "," ",9.546,H,,R,Y,2,0,1,3,A,-,09,21801,A,N,D,C,A,A,H,-,A,D,0,,,,,Y,,D,22,1,0,0,0,0,0,0,0,0,"- ","- ",32.805801391601562,-115.40608215332031,IMPERIAL,UNINCORPORATED,-115.40612030029297,32.805797576904297
9448534,2022,2022-09-28,1301,2022-04-16,0231,904,BRAWL,6,5,3,1301,0,0,0,,0,003,"RT 111","RT 78",0.00,,N,A,-,Y,IMP,11,78,-,R,14.610,H,-,W,Y,2,0,1,1,A,-,08,22107,,N,F,A,A,A,H,-,D,D,0,,,,,Y,,-,"- ",1,0,0,0,0,0,0,0,0,"- ","- ",32.991519927978516,-115.50198364257812,IMPERIAL,BRAWLEY,-115.50157165527344,32.991641998291016
94498790,2024,2024-12-13,9625,2024-11-29,1740,021994,,5,2,9,1300,0,3,5,,2,010,"OPEN DESERT","HOSKINS ROAD",8976.00,W,N,A,-,N,,,,,,,,,,N,2,0,1,1,A,-,03,38305,,N,F,A,A,A,H,-,B,D,0,,,Y,,Y,,C,02,1,0,0,0,0,0,0,0,1,"- ","- ",33.015060424804688,-115.69467926025391,IMPERIAL,UNINCORPORATED,,
94532198,2024,2025-01-09,9625,2024-12-28,"25  ",022934,,6,3,9,1300,0,1,3,,1,012,"SR86 S/B","COOLIDGE SPRINGS ROAD",200.00,S,N,A,-,Y,IMP,,86," "," ",65.052,H,,L,Y,2,0,1,1,A,-,01,23152,A,N,E,I,A,A,H,-,C,D,0,,,,,Y,Y,A,01,1,0,0,0,0,0,0,0,0,"- ","- ",33.390121459960938,-116.04154968261719,IMPERIAL,UNINCORPORATED,-116.04148101806641,33.390171051025391
94534659,2025,2025-01-13,9625,2025-01-06,1554,019582,,1,2,9,1300,0,1,1,,2,006,"I-8 W/B",SR-111,2577.00,W,N,A,-,Y,IMP,,8," ",R,40.444,H,,L,Y,2,0,1,1,C,-,18,,,N,E,I,A,A,H,-,A,D,0,,,,,Y,,-,"- ",1,0,0,0,0,0,0,0,0,"- ","- ",32.774009704589844,-115.50978088378906,IMPERIAL,UNINCORPORATED,-115.50978088378906,32.77398681640625
94544578,2024,2025-01-21,9625,2024-12-11,2228,018978,,3,3,9,1300,0,2,4,,2,047,"FORRESTER ROAD","THOMPSON ROAD",51.00,N,N,A,-,N,,,,,,,,,,Y,1,1,0,1,A,-,08,22107,,N,E,8,A,A,H,-,D,D,0,,,,,Y,,A,01,0,0,0,0,0,0,0,0,0,"- ","- ",32.879341125488281,-115.62129211425781,IMPERIAL,UNINCORPORATED,-115.621337890625,32.879199981689453
9455643,2022,2022-06-28,1301,2022-06-09,0124,914,BRAWL,4,5,3,1301,0,0,0,,0,003,"BEST RD","JONES ST",0.00,,Y,A,-,N,,,,,,,,,,Y,2,0,3,1,A,-,03,22350,,N,E,I,A,A,H,-,C,A,0,,,,,Y,,A,01,3,0,0,0,0,0,0,0,0,"- ","- ",,,IMPERIAL,BRAWLEY,-115.50925445556641,32.98895263671875
94564918,2025,2025-03-18,9625,2025-01-24,1739,022114,,5,2,9,1300,0,1,3,,1,011,"SR-86 S/B","HOSKINS ROAD",0.00,,Y,A,-,N,,,,,,,,,,Y,1,1,2,2,A,-,09,21800,A,N,G,C,A,A,H,-,B,A,0,,,,,Y,,A,07,0,1,1,0,0,0,0,0,0,"- ","- ",33.037029266357422,-115.66455841064453,IMPERIAL,UNINCORPORATED,-115.66462707519531,33.037082672119141
94576918,2024,2025-02-12,9625,2024-12-23,1623,022010,,1,2,9,1300,0,2,4,,2,045,"EVAN HEWES HIGHWAY","STATE ROUTE 111",2270.00,E,N,A,-,Y,,,,,,,,,,Y,1,1,0,1,A,-,08,22107,,N,F,A,A,A,H,-,A,D,0,,,,,Y,,A,08,0,0,0,0,0,0,0,0,0,"- ","- ",32.801559448242188,-115.49314117431641,IMPERIAL,UNINCORPORATED,-115.49333190917969,32.801467895507812
94624763,2025,2025-03-24,9625,2025-02-13,"942 ",018617,,4,1,9,1300,0,1,3,,2,056,SR-115,"BOYD ROAD",0.00,,Y,B,-,Y,IMP,,115," "," ",16.173,H,,R,Y,1,1,1,2,A,-,12,22450,A,N,D,C,A,A,H,-,A,A,0,,,,Y,Y,,A,01,0,1,0,0,0,0,0,0,0,"- ","- ",32.902069091796875,-115.40618896484375,IMPERIAL,UNINCORPORATED,-115.40623474121094,32.902069091796875
94631538,2025,2025-03-31,9625,2025-03-20,1532,019582,,4,2,9,1300,0,1,1,,2,001,"I-8 E/B","MOUNTAIN SPRINGS ROAD",2119.00,E,N,A,-,Y,IMP,,8," ",R,3.518,H,,R,Y,2,0,3,1,A,-,08,22107,,N,E,8,A,A,H,-,A,D,0,,,,,Y,,D,22,1,2,0,0,0,0,0,0,0,"- ","- ",32.672641754150391,-116.09356689453125,IMPERIAL,UNINCORPORATED,-116.09354400634766,32.672706604003906
94636268,2025,2025-06-10,9625,2025-04-01,1123,021107,,2,1,9,1300,0,2,4,,2,046,"DOGWOOD ROAD","FAWCETT ROAD",0.00,,Y,A,-,N,,,,,,,,,,Y,1,1,0,1,C,-,18,,,N,E,I,A,A,H,-,A,D,0,,,,,Y,,-,"- ",0,0,0,0,0,0,0,0,0,"- ","- ",32.723400115966797,-115.53426361083984,IMPERIAL,UNINCORPORATED,-115.53433990478516,32.723350524902344
94650079,2025,2025-04-15,9625,2025-04-07,"905 ",021107,,1,1,9,1300,0,1,1,,2,002,"INTERSTATE 8 W/B","MOUNTAIN SPRINGS ROAD",16738.00,E,N,A,-,Y,IMP,,8," ",R,6.215,H,,L,Y,2,0,1,1,A,-,08,22107,,N,E,8,A,A,H,-,A,D,0,,,,,Y,,A,01,1,0,0,0,0,0,0,0,0,"- ","- ",32.709049224853516,-116.06523895263672,IMPERIAL,UNINCORPORATED,-116.06527709960938,32.70904541015625
94662681,2025,2025-04-24,9625,2025-01-11,"512 ",022934,,6,3,9,1300,0,1,1,,2,006,"INTERSTATE 8 WESTBOUND","STATE ROUTE 98",5280.00,W,N,A,-,Y,IMP,,8," ",R,64.773,H,,L,Y,1,1,2,3,A,-,01,23152,A,N,A,2,A,A,H,-,D,D,0,,,,Y,Y,,A,01,0,1,1,0,0,0,0,0,0,"- ","- ",32.715850830078125,-115.10488128662109,IMPERIAL,UNINCORPORATED,-115.10488128662109,32.715850830078125
94667183,2025,2025-04-28,9625,2025-04-19,"949 ",018617,,6,1,9,1300,0,1,3,,2,014,"SR-78 (E/B)","HOVLEY ROAD",0.00,,Y,A,-,Y,IMP,,78," ",R,11.831,H,,R,Y,2,0,2,2,A,-,12,21453,A,N,D,C,A,A,H,-,A,A,0,,,,,Y,,A,01,2,0,0,0,0,0,0,0,0,"- ","- ",33.001708984375,-115.54412841796875,IMPERIAL,UNINCORPORATED,-115.54413604736328,33.001739501953125
94668684,2025,2025-04-29,9625,2025-03-26,1520,018933,,3,2,9,1300,0,3,5,,2,020,"IMPERIAL SAND DUNES RECREATIONAL AREA","GECKO ROAD",3802.00,E,N,A,-,N,,,,,,,,,,Y,1,1,0,1,A,-,03,38305,,N,F,A,A,A,H,-,A,D,0,,,Y,,Y,,C,06,0,0,0,0,0,0,0,1,0,"- ","- ",32.932178497314453,-115.11695098876953,IMPERIAL,UNINCORPORATED,,
94670155,2025,2025-04-30,9625,2025-04-19,"414 ",022934,,6,3,9,1300,0,1,3,,2,052,SR-98,"I-8 AND SR-98 JUNCTION",500.00,W,N,A,-,Y,IMP,,98," ",R,56.733,H,,R,Y,2,0,2,1,A,-,01,23152,A,N,F,A,A,A,H,-,C,D,0,,,,,Y,Y,A,01,1,1,0,0,0,0,0,0,0,"- ","- ",32.708969116210938,-115.09101867675781,IMPERIAL,UNINCORPORATED,-115.09105682373047,32.709049224853516
94671843,2025,2025-05-01,9625,2025-04-22,"20  ",020996,,2,3,9,1300,0,1,3,,1,021,SR-111,"JACOBSON ROAD",594.00,N,N,A,-,Y,IMP,,111," "," ",29.005,H,,R,Y,2,0,1,1,A,-,03,22350,,N,E,I,A,A,H,-,D,D,0,,,,,Y,,A,01,1,0,0,0,0,0,0,0,0,"- ","- ",33.078300476074219,-115.52594757080078,IMPERIAL,UNINCORPORATED,-115.52587890625,33.078281402587891
94680537,2025,2025-05-08,9625,2025-03-04,1105,018279,,2,1,9,1300,0,1,3,,1,012,"STATE ROUTE 86 (N/B)","BRAWLEY AVENUE",0.00,,Y,A,-,Y,IMP,,86," "," ",63.628,H,,R,Y,1,1,2,2,A,-,09,21802,A,N,D,C,A,A,H,-,A,A,0,,,,,Y,,A,07,0,1,1,0,0,0,0,0,0,"- ","- ",33.3743896484375,-116.02565002441406,IMPERIAL,UNINCORPORATED,-116.02561187744141,33.374401092529297
94715247,2025,2025-06-05,9625,2025-05-24,"410 ",022114,,6,3,9,1300,0,1,3,,2,024,SR-115,SR-78,10.00,S,N,A,-,Y,IMP,,115," "," ",21.180,H,,R,Y,2,0,2,1,A,-,01,23152,A,F,E,I,A,A,H,-,C,A,0,,,,,Y,Y,A,01,1,1,0,0,0,0,0,0,0,"- ","- ",32.974498748779297,-115.44877624511719,IMPERIAL,UNINCORPORATED,-115.44877624511719,32.974597930908203
94729534,2025,2025-06-17,9625,2025-06-04,"513 ",018978,,3,3,9,1300,0,2,4,,2,047,"FORRESTER ROAD",THOMPSON,102.00,S,N,A,-,Y,,,,,,,,,,Y,2,0,1,1,A,-,01,23152,A,N,F,A,A,A,H,-,B,D,0,,,,,Y,Y,D,22,1,0,0,0,0,0,0,0,0,"- ","- ",32.878608703613281,-115.62135314941406,IMPERIAL,UNINCORPORATED,-115.62130737304688,32.878780364990234
94731145,2025,2025-06-18,9625,2025-05-12,"920 ",018617,,1,1,9,1300,0,2,4,,2,047,"FORRESTER ROAD","KEYSTONE ROAD",2886.00,N,N,A,-,N,,,,,,,,,,Y,1,1,2,3,A,-,08,22107,,N,A,C,A,A,H,-,A,D,0,,,,,Y,,A,01,2,0,0,0,0,0,0,0,0,"- ","- ",32.921680450439453,-115.62110900878906,IMPERIAL,UNINCORPORATED,-115.62113952636719,32.921600341796875
94732562,2025,2025-06-19,9625,2025-06-06,"405 ",022010,,5,3,2,1306,0,1,3,,1,044,"STATE ROUTE 86 S/B","KEYSTONE ROAD",7920.00,S,N,A,-,Y,IMP,,86," "," ",14.000,H,,L,Y,2,0,2,2,A,-,01,23152,A,N,C,C,A,A,H,-,D,D,0,,,,,Y,Y,A,07,1,0,1,0,0,0,0,0,0,"- ","- ",32.893589019775391,-115.57025909423828,IMPERIAL,IMPERIAL,-115.57024383544922,32.893589019775391
94741355,2025,2025-06-26,9625,2025-06-19,1217,018773,,4,1,9,1300,0,1,1,,2,006,"I-8 WESTBOUND","BOWKER ROAD",200.00,E,N,A,-,Y,IMP,,8," ",R,42.779,H,,L,Y,2,0,2,2,A,-,01,23152,F,N,B,C,A,A,H,-,A,D,0,,,,,Y,,A,01,1,0,1,0,0,0,0,0,0,"- ","- ",32.773689270019531,-115.4697265625,IMPERIAL,UNINCORPORATED,-115.4697265625,32.773735046386719
94744215,2025,2025-06-30,9625,2025-06-19,"336 ",022988,,4,3,9,1300,0,3,5,,2,040,"LARSEN ROAD",SR-86,5280.00,E,N,A,-,N,,,,,,,,,,Y,2,0,1,1,A,-,01,23152,A,N,E,I,A,A,H,-,D,D,0,,,Y,,Y,Y,C,02,1,0,0,0,0,0,0,0,1,"- ","- ",32.876369476318359,-115.56114196777344,IMPERIAL,UNINCORPORATED,-115.56121826171875,32.876419067382812
94755535,2025,2025-07-09,9625,2025-06-25,"510 ",020996,,3,3,9,1300,0,1,1,,2,003,"INTEERSTATE 8 (E/B)","IMPERIAL HIGHWAY",1690.00,E,N,A,-,Y,IMP,,8," ",R,12.251,H,,R,Y,2,0,1,1,A,-,01,23152,A,N,E,I,A,A,H,-,D,D,0,,,,,Y,Y,A,01,1,0,0,0,0,0,0,0,0,"- ","- ",32.73529052734375,-115.98883819580078,IMPERIAL,UNINCORPORATED,-115.98884582519531,32.735313415527344
9504008,2021,2022-09-30,1304,2021-12-05,0207,358,,7,5,4,1304,0,0,0,,0,EAST,"DOGWOOD RD","MCCABE RD",1457.00,N,N,A,-,N,,,,,,,,,,N,1,1,1,2,A,-,11,21954,A,N,-,B,E,A,H,-,D,A,0,Y,,,,Y,Y,N,60,0,1,0,1,0,0,0,0,0,"- ","- ",,,IMPERIAL,"EL CENTRO",-115.53482818603516,32.75634765625
9520865,2023,2023-09-13,1304,2023-05-17,1038,358,,3,5,4,1304,0,0,0,,0,WEST,"LA BRUCHERIE",NUFFER,1584.00,S,N,A,-,N,,,,,,,,,,Y,1,1,0,1,A,-,05,21650,,N,F,I,A,A,H,-,A,D,0,,,,,Y,,A,01,0,0,0,0,0,0,0,0,0,"- ","- ",,,IMPERIAL,"EL CENTRO",-115.57798767089844,32.762580871582031
9534122,2022,2023-02-13,1301,2022-12-31,0527,914,BRAWL,6,5,3,1301,0,0,0,,0,001,"OLD HWY 111","RIVER DR",1315.00,N,N,E,-,N,,,,,,,,,,Y,2,0,2,2,A,-,01,23152,A,N,D,C,A,A,H,-,D,D,0,,,,,Y,Y,A,01,1,0,1,0,0,0,0,0,0,"- ","- ",,,IMPERIAL,BRAWLEY,,
9534221,2023,2023-02-22,1301,2023-01-16,"852 ",9A10,BRAWL,1,5,3,1301,0,0,0,,0,002,"WESTERN AV","ALLEN ST",110.00,N,N,A,-,N,,,,,,,,,,N,2,0,1,2,A,-,21,22106,,N,G,B,E,A,H,-,A,A,0,Y,,,,Y,,A,01,1,0,0,0,1,0,0,0,0,"- ","- ",,,IMPERIAL,BRAWLEY,-115.54364013671875,32.972377777099609
9535396,2023,2023-02-16,1301,2023-01-09,1031,9A11,BRAWL,1,5,3,1301,0,0,0,,0,004,MAIN,"CESAR CHAVEZ",0.00,,N,A,-,N,,,,,,,,,,Y,2,0,2,2,A,-,08,22107,,N,B,E,A,A,H,-,A,A,0,,,,,Y,,D,22,1,1,0,0,0,0,0,0,0,"- ","- ",32.584300994873047,-115.31289672851562,IMPERIAL,BRAWLEY,-115.52639770507812,32.978626251220703
9546236,2022,2023-02-17,1304,2022-11-16,1829,368,E1,3,5,4,1304,0,0,0,,0,WEST,IMPERIAL,EUCLID,0.00,,Y,A,-,Y,IMP,11,86,-,-,7.470,H,-,N,Y,2,0,1,2,A,-,11,21954,A,N,G,B,D,A,H,-,C,D,0,Y,,,,Y,Y,N,60,1,0,0,0,1,0,0,0,0,"- ","- ",,,IMPERIAL,"EL CENTRO",-115.56987762451172,32.798957824707031
9569271,2023,2023-07-11,1304,2023-04-14,2142,349,1E,5,5,4,1304,0,0,0,,0,EAST,"E EVAN HEWES HWY","E EVAN HEWES HWY 1200",0.00,,-,A,-,N,,,,,,,,,,N,2,0,1,2,A,-,10,21950,,N,B,B,E,A,H,-,D,D,0,Y,,,,Y,,N,60,1,0,0,0,1,0,0,0,0,"- ","- ",32.79541015625,-115.51882171630859,IMPERIAL,"EL CENTRO",-115.51844024658203,32.795459747314453
9584377,2023,2023-05-16,1304,2023-02-15,"640 ",358,WEST,3,5,4,1304,0,0,0,,0,,12TH,CRUICKSHANK,437.00,N,N,B,-,N,,,,,,,,,,N,2,0,1,2,A,-,11,21954,A,F,G,B,E,A,H,-,C,D,0,Y,,,,Y,,N,60,1,0,0,0,1,0,0,0,0,"- ","- ",,,IMPERIAL,"EL CENTRO",-115.56564331054688,32.815944671630859
9588490,2023,2023-06-08,1304,2023-04-25,"827 ",391,EPTRL,2,5,4,1304,0,0,0,,0,WEST,VALLEYVIEW,CYPRESS,147.00,W,N,A,-,N,,,,,,,,,,Y,2,0,1,2,A,-,08,22107,,N,C,C,A,A,H,-,A,D,0,,,,,Y,,A,01,1,0,0,0,0,0,0,0,0,"- ","- ",,,IMPERIAL,"EL CENTRO",-115.56526184082031,32.759723663330078
9595334,2023,2023-07-18,1304,2023-05-26,1040,361,ELCE,5,5,4,1304,0,0,0,,0,EAST,6TH,HAMILTON,0.00,,Y,A,-,N,,,,,,,,,,Y,2,0,1,2,A,-,09,21802,A,N,D,C,A,A,H,-,A,A,0,,,Y,,Y,,C,02,1,0,0,0,0,0,0,0,1,"- ","- ",,,IMPERIAL,"EL CENTRO",-115.55690765380859,32.785831451416016
9602703,2023,2023-08-22,1304,2023-06-26,1538,391,EPTRL,1,5,4,1304,0,0,0,,0,EAST,6TH,MAIN,0.00,,Y,A,-,N,,,,,,,,,,N,2,0,1,2,A,-,09,21802,A,N,D,C,A,A,H,-,A,A,0,,,,,Y,,A,01,1,0,0,0,0,0,0,0,0,"- ","- ",,,IMPERIAL,"EL CENTRO",-115.55696105957031,32.792823791503906
9620413,2023,2023-10-12,1304,2023-09-22,1915,366,E1,5,5,4,1304,0,0,0,,0,WEST,"NORTH IMPERIAL AV","N IMPERIAL AV 100",0.00,,N,A,-,N,,,,,,,,,,Y,2,0,1,2,A,-,07,21658,A,N,B,C,A,A,H,-,C,A,0,,,Y,,Y,,C,02,1,0,0,0,0,0,0,0,1,"- ","- ",32.793560028076172,-115.56986236572266,IMPERIAL,"EL CENTRO",-115.56996154785156,32.799274444580078
9620419,2023,2023-10-12,1304,2023-09-10,1225,338,ELCE,7,5,4,1304,0,0,0,,0,WEST,"VINE ST","S WATERMAN AV",400.00,E,N,A,-,N,,,,,,,,,,N,2,0,1,2,A,-,17,22517,,N,G,E,A,A,H,-,A,D,0,,Y,,,Y,,-,,1,0,0,0,0,0,1,0,0,"- ","- ",32.784889221191406,-115.57534790039062,IMPERIAL,"EL CENTRO",-115.57272338867188,32.784900665283203
9620425,2023,2023-10-18,1304,2023-09-16,"50  ",366,E1,6,5,4,1304,0,0,0,,0,EAST,"MAIN ST","5TH ST",0.00,,Y,A,-,N,,,,,,,,,,Y,2,0,2,2,A,-,01,23153,A,N,D,C,A,A,H,-,C,D,0,,,,,Y,Y,A,01,1,1,0,0,0,0,0,0,0,"- ","- ",,,IMPERIAL,"EL CENTRO",-115.55471801757812,32.792831420898438
9632959,2023,2023-12-13,1304,2023-10-10,"835 ",363,EPTRL,2,5,4,1304,0,0,0,,0,WEST,IMPERIAL,BRADSHAW,0.00,,Y,A,-,N,,,,,,,,,,Y,2,0,1,2,A,-,09,21453,C,N,D,C,A,A,H,-,A,A,0,,,,,Y,,A,07,1,0,0,0,0,0,0,0,0,"- ","- ",32.811149597167969,-115.57002258300781,IMPERIAL,"EL CENTRO",-115.56999969482422,32.811092376708984
9640534,2023,2025-06-30,1304,2023-10-13,1929,358,,5,5,4,1304,0,0,0,,0,EAST,"4TH ST","STATE ST",89.00,S,N,A,-,Y,IMP,11,86,-,-,7.220,H,-,S,Y,1,2,1,3,A,-,03,22350,,N,G,B,D,A,H,-,C,D,0,Y,,,,Y,,A,01,0,1,0,2,0,0,0,0,0,"- ","- ",,,IMPERIAL,"EL CENTRO",-115.55252075195312,32.79156494140625
9650138,2023,2024-02-21,1304,2023-12-17,"359 ",358,,7,5,4,1304,0,0,0,,0,EAST,COMMERCIAL,6TH,0.00,,Y,A,-,N,,,,,,,,,,Y,2,0,2,4,A,-,03,22350,,F,H,E,A,A,H,-,C,D,0,,,,,Y,,A,01,1,1,0,0,0,0,0,0,0,"- ","- ",,,IMPERIAL,"EL CENTRO",-115.55694580078125,32.794883728027344
9650677,2023,2024-01-17,1304,2023-10-31,"623 ",368,E1,2,5,4,1304,0,0,0,,0,WEST,"NORTH IMPERIAL AV","BARBARA WORTH DR",0.00,,Y,A,-,N,,,,,,,,,,Y,2,0,1,2,A,-,10,21950,A,N,G,B,B,A,H,-,C,B,0,Y,,,,Y,Y,A,01,1,0,0,0,1,0,0,0,0,"- ","- ",,,IMPERIAL,"EL CENTRO",-115.5699462890625,32.794631958007812
9751378,2023,2025-07-23,1306,2023-12-27,1720,413,1306,3,5,2,1306,0,0,0,,0,PATROL,"RT 86","RALPH RD",706.00,S,N,A,-,Y,,,,,,,,,,Y,1,1,0,2,A,-,03,22350,,N,C,C,A,A,H,-,D,D,0,,,Y,,Y,Y,D,22,0,0,0,0,0,0,0,1,0,"- ","- ",,,IMPERIAL,IMPERIAL,-115.57029724121094,32.867229461669922